date,title,backup_link,filename,status
2025-09-12,Banana production,https://ourworldindata.org/grapher/banana-production.csv?v=1&csvType=full&useColumnShortNames=true,banana-production.csv,missing
2025-09-13,Electric car sales share,https://ourworldindata.org/grapher/electric-car-sales-share.csv?v=1&csvType=full&useColumnShortNames=true,electric-car-sales-share.csv,missing
2025-09-14,Share of women in parliament,https://ourworldindata.org/grapher/share-of-women-in-parliament.csv?v=1&csvType=full&useColumnShortNames=true,share-of-women-in-parliament.csv,missing
2025-09-15,Objects launched into space,https://ourworldindata.org/grapher/yearly-number-of-objects-launched-into-outer-space.csv?v=1&csvType=full&useColumnShortNames=true,yearly-number-of-objects-launched-into-outer-space.csv,missing
2025-09-16,Patent applications,https://ourworldindata.org/grapher/patent-applications-per-million.csv?v=1&csvType=full&useColumnShortNames=true,patent-applications-per-million.csv,missing
2025-09-17,Coffee bean production,https://ourworldindata.org/grapher/coffee-bean-production.csv?v=1&csvType=full&useColumnShortNames=true,coffee-bean-production.csv,downloaded
2025-09-18,Deaths in armed conflicts,https://ourworldindata.org/grapher/deaths-in-armed-conflicts-by-country.csv?v=1&csvType=full&useColumnShortNames=true,deaths-in-armed-conflicts-by-country.csv,missing
2025-09-19,Military spending as a share of GDP,https://ourworldindata.org/grapher/military-spending-as-a-share-of-gdp-sipri.csv?v=1&csvType=full&useColumnShortNames=true,military-spending-as-a-share-of-gdp-sipri.csv,missing
2025-09-20,Chicken meat production,https://ourworldindata.org/grapher/chicken-meat-production.csv?v=1&csvType=full&useColumnShortNames=true,chicken-meat-production.csv,missing
2025-09-21,Alcohol consumption,https://ourworldindata.org/grapher/total-alcohol-consumption-per-capita-litres-of-pure-alcohol.csv?v=1&csvType=full&useColumnShortNames=true,total-alcohol-consumption-per-capita-litres-of-pure-alcohol.csv,missing
2025-09-22,Share of electricity production from nuclear,https://ourworldindata.org/grapher/share-electricity-nuclear.csv?v=1&csvType=full&useColumnShortNames=true,share-electricity-nuclear.csv,downloaded
2025-09-23,Estimated nuclear warhead stockpiles,https://ourworldindata.org/grapher/nuclear-warhead-stockpiles-lines.csv?v=1&csvType=full&useColumnShortNames=true,nuclear-warhead-stockpiles-lines.csv,missing
2025-09-24,Fish and seafood consumption,https://ourworldindata.org/grapher/fish-and-seafood-consumption-per-capita.csv?v=1&csvType=full&useColumnShortNames=true,fish-and-seafood-consumption-per-capita.csv,missing
2025-09-25,GDP per capita,https://ourworldindata.org/grapher/gdp-per-capita-worldbank.csv?v=1&csvType=full&useColumnShortNames=true,gdp-per-capita-worldbank.csv,missing
2025-09-26,Tree cover loss from wildfires,https://ourworldindata.org/grapher/tree-cover-loss-from-wildfires.csv?v=1&csvType=full&useColumnShortNames=true,tree-cover-loss-from-wildfires.csv,missing
2025-09-27,Academic papers published,https://ourworldindata.org/grapher/scientific-publications-per-million.csv?v=1&csvType=full&useColumnShortNames=true,scientific-publications-per-million.csv,missing
2025-09-28,Share of the population with access to electricity,https://ourworldindata.org/grapher/share-of-the-population-with-access-to-electricity.csv?v=1&csvType=full&useColumnShortNames=true,share-of-the-population-with-access-to-electricity.csv,missing
2025-09-29,Deaths from drug use,https://ourworldindata.org/grapher/death-rates-from-drug-use-disorders-who.csv?v=1&csvType=full&useColumnShortNames=true,death-rates-from-drug-use-disorders-who.csv,missing
2025-09-30,Hospital beds,https://ourworldindata.org/grapher/hospital-beds-per-1000-people.csv?v=1&csvType=full&useColumnShortNames=true,hospital-beds-per-1000-people.csv,missing
2025-10-01,Deaths from homicide,https://ourworldindata.org/grapher/homicide-rate-unodc.csv?v=1&csvType=full&useColumnShortNames=true,homicide-rate-unodc.csv,missing
2025-10-02,Wine production,https://ourworldindata.org/grapher/wine-production.csv?v=1&csvType=full&useColumnShortNames=true,wine-production.csv,missing
2025-10-03,Per capita greenhouse gas emissions,https://ourworldindata.org/grapher/per-capita-ghg-emissions.csv?v=1&csvType=full&useColumnShortNames=true,per-capita-ghg-emissions.csv,missing
2025-10-04,Life expectancy,https://ourworldindata.org/grapher/life-expectancy-at-birth-who-gho.csv?v=1&csvType=full&useColumnShortNames=true,life-expectancy-at-birth-who-gho.csv,missing
2025-10-05,Proportion of labor force who are women,https://ourworldindata.org/grapher/proportion-of-labor-force-who-are-women.csv?v=1&csvType=full&useColumnShortNames=true,proportion-of-labor-force-who-are-women.csv,missing
2025-10-06,Population,https://ourworldindata.org/grapher/population-unwpp.csv?v=1&csvType=full&useColumnShortNames=true,population-unwpp.csv,missing
2025-10-07,Oil production,https://ourworldindata.org/grapher/oil-production-by-country.csv?v=1&csvType=full&useColumnShortNames=true,oil-production-by-country.csv,missing
2025-10-08,Number of cattle,https://ourworldindata.org/grapher/cattle-livestock-count-heads.csv?v=1&csvType=full&useColumnShortNames=true,cattle-livestock-count-heads.csv,missing
2025-10-09,Electric car sales share,https://ourworldindata.org/grapher/electric-car-sales-share.csv?v=1&csvType=full&useColumnShortNames=true,electric-car-sales-share.csv,missing
2025-10-10,Public social spending as share of GDP,https://ourworldindata.org/grapher/social-spending-oecd-longrun.csv?v=1&csvType=full&useColumnShortNames=true,social-spending-oecd-longrun.csv,missing
2025-10-11,Share of the population that is undernourished,https://ourworldindata.org/grapher/prevalence-of-undernourishment.csv?v=1&csvType=full&useColumnShortNames=true,prevalence-of-undernourishment.csv,missing
2025-10-12,Rice production,https://ourworldindata.org/grapher/rice-production.csv?v=1&csvType=full&useColumnShortNames=true,rice-production.csv,missing
2025-10-13,Deaths in armed conflicts,https://ourworldindata.org/grapher/deaths-in-armed-conflicts-by-country.csv?v=1&csvType=full&useColumnShortNames=true,deaths-in-armed-conflicts-by-country.csv,missing
2025-10-14,Share of electricity production from coal,https://ourworldindata.org/grapher/share-electricity-coal.csv?v=1&csvType=full&useColumnShortNames=true,share-electricity-coal.csv,missing
2025-10-15,Wine consumption per person,https://ourworldindata.org/grapher/wine-consumption-per-capita.csv?v=1&csvType=full&useColumnShortNames=true,wine-consumption-per-capita.csv,missing
2025-10-16,International tourist expenditure abroad,https://ourworldindata.org/grapher/average-expenditures-of-tourists-abroad.csv?v=1&csvType=full&useColumnShortNames=true,average-expenditures-of-tourists-abroad.csv,missing
2025-10-17,Gas production,https://ourworldindata.org/grapher/gas-production-by-country.csv?v=1&csvType=full&useColumnShortNames=true,gas-production-by-country.csv,missing
2025-10-18,Number of Research & Development researchers,https://ourworldindata.org/grapher/researchers-in-rd-per-million-people.csv?v=1&csvType=full&useColumnShortNames=true,researchers-in-rd-per-million-people.csv,missing
2025-10-19,Military spending as a share of GDP,https://ourworldindata.org/grapher/military-spending-as-a-share-of-gdp-sipri.csv?v=1&csvType=full&useColumnShortNames=true,military-spending-as-a-share-of-gdp-sipri.csv,missing
2025-10-20,Share of contribution to global warming,https://ourworldindata.org/grapher/contributions-global-temp-change.csv?v=1&csvType=full&useColumnShortNames=true,contributions-global-temp-change.csv,missing
2025-10-21,Human Development Index,https://ourworldindata.org/grapher/human-development-index.csv?v=1&csvType=full&useColumnShortNames=true,human-development-index.csv,missing
2025-10-22,Spirits consumption per person,https://ourworldindata.org/grapher/spirits-consumption-per-person.csv?v=1&csvType=full&useColumnShortNames=true,spirits-consumption-per-person.csv,missing
2025-10-23,Share of the population that is female,https://ourworldindata.org/grapher/share-population-female.csv?v=1&csvType=full&useColumnShortNames=true,share-population-female.csv,missing
2025-10-24,Private health spending per person,https://ourworldindata.org/grapher/private-health-expenditure-per-person.csv?v=1&csvType=full&useColumnShortNames=true,private-health-expenditure-per-person.csv,missing
2025-10-25,Average years of schooling,https://raw.githubusercontent.com/a-jiwa/chartle-data/refs/heads/main/data/years-of-schooling.csv,years-of-schooling.csv,downloaded
2025-10-26,Soybean production,https://ourworldindata.org/grapher/soybean-production.csv?v=1&csvType=full&useColumnShortNames=true,soybean-production.csv,missing
2025-10-27,Nuclear power generation,https://ourworldindata.org/grapher/nuclear-energy-generation.csv?v=1&csvType=full&useColumnShortNames=true,nuclear-energy-generation.csv,missing
2025-10-28,Self-reported life satisfaction,https://ourworldindata.org/grapher/happiness-cantril-ladder.csv?v=1&csvType=full&useColumnShortNames=true,happiness-cantril-ladder.csv,missing
2025-10-29,Armed forces personnel as a share of total population,https://ourworldindata.org/grapher/armed-forces-personnel-percent.csv?v=1&csvType=full&useColumnShortNames=true,armed-forces-personnel-percent.csv,missing
2025-10-30,Death rate from malaria,https://ourworldindata.org/grapher/death-rate-from-malaria-ghe.csv?v=1&csvType=full&useColumnShortNames=true,death-rate-from-malaria-ghe.csv,missing
2025-10-31,Pumpkin production 🎃,https://raw.githubusercontent.com/a-jiwa/chartle-data/refs/heads/main/data/Pumpkin_production_FAO.csv,Pumpkin_production_FAO.csv,downloaded
2025-11-01,Orange production,https://ourworldindata.org/grapher/orange-production.csv?v=1&csvType=full&useColumnShortNames=true,orange-production.csv,missing
2025-11-02,HIV/AIDS deaths,https://ourworldindata.org/grapher/deaths-from-aids-un.csv?v=1&csvType=full&useColumnShortNames=true,deaths-from-aids-un.csv,missing
2025-11-03,Share of adults who are overweight or obese,https://ourworldindata.org/grapher/share-of-adults-who-are-overweight.csv?v=1&csvType=full&useColumnShortNames=true,share-of-adults-who-are-overweight.csv,missing
2025-11-04,Deaths from drug use,https://ourworldindata.org/grapher/death-rates-from-drug-use-disorders-who.csv?v=1&csvType=full&useColumnShortNames=true,death-rates-from-drug-use-disorders-who.csv,missing
2025-11-05,Coffee bean production,https://ourworldindata.org/grapher/coffee-bean-production.csv?v=1&csvType=full&useColumnShortNames=true,coffee-bean-production.csv,downloaded
2025-11-06,Military spending per armed forces personnel,https://ourworldindata.org/grapher/military-spending-per-armed-forces-personnel.csv?v=1&csvType=full&useColumnShortNames=true,military-spending-per-armed-forces-personnel.csv,missing
2025-11-07,Share of people practicing open defecation,https://ourworldindata.org/grapher/people-practicing-open-defecation-of-population.csv?v=1&csvType=full&useColumnShortNames=true,people-practicing-open-defecation-of-population.csv,missing
2025-11-08,Share of arable land which is organic,https://ourworldindata.org/grapher/share-of-arable-land-which-is-organic.csv?v=1&csvType=full&useColumnShortNames=true,share-of-arable-land-which-is-organic.csv,missing
2025-11-09,Death rate from road injuries,https://ourworldindata.org/grapher/death-rate-from-road-accidents-ghe.csv?v=1&csvType=full&useColumnShortNames=true,death-rate-from-road-accidents-ghe.csv,missing
2025-11-10,Share of women in parliament,https://ourworldindata.org/grapher/share-of-women-in-parliament.csv?v=1&csvType=full&useColumnShortNames=true,share-of-women-in-parliament.csv,missing
2025-11-11,Cumulative number of objects launched into space,https://ourworldindata.org/grapher/cumulative-number-of-objects-launched-into-outer-space.csv?v=1&csvType=full&useColumnShortNames=true,cumulative-number-of-objects-launched-into-outer-space.csv,missing
2025-11-12,Rice production,https://ourworldindata.org/grapher/rice-production.csv?v=1&csvType=full&useColumnShortNames=true,rice-production.csv,missing
2025-11-13,Cumulative refugee population by country of asylum,https://ourworldindata.org/grapher/refugee-population-by-country-or-territory-of-asylum.csv?v=1&csvType=full&useColumnShortNames=true,refugee-population-by-country-or-territory-of-asylum.csv,missing
2025-11-14,Per capita CO₂ emissions from cement,https://ourworldindata.org/grapher/per-capita-co2-cement.csv?v=1&csvType=full&useColumnShortNames=true,per-capita-co2-cement.csv,missing
2025-11-15,Population,https://ourworldindata.org/grapher/population-unwpp.csv?v=1&csvType=full&useColumnShortNames=true,population-unwpp.csv,missing
2025-11-16,Wealth share of the richest 1%,https://ourworldindata.org/grapher/wealth-share-richest-1-percent.csv?v=1&csvType=full&useColumnShortNames=true,wealth-share-richest-1-percent.csv,missing
2025-11-17,Share of cars currently in use that are electric,https://ourworldindata.org/grapher/share-car-stocks-electric.csv?v=1&csvType=full&useColumnShortNames=true,share-car-stocks-electric.csv,missing
2025-11-18,Research & Development spending as a share of GDP,https://raw.githubusercontent.com/a-jiwa/chartle-data/refs/heads/main/data/research-spending-gdp.csv,research-spending-gdp.csv,downloaded
2025-11-19,Number of cattle,https://ourworldindata.org/grapher/cattle-livestock-count-heads.csv?v=1&csvType=full&useColumnShortNames=true,cattle-livestock-count-heads.csv,missing
2025-11-20,Deaths in armed conflicts,https://ourworldindata.org/grapher/deaths-in-armed-conflicts-by-country.csv?v=1&csvType=full&useColumnShortNames=true,deaths-in-armed-conflicts-by-country.csv,missing
2025-11-21,Coal production per capita,https://ourworldindata.org/grapher/coal-production-per-capita-over-the-long-term.csv?v=1&csvType=full&useColumnShortNames=true,coal-production-per-capita-over-the-long-term.csv,missing
2025-11-22,Wine consumption per person,https://ourworldindata.org/grapher/wine-consumption-per-capita.csv?v=1&csvType=full&useColumnShortNames=true,wine-consumption-per-capita.csv,missing
2025-11-23,Fish and seafood consumption,https://ourworldindata.org/grapher/fish-and-seafood-consumption-per-capita.csv?v=1&csvType=full&useColumnShortNames=true,fish-and-seafood-consumption-per-capita.csv,missing
2025-11-24,Armed forces personnel,https://ourworldindata.org/grapher/armed-forces-personnel.csv?v=1&csvType=full&useColumnShortNames=true,armed-forces-personnel.csv,missing
2025-11-25,Patent applications,https://ourworldindata.org/grapher/patent-applications-per-million.csv?v=1&csvType=full&useColumnShortNames=true,patent-applications-per-million.csv,missing
2025-11-26,Oil production,https://ourworldindata.org/grapher/oil-production-by-country.csv?v=1&csvType=full&useColumnShortNames=true,oil-production-by-country.csv,missing
2025-11-27,Turkey meat production 🦃,https://raw.githubusercontent.com/a-jiwa/chartle-data/refs/heads/main/data/Turkey_production_FAOstat.csv,Turkey_production_FAOstat.csv,downloaded
2025-11-28,Number of women who die from maternal conditions,https://ourworldindata.org/grapher/number-of-maternal-deaths.csv?v=1&csvType=full&useColumnShortNames=true,number-of-maternal-deaths.csv,missing
2025-11-29,Sunflower seed production,https://ourworldindata.org/grapher/sunflower-seed-production.csv?v=1&csvType=full&useColumnShortNames=true,sunflower-seed-production.csv,missing
2025-11-30,Deaths from homicide,https://ourworldindata.org/grapher/homicide-rate-unodc.csv?v=1&csvType=full&useColumnShortNames=true,homicide-rate-unodc.csv,missing
2025-12-01,Coffee bean production,https://ourworldindata.org/grapher/coffee-bean-production.csv?v=1&csvType=full&useColumnShortNames=true,coffee-bean-production.csv,downloaded
2025-12-02,Spirits consumption per person,https://ourworldindata.org/grapher/spirits-consumption-per-person.csv?v=1&csvType=full&useColumnShortNames=true,spirits-consumption-per-person.csv,missing
2025-12-03,Methane emissions,https://raw.githubusercontent.com/a-jiwa/chartle-data/refs/heads/main/data/methane-emissions-from-all-sectors.csv,methane-emissions-from-all-sectors.csv,downloaded
2025-12-04,Imports of tomatoes,https://raw.githubusercontent.com/a-jiwa/chartle-data/refs/heads/main/data/imports-of-tomatoes.csv,imports-of-tomatoes.csv,downloaded
2025-12-05,Number of live sheep per person,https://raw.githubusercontent.com/a-jiwa/chartle-data/refs/heads/main/data/live-sheep-per-person.csv,live-sheep-per-person.csv,downloaded
2025-12-06,Share of electricity production from nuclear,https://ourworldindata.org/grapher/share-electricity-nuclear.csv?v=1&csvType=full&useColumnShortNames=true,share-electricity-nuclear.csv,downloaded
2025-12-07,Rye production,https://raw.githubusercontent.com/a-jiwa/chartle-data/refs/heads/main/data/rye-production.csv,rye-production.csv,downloaded
2025-12-08,Fertility rate: births per woman,https://ourworldindata.org/grapher/children-per-woman-un.csv?v=1&csvType=full&useColumnShortNames=true,children-per-woman-un.csv,missing
2025-12-09,Raspberry production,https://raw.githubusercontent.com/a-jiwa/chartle-data/refs/heads/main/data/production-of-raspberries.csv,production-of-raspberries.csv,downloaded
2025-12-10,Hospital beds,https://ourworldindata.org/grapher/hospital-beds-per-1000-people.csv?v=1&csvType=full&useColumnShortNames=true,hospital-beds-per-1000-people.csv,missing
2025-12-11,Copper production,https://ourworldindata.org/explorers/minerals.csv?v=1&csvType=full&useColumnShortNames=true&Mineral=Copper&Metric=Production&Type=Mine&Share+of+global=false,minerals.csv,missing
2025-12-12,Palm oil production,https://raw.githubusercontent.com/a-jiwa/chartle-data/refs/heads/main/data/palm-oil-production.csv,palm-oil-production.csv,downloaded
2025-12-13,Per capita electricity generation,https://ourworldindata.org/explorers/energy.csv?v=1&csvType=full&useColumnShortNames=true&Total+or+Breakdown=Total&Energy+or+Electricity=Electricity+only&Metric=Per+capita+generation,energy.csv,missing
2025-12-14,Sugar cane production,https://ourworldindata.org/grapher/sugar-cane-production.csv?v=1&csvType=full&useColumnShortNames=true,sugar-cane-production.csv,missing
2025-12-15,Deaths in armed conflicts,https://ourworldindata.org/grapher/deaths-in-armed-conflicts-by-country.csv?v=1&csvType=full&useColumnShortNames=true,deaths-in-armed-conflicts-by-country.csv,missing
2025-12-16,Pepper production,https://raw.githubusercontent.com/a-jiwa/chartle-data/refs/heads/main/data/production-of-pepper.csv,production-of-pepper.csv,downloaded
2025-12-17,Known crude oil reserves,https://raw.githubusercontent.com/a-jiwa/chartle-data/refs/heads/main/data/crude-oil-reserves.csv,crude-oil-reserves.csv,downloaded
2025-12-18,Suicide rate,https://ourworldindata.org/grapher/death-rate-from-suicides-ghe.csv?v=1&csvType=full&useColumnShortNames=true,death-rate-from-suicides-ghe.csv,missing
2025-12-19,Military spending per armed forces personnel,https://ourworldindata.org/grapher/military-spending-per-armed-forces-personnel.csv?v=1&csvType=full&useColumnShortNames=true,military-spending-per-armed-forces-personnel.csv,missing
2025-12-20,Pineapple production,https://raw.githubusercontent.com/a-jiwa/chartle-data/refs/heads/main/data/production-of-pineapples.csv,production-of-pineapples.csv,downloaded
2025-12-21,Share of children who are overweight or obese,https://ourworldindata.org/grapher/children-who-are-overweight-sdgs.csv?v=1&csvType=full&useColumnShortNames=true,children-who-are-overweight-sdgs.csv,missing
2025-12-22,Olive oil production,https://raw.githubusercontent.com/a-jiwa/chartle-data/refs/heads/main/data/olive-oil-production.csv,olive-oil-production.csv,downloaded
2025-12-23,Average years of schooling,https://raw.githubusercontent.com/a-jiwa/chartle-data/refs/heads/main/data/years-of-schooling.csv,years-of-schooling.csv,downloaded
2025-12-24,Population,https://ourworldindata.org/grapher/population-unwpp.csv?v=1&csvType=full&useColumnShortNames=true,population-unwpp.csv,missing
2025-12-25,Number of live pigs per person,https://ourworldindata.org/explorers/animal-welfare.csv?v=1&csvType=full&useColumnShortNames=true&Metric=Live+animals&Animal=Pigs&Per+capita=true,animal-welfare.csv,missing
2025-12-26,Exports of lemons and limes,https://raw.githubusercontent.com/a-jiwa/chartle-data/refs/heads/main/data/exports-of-lemons-and-limes.csv,exports-of-lemons-and-limes.csv,downloaded
2025-12-27,Gold production,https://ourworldindata.org/explorers/minerals.csv?v=1&csvType=full&useColumnShortNames=true&Mineral=Gold&Metric=Production&Type=Mine%2C+industrial&Share+of+global=false,minerals.csv,missing
2025-12-28,Electric car sales share,https://ourworldindata.org/grapher/electric-car-sales-share.csv?v=1&csvType=full&useColumnShortNames=true,electric-car-sales-share.csv,missing
2025-12-29,Corn production,https://raw.githubusercontent.com/a-jiwa/chartle-data/refs/heads/main/data/maize-production_1.csv,maize-production_1.csv,downloaded
2025-12-30,Deaths from drug use,https://ourworldindata.org/grapher/death-rates-from-drug-use-disorders-who.csv?v=1&csvType=full&useColumnShortNames=true,death-rates-from-drug-use-disorders-who.csv,missing
2025-12-31,Hazelnut production,https://raw.githubusercontent.com/a-jiwa/chartle-data/refs/heads/main/data/production-of-hazelnuts.csv,production-of-hazelnuts.csv,downloaded
2026-01-01,Uranium production,https://ourworldindata.org/explorers/minerals.csv?v=1&csvType=full&useColumnShortNames=true&Mineral=Uranium&Metric=Production&Type=Mine%2C+ilmenite&Share+of+global=false,minerals.csv,missing
2026-01-02,Cumulative refugee population by country of asylum,https://ourworldindata.org/grapher/refugee-population-by-country-or-territory-of-asylum.csv?v=1&csvType=full&useColumnShortNames=true,refugee-population-by-country-or-territory-of-asylum.csv,missing
2026-01-03,Date production,https://raw.githubusercontent.com/a-jiwa/chartle-data/refs/heads/main/data/production-of-dates.csv,production-of-dates.csv,downloaded
2026-01-04,Oil production,https://ourworldindata.org/grapher/oil-production-by-country.csv?v=1&csvType=full&useColumnShortNames=true,oil-production-by-country.csv,missing
2026-01-05,Number of live horses per person,https://ourworldindata.org/explorers/animal-welfare.csv?v=1&csvType=full&useColumnShortNames=true&Metric=Live+animals&Animal=Horses&Per+capita=true,animal-welfare.csv,missing
2026-01-06,Coconut production,https://raw.githubusercontent.com/a-jiwa/chartle-data/refs/heads/main/data/production-of-coconuts.csv,production-of-coconuts.csv,downloaded
2026-01-07,Gas production per capita,https://ourworldindata.org/grapher/gas-prod-per-capita.csv?v=1&csvType=full&useColumnShortNames=true,gas-prod-per-capita.csv,missing
2026-01-08,Cherry production,https://raw.githubusercontent.com/a-jiwa/chartle-data/refs/heads/main/data/production-of-cherries.csv,production-of-cherries.csv,downloaded
2026-01-09,Beer consumption per person,https://ourworldindata.org/grapher/beer-consumption-per-person.csv?v=1&csvType=full&useColumnShortNames=true,beer-consumption-per-person.csv,missing
2026-01-10,Proportion of labor force who are women,https://ourworldindata.org/grapher/proportion-of-labor-force-who-are-women.csv?v=1&csvType=full&useColumnShortNames=true,proportion-of-labor-force-who-are-women.csv,missing
2026-01-11,Artichoke production,https://raw.githubusercontent.com/a-jiwa/chartle-data/refs/heads/main/data/production-of-artichokes.csv,production-of-artichokes.csv,downloaded
2026-01-12,Fertility rate: births per woman,https://ourworldindata.org/grapher/children-per-woman-un.csv?v=1&csvType=full&useColumnShortNames=true,children-per-woman-un.csv,missing
2026-01-13,Exports of banana,https://raw.githubusercontent.com/a-jiwa/chartle-data/refs/heads/main/data/exports-of-bananas.csv,exports-of-bananas.csv,downloaded
2026-01-14,Share of electricity production from nuclear,https://ourworldindata.org/grapher/share-electricity-nuclear.csv?v=1&csvType=full&useColumnShortNames=true,share-electricity-nuclear.csv,downloaded
2026-01-15,Armed forces personnel,https://ourworldindata.org/grapher/armed-forces-personnel.csv?v=1&csvType=full&useColumnShortNames=true,armed-forces-personnel.csv,missing
2026-01-16,Oil production,https://ourworldindata.org/grapher/oil-production-by-country.csv?v=1&csvType=full&useColumnShortNames=true,oil-production-by-country.csv,missing
2026-01-17,Share of contribution to global warming,https://ourworldindata.org/grapher/contributions-global-temp-change.csv?v=1&csvType=full&useColumnShortNames=true,contributions-global-temp-change.csv,missing
2026-01-18,Deaths in armed conflicts,https://ourworldindata.org/grapher/deaths-in-armed-conflicts-by-country.csv?v=1&csvType=full&useColumnShortNames=true,deaths-in-armed-conflicts-by-country.csv,missing
2026-01-19,Mango production,https://raw.githubusercontent.com/a-jiwa/chartle-data/refs/heads/main/data/production-of-mangoes.csv,production-of-mangoes.csv,downloaded
2026-01-20,Number of live camels,https://ourworldindata.org/explorers/animal-welfare.csv?v=1&csvType=full&useColumnShortNames=true&Metric=Live+animals&Animal=Camels&Per+capita=false,animal-welfare.csv,missing
2026-01-21,Silver production,https://ourworldindata.org/explorers/minerals.csv?v=1&csvType=full&useColumnShortNames=true&Mineral=Silver&Metric=Production&Type=Mine%2C+industrial&Share+of+global=false,minerals.csv,missing
2026-01-22,Share of electricity production from wind,https://ourworldindata.org/grapher/share-electricity-wind.csv?v=1&csvType=full&useColumnShortNames=true,share-electricity-wind.csv,missing
2026-01-23,Exports of apples,https://raw.githubusercontent.com/a-jiwa/chartle-data/refs/heads/main/data/exports-of-apples.csv,exports-of-apples.csv,downloaded
2026-01-24,Biofuel energy production,https://ourworldindata.org/grapher/biofuel-production.csv?v=1&csvType=full&useColumnShortNames=true,biofuel-production.csv,missing
2026-01-25,Plantain production,https://ourworldindata.org/explorers/global-food.csv?v=1&csvType=full&useColumnShortNames=true&Food=Plantains&Metric=Production&Per+capita=false,global-food.csv,missing
2026-01-26,Bauxite production,https://ourworldindata.org/explorers/minerals.csv?v=1&csvType=full&useColumnShortNames=true&Mineral=Bauxite&Metric=Production&Type=Mine&Share+of+global=false,minerals.csv,missing
2026-01-27,Apricot production,https://raw.githubusercontent.com/a-jiwa/chartle-data/refs/heads/main/data/production-of-apricots.csv,production-of-apricots.csv,downloaded
2026-01-28,Rice production,https://ourworldindata.org/grapher/rice-production.csv?v=1&csvType=full&useColumnShortNames=true,rice-production.csv,missing
2026-01-29,Death rate from poisoning,https://ourworldindata.org/grapher/death-rate-from-poisoning-ghe.csv?v=1&csvType=full&useColumnShortNames=true,death-rate-from-poisoning-ghe.csv,missing
2026-01-30,Cumulative refugee population by country of origin,https://ourworldindata.org/grapher/refugee-population-by-country-or-territory-of-origin.csv?v=1&csvType=full&useColumnShortNames=true,refugee-population-by-country-or-territory-of-origin.csv,missing
2026-01-31,Number of cattle,https://ourworldindata.org/grapher/cattle-livestock-count-heads.csv?v=1&csvType=full&useColumnShortNames=true,cattle-livestock-count-heads.csv,missing
2026-02-01,Nitrogen fertilizer use per hectare of cropland,https://ourworldindata.org/explorers/fertilizers.csv?v=1&csvType=full&useColumnShortNames=true&Input=Synthetic+fertilizer&Nutrient=Nitrogen&Metric=Applied+%28per+hectare%29&Share+of+world+total=false,fertilizers.csv,missing
2026-02-02,Wine production,https://ourworldindata.org/grapher/wine-production.csv?v=1&csvType=full&useColumnShortNames=true,wine-production.csv,missing
2026-02-03,Nitrogen oxides emissions,https://ourworldindata.org/explorers/air-pollution.csv?v=1&csvType=full&useColumnShortNames=true&Pollutant=Nitrogen+oxides&Sector=All+sectors+%28total%29&Per+capita=false,air-pollution.csv,missing
2026-02-04,Chicken meat production,https://ourworldindata.org/grapher/chicken-meat-production.csv?v=1&csvType=full&useColumnShortNames=true,chicken-meat-production.csv,missing
2026-02-05,Cumulative refugee population by country of asylum,https://ourworldindata.org/grapher/refugee-population-by-country-or-territory-of-asylum.csv?v=1&csvType=full&useColumnShortNames=true,refugee-population-by-country-or-territory-of-asylum.csv,missing
2026-02-06,Exports of milk,https://raw.githubusercontent.com/a-jiwa/chartle-data/refs/heads/main/data/exports-of-milk.csv,exports-of-milk.csv,downloaded
2026-02-07,Armed forces personnel as a share of total population,https://ourworldindata.org/grapher/armed-forces-personnel-percent.csv?v=1&csvType=full&useColumnShortNames=true,armed-forces-personnel-percent.csv,missing
2026-02-08,Cobalt production,https://raw.githubusercontent.com/a-jiwa/chartle-data/refs/heads/main/data/cobalt.csv,cobalt.csv,downloaded
2026-02-09,Almond production,https://raw.githubusercontent.com/a-jiwa/chartle-data/refs/heads/main/data/production-of-almonds.csv,production-of-almonds.csv,downloaded
2026-02-10,Share of women in ministerial positions,https://ourworldindata.org/grapher/share-of-women-in-ministerial-positions.csv?v=1&csvType=full&useColumnShortNames=true,share-of-women-in-ministerial-positions.csv,missing
2026-02-11,Pistachio production,https://ourworldindata.org/explorers/global-food.csv?v=1&csvType=full&useColumnShortNames=true&Food=Pistachios&Metric=Production&Per+capita=false,global-food.csv,missing
2026-02-12,Methane emissions,https://raw.githubusercontent.com/a-jiwa/chartle-data/refs/heads/main/data/methane-emissions-from-all-sectors.csv,methane-emissions-from-all-sectors.csv,downloaded
2026-02-13,Coal production per capita,https://ourworldindata.org/grapher/coal-production-per-capita-over-the-long-term.csv?v=1&csvType=full&useColumnShortNames=true,coal-production-per-capita-over-the-long-term.csv,missing
2026-02-14,Corn production,https://raw.githubusercontent.com/a-jiwa/chartle-data/refs/heads/main/data/maize-production_1.csv,maize-production_1.csv,downloaded
2026-02-15,Cashew nut production,https://ourworldindata.org/explorers/global-food.csv?v=1&csvType=full&useColumnShortNames=true&Food=Cashew+nuts&Metric=Production&Per+capita=false,global-food.csv,missing
2026-02-16,Public social spending as share of GDP,https://ourworldindata.org/grapher/social-spending-oecd-longrun.csv?v=1&csvType=full&useColumnShortNames=true,social-spending-oecd-longrun.csv,missing
2026-02-17,Wine production,https://ourworldindata.org/grapher/wine-production.csv?v=1&csvType=full&useColumnShortNames=true,wine-production.csv,missing
2026-02-18,Population,https://ourworldindata.org/grapher/population-unwpp.csv?v=1&csvType=full&useColumnShortNames=true,population-unwpp.csv,missing
2026-02-19,Foreign aid given as a share of national income,https://ourworldindata.org/grapher/foreign-aid-given-as-a-share-of-national-income.csv?v=1&csvType=full&useColumnShortNames=true,foreign-aid-given-as-a-share-of-national-income.csv,missing
2026-02-20,Coffee bean production,https://raw.githubusercontent.com/a-jiwa/chartle-data/refs/heads/main/data/coffee-bean-production.csv,coffee-bean-production.csv,downloaded
2026-02-21,Share of global forested area,https://raw.githubusercontent.com/a-jiwa/chartle-data/refs/heads/main/data/share-global-forest.csv,share-global-forest.csv,downloaded
2026-02-22,Exports of banana,https://raw.githubusercontent.com/a-jiwa/chartle-data/refs/heads/main/data/exports-of-bananas.csv,exports-of-bananas.csv,downloaded
2026-02-23,Share of electricity production from nuclear,https://ourworldindata.org/grapher/share-electricity-nuclear.csv?v=1&csvType=full&useColumnShortNames=true,share-electricity-nuclear.csv,downloaded
2026-02-24,Gross domestic product (GDP),https://ourworldindata.org/grapher/gdp-worldbank.csv?v=1&csvType=full&useColumnShortNames=true,gdp-worldbank.csv,missing
2026-02-25,Deaths in armed conflicts,https://ourworldindata.org/grapher/deaths-in-armed-conflicts-by-country.csv?v=1&csvType=full&useColumnShortNames=true,deaths-in-armed-conflicts-by-country.csv,missing
2026-02-26,Cumulative refugee population by country of origin,https://ourworldindata.org/grapher/refugee-population-by-country-or-territory-of-origin.csv?v=1&csvType=full&useColumnShortNames=true,refugee-population-by-country-or-territory-of-origin.csv,missing
2026-02-27,Cumulative refugee population by country of origin,https://ourworldindata.org/grapher/refugee-population-by-country-or-territory-of-origin.csv?v=1&csvType=full&useColumnShortNames=true,refugee-population-by-country-or-territory-of-origin.csv,missing
2026-02-28,Nuclear power generation,https://ourworldindata.org/grapher/nuclear-energy-generation.csv?v=1&csvType=full&useColumnShortNames=true,nuclear-energy-generation.csv,missing
2026-02-29,Share of electricity production from nuclear,https://ourworldindata.org/grapher/share-electricity-nuclear.csv?v=1&csvType=full&useColumnShortNames=true,share-electricity-nuclear.csv,downloaded
2026-02-30,Share of electricity production from coal,https://ourworldindata.org/grapher/share-electricity-coal.csv?v=1&csvType=full&useColumnShortNames=true,share-electricity-coal.csv,missing
2026-02-31,Number of cattle,https://ourworldindata.org/grapher/cattle-livestock-count-heads.csv?v=1&csvType=full&useColumnShortNames=true,cattle-livestock-count-heads.csv,missing
2026-02-32,Deaths from drug use,https://ourworldindata.org/grapher/death-rates-from-drug-use-disorders-who.csv?v=1&csvType=full&useColumnShortNames=true,death-rates-from-drug-use-disorders-who.csv,missing
2026-02-32,Academic papers published,https://ourworldindata.org/grapher/scientific-publications-per-million.csv?v=1&csvType=full&useColumnShortNames=true,scientific-publications-per-million.csv,missing
2026-02-33,Sunflower seed production,https://ourworldindata.org/grapher/sunflower-seed-production.csv?v=1&csvType=full&useColumnShortNames=true,sunflower-seed-production.csv,missing
2026-02-34,Number of cattle,https://ourworldindata.org/grapher/cattle-livestock-count-heads.csv?v=1&csvType=full&useColumnShortNames=true,cattle-livestock-count-heads.csv,missing
2026-02-35,Population,https://ourworldindata.org/grapher/population-unwpp.csv?v=1&csvType=full&useColumnShortNames=true,population-unwpp.csv,missing
2026-02-36,Average years of schooling,https://raw.githubusercontent.com/a-jiwa/chartle-data/refs/heads/main/data/years-of-schooling.csv,years-of-schooling.csv,downloaded
2026-02-37,Population,https://ourworldindata.org/grapher/population-unwpp.csv?v=1&csvType=full&useColumnShortNames=true,population-unwpp.csv,missing
2026-02-38,Oil production,https://ourworldindata.org/grapher/oil-production-by-country.csv?v=1&csvType=full&useColumnShortNames=true,oil-production-by-country.csv,missing
2026-02-39,Oil production,https://ourworldindata.org/grapher/oil-production-by-country.csv?v=1&csvType=full&useColumnShortNames=true,oil-production-by-country.csv,missing
2026-02-40,Oil production,https://ourworldindata.org/grapher/oil-production-by-country.csv?v=1&csvType=full&useColumnShortNames=true,oil-production-by-country.csv,missing
2026-02-41,Share of electricity production from solar,https://ourworldindata.org/grapher/share-electricity-solar.csv?v=1&csvType=full&useColumnShortNames=true,share-electricity-solar.csv,missing
2026-02-42,Rice production,https://ourworldindata.org/grapher/rice-production.csv?v=1&csvType=full&useColumnShortNames=true,rice-production.csv,missing
2026-02-43,Rice production,https://ourworldindata.org/grapher/rice-production.csv?v=1&csvType=full&useColumnShortNames=true,rice-production.csv,missing
2026-02-44,Gas production,https://ourworldindata.org/grapher/gas-production-by-country.csv?v=1&csvType=full&useColumnShortNames=true,gas-production-by-country.csv,missing
2026-02-45,Gas production,https://ourworldindata.org/grapher/gas-production-by-country.csv?v=1&csvType=full&useColumnShortNames=true,gas-production-by-country.csv,missing
2026-02-46,Gas production,https://ourworldindata.org/grapher/gas-production-by-country.csv?v=1&csvType=full&useColumnShortNames=true,gas-production-by-country.csv,missing
2026-02-47,Gas production,https://ourworldindata.org/grapher/gas-production-by-country.csv?v=1&csvType=full&useColumnShortNames=true,gas-production-by-country.csv,missing
2026-02-48,Death rate from malnutrition,https://ourworldindata.org/grapher/death-rate-from-malnutrition-ghe.csv?v=1&csvType=full&useColumnShortNames=true,death-rate-from-malnutrition-ghe.csv,missing
2026-02-49,Gas production per capita,https://ourworldindata.org/grapher/gas-prod-per-capita.csv?v=1&csvType=full&useColumnShortNames=true,gas-prod-per-capita.csv,missing
2026-02-50,Deaths from homicide,https://ourworldindata.org/grapher/homicide-rate-unodc.csv?v=1&csvType=full&useColumnShortNames=true,homicide-rate-unodc.csv,missing
2026-02-51,Cocaine use disorder death rate,https://ourworldindata.org/grapher/death-rates-cocaine-who.csv?v=1&csvType=full&useColumnShortNames=true,death-rates-cocaine-who.csv,missing
2026-02-52,Death rate from malaria,https://ourworldindata.org/grapher/death-rate-from-malaria-ghe.csv?v=1&csvType=full&useColumnShortNames=true,death-rate-from-malaria-ghe.csv,missing
2026-02-53,Chicken meat production,https://ourworldindata.org/grapher/chicken-meat-production.csv?v=1&csvType=full&useColumnShortNames=true,chicken-meat-production.csv,missing
2026-02-54,Death rate from poisoning,https://ourworldindata.org/grapher/death-rate-from-poisoning-ghe.csv?v=1&csvType=full&useColumnShortNames=true,death-rate-from-poisoning-ghe.csv,missing
2026-02-55,Industry jobs as a share of total employment,https://ourworldindata.org/grapher/industry-share-of-total-emplyoment.csv?v=1&csvType=full&useColumnShortNames=true,industry-share-of-total-emplyoment.csv,missing
2026-02-56,Armed forces personnel,https://ourworldindata.org/grapher/armed-forces-personnel.csv?v=1&csvType=full&useColumnShortNames=true,armed-forces-personnel.csv,missing
2026-02-57,Orange production,https://ourworldindata.org/grapher/orange-production.csv?v=1&csvType=full&useColumnShortNames=true,orange-production.csv,missing
2026-02-58,Share of the population that is female,https://ourworldindata.org/grapher/share-population-female.csv?v=1&csvType=full&useColumnShortNames=true,share-population-female.csv,missing
2026-02-59,Private health spending per person,https://ourworldindata.org/grapher/private-health-expenditure-per-person.csv?v=1&csvType=full&useColumnShortNames=true,private-health-expenditure-per-person.csv,missing
2026-02-60,Self-reported life satisfaction,https://ourworldindata.org/grapher/happiness-cantril-ladder.csv?v=1&csvType=full&useColumnShortNames=true,happiness-cantril-ladder.csv,missing
2026-02-61,Armed forces personnel as a share of total population,https://ourworldindata.org/grapher/armed-forces-personnel-percent.csv?v=1&csvType=full&useColumnShortNames=true,armed-forces-personnel-percent.csv,missing
2026-02-62,Share of arable land which is organic,https://ourworldindata.org/grapher/share-of-arable-land-which-is-organic.csv?v=1&csvType=full&useColumnShortNames=true,share-of-arable-land-which-is-organic.csv,missing
2026-02-63,Share of people practicing open defecation,https://ourworldindata.org/grapher/people-practicing-open-defecation-of-population.csv?v=1&csvType=full&useColumnShortNames=true,people-practicing-open-defecation-of-population.csv,missing
2026-02-64,Soybean production,https://ourworldindata.org/grapher/soybean-production.csv?v=1&csvType=full&useColumnShortNames=true,soybean-production.csv,missing
2026-02-65,Estimated nuclear warhead stockpiles,https://ourworldindata.org/grapher/nuclear-warhead-stockpiles-lines.csv?v=1&csvType=full&useColumnShortNames=true,nuclear-warhead-stockpiles-lines.csv,missing
2026-02-66,Wealth share of the richest 1%,https://ourworldindata.org/grapher/wealth-share-richest-1-percent.csv?v=1&csvType=full&useColumnShortNames=true,wealth-share-richest-1-percent.csv,missing
2026-02-67,Sugar cane production,https://ourworldindata.org/grapher/sugar-cane-production.csv?v=1&csvType=full&useColumnShortNames=true,sugar-cane-production.csv,missing
2026-02-68,Suicide rate,https://ourworldindata.org/grapher/death-rate-from-suicides-ghe.csv?v=1&csvType=full&useColumnShortNames=true,death-rate-from-suicides-ghe.csv,missing
2026-02-69,Suicide rate,https://ourworldindata.org/grapher/death-rate-from-suicides-ghe.csv?v=1&csvType=full&useColumnShortNames=true,death-rate-from-suicides-ghe.csv,missing
2026-02-70,Sunflower seed production,https://ourworldindata.org/grapher/sunflower-seed-production.csv?v=1&csvType=full&useColumnShortNames=true,sunflower-seed-production.csv,missing
2026-02-71,Unemployment rate,https://ourworldindata.org/grapher/unemployment-rate.csv?v=1&csvType=full&useColumnShortNames=true,unemployment-rate.csv,missing
2026-02-72,Nuclear power generation,https://ourworldindata.org/grapher/nuclear-energy-generation.csv?v=1&csvType=full&useColumnShortNames=true,nuclear-energy-generation.csv,missing
2026-02-73,Unemployment rate,https://ourworldindata.org/grapher/unemployment-rate.csv?v=1&csvType=full&useColumnShortNames=true,unemployment-rate.csv,missing
2026-02-74,Deaths from homicide,https://ourworldindata.org/grapher/homicide-rate-unodc.csv?v=1&csvType=full&useColumnShortNames=true,homicide-rate-unodc.csv,missing
2026-02-75,Share of electricity production from coal,https://ourworldindata.org/grapher/share-electricity-coal.csv?v=1&csvType=full&useColumnShortNames=true,share-electricity-coal.csv,missing
2026-02-76,Cumulative number of objects launched into space,https://ourworldindata.org/grapher/cumulative-number-of-objects-launched-into-outer-space.csv?v=1&csvType=full&useColumnShortNames=true,cumulative-number-of-objects-launched-into-outer-space.csv,missing
2026-02-77,Nuclear power generation,https://ourworldindata.org/grapher/nuclear-energy-generation.csv?v=1&csvType=full&useColumnShortNames=true,nuclear-energy-generation.csv,missing
2026-02-78,Nuclear power generation,https://ourworldindata.org/grapher/nuclear-energy-generation.csv?v=1&csvType=full&useColumnShortNames=true,nuclear-energy-generation.csv,missing
2026-02-79,Number of women who die from maternal conditions,https://ourworldindata.org/grapher/number-of-maternal-deaths.csv?v=1&csvType=full&useColumnShortNames=true,number-of-maternal-deaths.csv,missing
2026-02-80,Soybean production,https://ourworldindata.org/grapher/soybean-production.csv?v=1&csvType=full&useColumnShortNames=true,soybean-production.csv,missing
2026-02-81,Share of electricity production from solar,https://ourworldindata.org/grapher/share-electricity-solar.csv?v=1&csvType=full&useColumnShortNames=true,share-electricity-solar.csv,missing
2026-02-82,Methane emissions,https://raw.githubusercontent.com/a-jiwa/chartle-data/refs/heads/main/data/methane-emissions-from-all-sectors.csv,methane-emissions-from-all-sectors.csv,downloaded
2026-02-83,Methane emissions,https://raw.githubusercontent.com/a-jiwa/chartle-data/refs/heads/main/data/methane-emissions-from-all-sectors.csv,methane-emissions-from-all-sectors.csv,downloaded
2026-02-84,Methane emissions,https://raw.githubusercontent.com/a-jiwa/chartle-data/refs/heads/main/data/methane-emissions-from-all-sectors.csv,methane-emissions-from-all-sectors.csv,downloaded
2026-02-85,Per capita methane emissions,https://raw.githubusercontent.com/a-jiwa/chartle-data/refs/heads/main/data/per-capita-methane-emissions-from-all-sectors.csv,per-capita-methane-emissions-from-all-sectors.csv,downloaded
2026-02-86,Per capita methane emissions,https://raw.githubusercontent.com/a-jiwa/chartle-data/refs/heads/main/data/per-capita-methane-emissions-from-all-sectors.csv,per-capita-methane-emissions-from-all-sectors.csv,downloaded
2026-02-87,Almond production,https://raw.githubusercontent.com/a-jiwa/chartle-data/refs/heads/main/data/production-of-almonds.csv,production-of-almonds.csv,downloaded
2026-02-88,Almond production,https://raw.githubusercontent.com/a-jiwa/chartle-data/refs/heads/main/data/production-of-almonds.csv,production-of-almonds.csv,downloaded
2026-02-89,Almond production,https://raw.githubusercontent.com/a-jiwa/chartle-data/refs/heads/main/data/production-of-almonds.csv,production-of-almonds.csv,downloaded
2026-02-90,Artichoke production,https://raw.githubusercontent.com/a-jiwa/chartle-data/refs/heads/main/data/production-of-artichokes.csv,production-of-artichokes.csv,downloaded
2026-02-91,Avocado production,https://raw.githubusercontent.com/a-jiwa/chartle-data/refs/heads/main/data/avocado-production.csv,avocado-production.csv,downloaded
2026-02-92,Cherry production,https://raw.githubusercontent.com/a-jiwa/chartle-data/refs/heads/main/data/production-of-cherries.csv,production-of-cherries.csv,downloaded
2026-02-93,Coconut production,https://raw.githubusercontent.com/a-jiwa/chartle-data/refs/heads/main/data/production-of-coconuts.csv,production-of-coconuts.csv,downloaded
2026-02-94,Coconut production,https://raw.githubusercontent.com/a-jiwa/chartle-data/refs/heads/main/data/production-of-coconuts.csv,production-of-coconuts.csv,downloaded
2026-02-95,Date production,https://raw.githubusercontent.com/a-jiwa/chartle-data/refs/heads/main/data/production-of-dates.csv,production-of-dates.csv,downloaded
2026-02-96,Date production,https://raw.githubusercontent.com/a-jiwa/chartle-data/refs/heads/main/data/production-of-dates.csv,production-of-dates.csv,downloaded
2026-02-97,Exports of eggs,https://raw.githubusercontent.com/a-jiwa/chartle-data/refs/heads/main/data/exports-of-eggs.csv,exports-of-eggs.csv,downloaded
2026-02-98,Imports of eggs,https://raw.githubusercontent.com/a-jiwa/chartle-data/refs/heads/main/data/imports-of-eggs.csv,imports-of-eggs.csv,downloaded
2026-02-99,Exports of lemons and limes,https://raw.githubusercontent.com/a-jiwa/chartle-data/refs/heads/main/data/exports-of-lemons-and-limes.csv,exports-of-lemons-and-limes.csv,downloaded
2026-02-100,Exports of lemons and limes,https://raw.githubusercontent.com/a-jiwa/chartle-data/refs/heads/main/data/exports-of-lemons-and-limes.csv,exports-of-lemons-and-limes.csv,downloaded
2026-02-101,Corn production,https://raw.githubusercontent.com/a-jiwa/chartle-data/refs/heads/main/data/maize-production_1.csv,maize-production_1.csv,downloaded
2026-02-102,Exports of milk,https://raw.githubusercontent.com/a-jiwa/chartle-data/refs/heads/main/data/exports-of-milk.csv,exports-of-milk.csv,downloaded
2026-02-103,Exports of milk,https://raw.githubusercontent.com/a-jiwa/chartle-data/refs/heads/main/data/exports-of-milk.csv,exports-of-milk.csv,downloaded
2026-02-104,Olive oil production,https://raw.githubusercontent.com/a-jiwa/chartle-data/refs/heads/main/data/olive-oil-production.csv,olive-oil-production.csv,downloaded
2026-02-105,Olive oil imports,https://raw.githubusercontent.com/a-jiwa/chartle-data/refs/heads/main/data/imports-of-olive-oil.csv,imports-of-olive-oil.csv,downloaded
2026-02-106,Palm oil production,https://raw.githubusercontent.com/a-jiwa/chartle-data/refs/heads/main/data/palm-oil-production.csv,palm-oil-production.csv,downloaded
2026-02-107,Pepper production,https://raw.githubusercontent.com/a-jiwa/chartle-data/refs/heads/main/data/production-of-pepper.csv,production-of-pepper.csv,downloaded
2026-02-108,Pineapple production,https://raw.githubusercontent.com/a-jiwa/chartle-data/refs/heads/main/data/production-of-pineapples.csv,production-of-pineapples.csv,downloaded
2026-02-109,Pineapple production,https://raw.githubusercontent.com/a-jiwa/chartle-data/refs/heads/main/data/production-of-pineapples.csv,production-of-pineapples.csv,downloaded
2026-02-110,Raspberry production,https://raw.githubusercontent.com/a-jiwa/chartle-data/refs/heads/main/data/production-of-raspberries.csv,production-of-raspberries.csv,downloaded
2026-02-111,Rye production,https://raw.githubusercontent.com/a-jiwa/chartle-data/refs/heads/main/data/rye-production.csv,rye-production.csv,downloaded
2026-02-112,Rye production,https://raw.githubusercontent.com/a-jiwa/chartle-data/refs/heads/main/data/rye-production.csv,rye-production.csv,downloaded
2026-02-113,Exports of tomatoes,https://raw.githubusercontent.com/a-jiwa/chartle-data/refs/heads/main/data/exports-of-tomatoes.csv,exports-of-tomatoes.csv,downloaded
2026-02-114,Imports of tomatoes,https://raw.githubusercontent.com/a-jiwa/chartle-data/refs/heads/main/data/imports-of-tomatoes.csv,imports-of-tomatoes.csv,downloaded
2026-02-115,Nitrogen oxides emissions,https://ourworldindata.org/explorers/air-pollution.csv?v=1&csvType=full&useColumnShortNames=true&Pollutant=Nitrogen+oxides&Sector=All+sectors+%28total%29&Per+capita=false,air-pollution.csv,missing
2026-02-116,Copper production,https://ourworldindata.org/explorers/minerals.csv?v=1&csvType=full&useColumnShortNames=true&Mineral=Copper&Metric=Production&Type=Mine&Share+of+global=false,minerals.csv,missing
2026-02-117,Copper production,https://ourworldindata.org/explorers/minerals.csv?v=1&csvType=full&useColumnShortNames=true&Mineral=Copper&Metric=Production&Type=Mine&Share+of+global=false,minerals.csv,missing
2026-02-118,Maternal mortality ratio,https://ourworldindata.org/explorers/global-health.csv?v=1&csvType=full&useColumnShortNames=true&Health+Area=Maternal+health&Indicator=Maternal+mortality&Metric=Rate+per+100%2C000+live+births&Source=OWID+%28spliced%29,global-health.csv,missing
2026-02-119,Maternal mortality ratio,https://ourworldindata.org/explorers/global-health.csv?v=1&csvType=full&useColumnShortNames=true&Health+Area=Maternal+health&Indicator=Maternal+mortality&Metric=Rate+per+100%2C000+live+births&Source=OWID+%28spliced%29,global-health.csv,missing
2026-02-120,Aluminum production,https://ourworldindata.org/explorers/minerals.csv?v=1&csvType=full&useColumnShortNames=true&Mineral=Aluminum&Metric=Production&Type=Mine&Share+of+global=false,minerals.csv,missing
2026-02-121,Bauxite production,https://ourworldindata.org/explorers/minerals.csv?v=1&csvType=full&useColumnShortNames=true&Mineral=Bauxite&Metric=Production&Type=Mine&Share+of+global=false,minerals.csv,missing
2026-02-122,Share of the population that is undernourished,https://ourworldindata.org/grapher/prevalence-of-undernourishment.csv?v=1&csvType=full&useColumnShortNames=true,prevalence-of-undernourishment.csv,missing
2026-02-123,Gold production,https://ourworldindata.org/explorers/minerals.csv?v=1&csvType=full&useColumnShortNames=true&Mineral=Gold&Metric=Production&Type=Mine%2C+industrial&Share+of+global=false,minerals.csv,missing
2026-02-124,Gold production,https://ourworldindata.org/explorers/minerals.csv?v=1&csvType=full&useColumnShortNames=true&Mineral=Gold&Metric=Production&Type=Mine%2C+industrial&Share+of+global=false,minerals.csv,missing
2026-02-125,Gold production,https://ourworldindata.org/explorers/minerals.csv?v=1&csvType=full&useColumnShortNames=true&Mineral=Gold&Metric=Production&Type=Mine%2C+industrial&Share+of+global=false,minerals.csv,missing
2026-02-126,Silver production,https://ourworldindata.org/explorers/minerals.csv?v=1&csvType=full&useColumnShortNames=true&Mineral=Silver&Metric=Production&Type=Mine%2C+industrial&Share+of+global=false,minerals.csv,missing
2026-02-127,Silver production,https://ourworldindata.org/explorers/minerals.csv?v=1&csvType=full&useColumnShortNames=true&Mineral=Silver&Metric=Production&Type=Mine%2C+industrial&Share+of+global=false,minerals.csv,missing
2026-02-128,Uranium production,https://ourworldindata.org/explorers/minerals.csv?v=1&csvType=full&useColumnShortNames=true&Mineral=Uranium&Metric=Production&Type=Mine%2C+ilmenite&Share+of+global=false,minerals.csv,missing
2026-02-129,Uranium production,https://ourworldindata.org/explorers/minerals.csv?v=1&csvType=full&useColumnShortNames=true&Mineral=Uranium&Metric=Production&Type=Mine%2C+ilmenite&Share+of+global=false,minerals.csv,missing
2026-02-130,Uranium production,https://ourworldindata.org/explorers/minerals.csv?v=1&csvType=full&useColumnShortNames=true&Mineral=Uranium&Metric=Production&Type=Mine%2C+ilmenite&Share+of+global=false,minerals.csv,missing
2026-02-131,Uranium production as a share of the global total,https://ourworldindata.org/explorers/minerals.csv?v=1&csvType=full&useColumnShortNames=true&Mineral=Uranium&Metric=Production&Type=Mine&Share+of+global=true,minerals.csv,missing
2026-02-132,Known crude oil reserves,https://raw.githubusercontent.com/a-jiwa/chartle-data/refs/heads/main/data/crude-oil-reserves.csv,crude-oil-reserves.csv,downloaded
2026-02-133,Known crude oil reserves,https://raw.githubusercontent.com/a-jiwa/chartle-data/refs/heads/main/data/crude-oil-reserves.csv,crude-oil-reserves.csv,downloaded
2026-02-134,Known crude oil reserves,https://raw.githubusercontent.com/a-jiwa/chartle-data/refs/heads/main/data/crude-oil-reserves.csv,crude-oil-reserves.csv,downloaded
2026-02-135,Beer consumption per person,https://ourworldindata.org/grapher/beer-consumption-per-person.csv?v=1&csvType=full&useColumnShortNames=true,beer-consumption-per-person.csv,missing
2026-02-136,Cashew nut production,https://ourworldindata.org/explorers/global-food.csv?v=1&csvType=full&useColumnShortNames=true&Food=Cashew+nuts&Metric=Production&Per+capita=false,global-food.csv,missing
2026-02-137,Share of women in ministerial positions,https://ourworldindata.org/grapher/share-of-women-in-ministerial-positions.csv?v=1&csvType=full&useColumnShortNames=true,share-of-women-in-ministerial-positions.csv,missing
2026-02-138,Pistachio production,https://ourworldindata.org/explorers/global-food.csv?v=1&csvType=full&useColumnShortNames=true&Food=Pistachios&Metric=Production&Per+capita=false,global-food.csv,missing
2026-02-139,Pistachio production,https://ourworldindata.org/explorers/global-food.csv?v=1&csvType=full&useColumnShortNames=true&Food=Pistachios&Metric=Production&Per+capita=false,global-food.csv,missing
2026-02-140,Average years of schooling,https://raw.githubusercontent.com/a-jiwa/chartle-data/refs/heads/main/data/years-of-schooling.csv,years-of-schooling.csv,downloaded
2027-01-73,Gross domestic product (GDP),https://ourworldindata.org/grapher/gdp-worldbank.csv?v=1&csvType=full&useColumnShortNames=true,gdp-worldbank.csv,missing
2027-01-75,Gross domestic product (GDP),https://ourworldindata.org/grapher/gdp-worldbank.csv?v=1&csvType=full&useColumnShortNames=true,gdp-worldbank.csv,missing
2027-01-76,Gross domestic product (GDP),https://ourworldindata.org/grapher/gdp-worldbank.csv?v=1&csvType=full&useColumnShortNames=true,gdp-worldbank.csv,missing
2027-01-01,Exports of cocoa beans,https://ourworldindata.org/explorers/global-food.csv?v=1&csvType=full&useColumnShortNames=true&Food=Cocoa+beans&Metric=Exports&Per+capita=false,global-food.csv,missing
2027-01-02,Asylum seekers by country of origin,https://ourworldindata.org/explorers/migration.csv?v=1&csvType=full&useColumnShortNames=true&Metric=Asylum+seekers+by+origin&Period=Total+number&Sub-Metric=Total&Age=All+ages,migration.csv,missing
2027-01-03,Asylum seekers by destination,https://ourworldindata.org/explorers/migration.csv?v=1&csvType=full&useColumnShortNames=true&Metric=Asylum+seekers+by+destination&Period=Total+number&Sub-Metric=Total&Age=All+ages,migration.csv,missing
2027-01-04,Completion rate of primary education,https://ourworldindata.org/grapher/completion-rate-of-primary-education.csv?v=1&csvType=full&useColumnShortNames=true,completion-rate-of-primary-education.csv,missing
2027-01-05,Share of women in ministerial positions,https://ourworldindata.org/grapher/share-of-women-in-ministerial-positions.csv?v=1&csvType=full&useColumnShortNames=true,share-of-women-in-ministerial-positions.csv,missing
2027-01-06,"Number of Automated Teller Machines (ATMs) per 100,000 adults",https://ourworldindata.org/grapher/automated-teller-machines-atms-per-100000-adults.csv?v=1&csvType=full&useColumnShortNames=true,automated-teller-machines-atms-per-100000-adults.csv,missing
2027-01-07,Share of land covered by forest,https://ourworldindata.org/grapher/forest-area-as-share-of-land-area.csv?v=1&csvType=full&useColumnShortNames=true,forest-area-as-share-of-land-area.csv,missing
2027-01-08,Share of land that is protected,https://ourworldindata.org/grapher/terrestrial-protected-areas.csv?v=1&csvType=full&useColumnShortNames=true,terrestrial-protected-areas.csv,missing
2027-01-09,Donations for biodiversity conservation in developing countries,https://ourworldindata.org/grapher/total-oda-for-biodiversity-by-donor.csv?v=1&csvType=full&useColumnShortNames=true,total-oda-for-biodiversity-by-donor.csv,missing
2027-01-10,Donations received for biodiversity conservation,https://ourworldindata.org/grapher/total-oda-for-biodiversity-by-recipient.csv?v=1&csvType=full&useColumnShortNames=true,total-oda-for-biodiversity-by-recipient.csv,missing
2027-01-11,Government revenues as a share of GDP,https://ourworldindata.org/grapher/government-revenues-as-a-share-of-gdp-imf.csv?v=1&csvType=full&useColumnShortNames=true,government-revenues-as-a-share-of-gdp-imf.csv,missing
2027-01-12,Landline Internet subscriptions per 100 people,https://ourworldindata.org/grapher/broadband-penetration-by-country.csv?v=1&csvType=full&useColumnShortNames=true,broadband-penetration-by-country.csv,missing
2027-01-13,Public sector debt as a share of GDP,https://ourworldindata.org/grapher/gross-public-sector-debt-as-a-proportion-of-gdp.csv?v=1&csvType=full&useColumnShortNames=true,gross-public-sector-debt-as-a-proportion-of-gdp.csv,missing
2027-01-14,Number of clinical trials,https://ourworldindata.org/grapher/number-of-clinical-trials.csv?v=1&csvType=full&useColumnShortNames=true,number-of-clinical-trials.csv,missing
2027-01-15,Number of clinical trials,https://ourworldindata.org/grapher/number-of-clinical-trials.csv?v=1&csvType=full&useColumnShortNames=true,number-of-clinical-trials.csv,missing
2027-01-16,Share of births that are twins,https://ourworldindata.org/grapher/rate-of-twin-deliveries.csv?v=1&csvType=full&useColumnShortNames=true,rate-of-twin-deliveries.csv,missing
2027-01-17,Share of births that are twins,https://ourworldindata.org/grapher/rate-of-twin-deliveries.csv?v=1&csvType=full&useColumnShortNames=true,rate-of-twin-deliveries.csv,missing
2027-01-18,Share of GDP from agriculture,https://ourworldindata.org/grapher/agriculture-share-gdp.csv?v=1&csvType=full&useColumnShortNames=true,agriculture-share-gdp.csv,missing
2027-01-19,Share of GDP from agriculture,https://ourworldindata.org/grapher/agriculture-share-gdp.csv?v=1&csvType=full&useColumnShortNames=true,agriculture-share-gdp.csv,missing
2027-01-20,Manufacturing jobs as a share of total employment,https://ourworldindata.org/grapher/manufacturing-share-of-total-employment.csv?v=1&csvType=full&useColumnShortNames=true,manufacturing-share-of-total-employment.csv,missing
2027-01-21,Scholarly publications in artificial intelligence per million people,https://ourworldindata.org/grapher/scholarly-publications-on-artificial-intelligence-per-million-people.csv?v=1&csvType=full&useColumnShortNames=true,scholarly-publications-on-artificial-intelligence-per-million-people.csv,missing
2027-01-22,Scholarly publications in artificial intelligence per million people,https://ourworldindata.org/grapher/scholarly-publications-on-artificial-intelligence-per-million-people.csv?v=1&csvType=full&useColumnShortNames=true,scholarly-publications-on-artificial-intelligence-per-million-people.csv,missing
2027-01-23,Annual scholarly publications on artificial intelligence,https://ourworldindata.org/grapher/annual-scholarly-publications-on-artificial-intelligence.csv?v=1&csvType=full&useColumnShortNames=true,annual-scholarly-publications-on-artificial-intelligence.csv,missing
2027-01-24,Annual scholarly publications on artificial intelligence,https://ourworldindata.org/grapher/annual-scholarly-publications-on-artificial-intelligence.csv?v=1&csvType=full&useColumnShortNames=true,annual-scholarly-publications-on-artificial-intelligence.csv,missing
2027-01-25,Annual scholarly publications on artificial intelligence,https://ourworldindata.org/grapher/annual-scholarly-publications-on-artificial-intelligence.csv?v=1&csvType=full&useColumnShortNames=true,annual-scholarly-publications-on-artificial-intelligence.csv,missing
2027-01-26,Cherry production,https://raw.githubusercontent.com/a-jiwa/chartle-data/refs/heads/main/data/production-of-cherries.csv,production-of-cherries.csv,downloaded
2027-01-27,Cherry production,https://raw.githubusercontent.com/a-jiwa/chartle-data/refs/heads/main/data/production-of-cherries.csv,production-of-cherries.csv,downloaded
2027-01-28,Cherry production,https://raw.githubusercontent.com/a-jiwa/chartle-data/refs/heads/main/data/production-of-cherries.csv,production-of-cherries.csv,downloaded
2027-01-29,Exports of banana,https://raw.githubusercontent.com/a-jiwa/chartle-data/refs/heads/main/data/exports-of-bananas.csv,exports-of-bananas.csv,downloaded
2027-01-30,Exports of banana,https://raw.githubusercontent.com/a-jiwa/chartle-data/refs/heads/main/data/exports-of-bananas.csv,exports-of-bananas.csv,downloaded
2027-01-31,Exports of banana,https://raw.githubusercontent.com/a-jiwa/chartle-data/refs/heads/main/data/exports-of-bananas.csv,exports-of-bananas.csv,downloaded
2027-01-32,Armed forces personnel,https://ourworldindata.org/grapher/armed-forces-personnel.csv?v=1&csvType=full&useColumnShortNames=true,armed-forces-personnel.csv,missing
2027-01-33,Armed forces personnel,https://ourworldindata.org/grapher/armed-forces-personnel.csv?v=1&csvType=full&useColumnShortNames=true,armed-forces-personnel.csv,missing
2027-01-34,Armed forces personnel,https://ourworldindata.org/grapher/armed-forces-personnel.csv?v=1&csvType=full&useColumnShortNames=true,armed-forces-personnel.csv,missing
2027-01-35,Armed forces personnel,https://ourworldindata.org/grapher/armed-forces-personnel.csv?v=1&csvType=full&useColumnShortNames=true,armed-forces-personnel.csv,missing
2027-01-36,Plantain production,https://ourworldindata.org/explorers/global-food.csv?v=1&csvType=full&useColumnShortNames=true&Food=Plantains&Metric=Production&Per+capita=false,global-food.csv,missing
2027-01-37,Plantain production,https://ourworldindata.org/explorers/global-food.csv?v=1&csvType=full&useColumnShortNames=true&Food=Plantains&Metric=Production&Per+capita=false,global-food.csv,missing
2027-01-38,Plantain production,https://ourworldindata.org/explorers/global-food.csv?v=1&csvType=full&useColumnShortNames=true&Food=Plantains&Metric=Production&Per+capita=false,global-food.csv,missing
2027-01-39,Rapeseed oil production,https://ourworldindata.org/explorers/global-food.csv?v=1&csvType=full&useColumnShortNames=true&Food=Rapeseed+oil&Metric=Production&Per+capita=false,global-food.csv,missing
2027-01-40,Rapeseed oil production,https://ourworldindata.org/explorers/global-food.csv?v=1&csvType=full&useColumnShortNames=true&Food=Rapeseed+oil&Metric=Production&Per+capita=false,global-food.csv,missing
2027-01-41,Rapeseed oil production,https://ourworldindata.org/explorers/global-food.csv?v=1&csvType=full&useColumnShortNames=true&Food=Rapeseed+oil&Metric=Production&Per+capita=false,global-food.csv,missing
2027-01-42,Rapeseed oil production,https://ourworldindata.org/explorers/global-food.csv?v=1&csvType=full&useColumnShortNames=true&Food=Rapeseed+oil&Metric=Production&Per+capita=false,global-food.csv,missing
2027-01-43,Cranberry production,https://ourworldindata.org/explorers/global-food.csv?v=1&csvType=full&useColumnShortNames=true&Food=Cranberries&Metric=Production&Per+capita=false,global-food.csv,missing
2027-01-44,Cranberry production,https://ourworldindata.org/explorers/global-food.csv?v=1&csvType=full&useColumnShortNames=true&Food=Cranberries&Metric=Production&Per+capita=false,global-food.csv,missing
2027-01-45,Biofuel energy production,https://ourworldindata.org/grapher/biofuel-production.csv?v=1&csvType=full&useColumnShortNames=true,biofuel-production.csv,missing
2027-01-46,Biofuel energy production,https://ourworldindata.org/grapher/biofuel-production.csv?v=1&csvType=full&useColumnShortNames=true,biofuel-production.csv,missing
2027-01-47,Carbon dioxide (CO₂) emissions,https://ourworldindata.org/explorers/co2.csv?v=1&csvType=full&useColumnShortNames=true&Gas+or+Warming=CO%E2%82%82&Accounting=Territorial&Fuel+or+Land+Use+Change=Fossil+%2B+land+use+change&Count=Per+country&Relative+to+world+total=false,co2.csv,missing
2027-01-48,Nickel production,https://ourworldindata.org/explorers/minerals.csv?v=1&csvType=full&useColumnShortNames=true&Mineral=Nickel&Metric=Production&Type=Mine&Share+of+global=false,minerals.csv,missing
2027-01-49,Death rate from breast cancer,https://raw.githubusercontent.com/a-jiwa/chartle-data/refs/heads/main/data/GBD_breast_cancer_death_rate2_corrected.csv,GBD_breast_cancer_death_rate2_corrected.csv,downloaded
2027-01-50,Death rate from ebola,https://raw.githubusercontent.com/a-jiwa/chartle-data/refs/heads/main/data/GBD_ebola_death_rate.csv,GBD_ebola_death_rate.csv,downloaded
2027-01-51,Cumulative refugee population by country of origin,https://ourworldindata.org/grapher/refugee-population-by-country-or-territory-of-origin.csv?v=1&csvType=full&useColumnShortNames=true,refugee-population-by-country-or-territory-of-origin.csv,missing
2027-01-52,Share of the population living with HIV,https://ourworldindata.org/grapher/share-of-the-population-infected-with-hiv.csv?v=1&csvType=full&useColumnShortNames=true,share-of-the-population-infected-with-hiv.csv,missing
2027-01-53,"New infections of HIV per 1,000 people",https://ourworldindata.org/grapher/incidence-of-hiv-the-share-of-new-infections-among-the-previously-uninfected-population-ages-15-49.csv?v=1&csvType=full&useColumnShortNames=true,incidence-of-hiv-the-share-of-new-infections-among-the-previously-uninfected-population-ages-15-49.csv,missing
2027-01-54,New HIV infections,https://ourworldindata.org/grapher/number-of-new-hiv-infections-per-year.csv?v=1&csvType=full&useColumnShortNames=true,number-of-new-hiv-infections-per-year.csv,missing
2027-01-55,Cumulative refugee population by country of asylum,https://ourworldindata.org/grapher/refugee-population-by-country-or-territory-of-asylum.csv?v=1&csvType=full&useColumnShortNames=true,refugee-population-by-country-or-territory-of-asylum.csv,missing
2027-01-56,Steel production,https://ourworldindata.org/explorers/minerals.csv?v=1&csvType=full&useColumnShortNames=true&Mineral=Steel&Metric=Production&Type=Mine%2C+industrial&Share+of+global=false,minerals.csv,missing
2027-01-57,Plastic waste exports,https://ourworldindata.org/grapher/plastic-waste-trade.csv?v=1&csvType=full&useColumnShortNames=true&metric=exports&rate=total,plastic-waste-trade.csv,missing
2027-01-58,Plastic waste imports,https://ourworldindata.org/grapher/plastic-waste-trade.csv?v=1&csvType=full&useColumnShortNames=true&metric=imports&rate=total,plastic-waste-trade.csv,missing
2027-01-59,Plastic waste exports,https://ourworldindata.org/grapher/plastic-waste-trade.csv?v=1&csvType=full&useColumnShortNames=true&metric=exports&rate=total,plastic-waste-trade.csv,missing
2027-01-60,Infant mortality rate,https://ourworldindata.org/grapher/infant-mortality.csv?v=1&csvType=full&useColumnShortNames=true,infant-mortality.csv,missing
2027-01-61,Foreign aid given per capita,https://ourworldindata.org/grapher/foreign-aid-given-per-capita.csv?v=1&csvType=full&useColumnShortNames=true,foreign-aid-given-per-capita.csv,missing
2027-01-62,Foreign aid given,https://ourworldindata.org/grapher/foreign-aid-given-net.csv?v=1&csvType=full&useColumnShortNames=true,foreign-aid-given-net.csv,missing
2027-01-63,Foreign aid given,https://ourworldindata.org/grapher/foreign-aid-given-net.csv?v=1&csvType=full&useColumnShortNames=true,foreign-aid-given-net.csv,missing
2027-01-64,Foreign aid received,https://ourworldindata.org/grapher/foreign-aid-received-net.csv?v=1&csvType=full&useColumnShortNames=true,foreign-aid-received-net.csv,missing
2027-01-65,Foreign aid given as a share of national income,https://ourworldindata.org/grapher/foreign-aid-given-as-a-share-of-national-income.csv?v=1&csvType=full&useColumnShortNames=true,foreign-aid-given-as-a-share-of-national-income.csv,missing
2027-01-66,Foreign aid received per capita,https://ourworldindata.org/grapher/foreign-aid-received-per-capita.csv?v=1&csvType=full&useColumnShortNames=true,foreign-aid-received-per-capita.csv,missing
2027-01-67,GDP per capita,https://ourworldindata.org/grapher/gdp-per-capita-worldbank.csv?v=1&csvType=full&useColumnShortNames=true,gdp-per-capita-worldbank.csv,missing
2027-01-68,GDP per capita,https://ourworldindata.org/grapher/gdp-per-capita-worldbank.csv?v=1&csvType=full&useColumnShortNames=true,gdp-per-capita-worldbank.csv,missing
2027-01-69,GDP per capita,https://ourworldindata.org/grapher/gdp-per-capita-worldbank.csv?v=1&csvType=full&useColumnShortNames=true,gdp-per-capita-worldbank.csv,missing
2027-01-70,GDP per capita,https://ourworldindata.org/grapher/gdp-per-capita-worldbank.csv?v=1&csvType=full&useColumnShortNames=true,gdp-per-capita-worldbank.csv,missing
2027-01-71,GDP per capita,https://ourworldindata.org/grapher/gdp-per-capita-worldbank.csv?v=1&csvType=full&useColumnShortNames=true,gdp-per-capita-worldbank.csv,missing
2027-01-72,"Nurses and midwives per 1,000 people",https://ourworldindata.org/grapher/nurses-and-midwives-per-1000-people.csv?v=1&csvType=full&useColumnShortNames=true,nurses-and-midwives-per-1000-people.csv,missing
2027-01-73,Aquaculture production,https://ourworldindata.org/grapher/aquaculture-farmed-fish-production.csv?v=1&csvType=full&useColumnShortNames=true,aquaculture-farmed-fish-production.csv,missing
2027-01-74,Aquaculture production,https://ourworldindata.org/grapher/aquaculture-farmed-fish-production.csv?v=1&csvType=full&useColumnShortNames=true,aquaculture-farmed-fish-production.csv,missing
2027-01-75,Aquaculture production,https://ourworldindata.org/grapher/aquaculture-farmed-fish-production.csv?v=1&csvType=full&useColumnShortNames=true,aquaculture-farmed-fish-production.csv,missing
2027-01-76,Share of marine territorial waters that are protected,https://raw.githubusercontent.com/a-jiwa/chartle-data/refs/heads/main/data/marine-protected-areas.csv,marine-protected-areas.csv,downloaded
2027-01-77,Share of marine territorial waters that are protected,https://raw.githubusercontent.com/a-jiwa/chartle-data/refs/heads/main/data/marine-protected-areas.csv,marine-protected-areas.csv,downloaded
2027-01-78,Share of marine territorial waters that are protected,https://raw.githubusercontent.com/a-jiwa/chartle-data/refs/heads/main/data/marine-protected-areas.csv,marine-protected-areas.csv,downloaded
2027-01-79,Share of agricultural land which is irrigated,https://ourworldindata.org/grapher/agricultural-land-irrigation.csv?v=1&csvType=full&useColumnShortNames=true,agricultural-land-irrigation.csv,missing
2027-01-80,Wild fishery production,https://ourworldindata.org/grapher/capture-fishery-production.csv?v=1&csvType=full&useColumnShortNames=true,capture-fishery-production.csv,missing
2027-01-81,Wild fishery production,https://ourworldindata.org/grapher/capture-fishery-production.csv?v=1&csvType=full&useColumnShortNames=true,capture-fishery-production.csv,missing
2027-01-82,Wild fishery production,https://ourworldindata.org/grapher/capture-fishery-production.csv?v=1&csvType=full&useColumnShortNames=true,capture-fishery-production.csv,missing
2027-01-83,Wild fishery production,https://ourworldindata.org/grapher/capture-fishery-production.csv?v=1&csvType=full&useColumnShortNames=true,capture-fishery-production.csv,missing
2027-01-84,Wild fishery production,https://ourworldindata.org/grapher/capture-fishery-production.csv?v=1&csvType=full&useColumnShortNames=true,capture-fishery-production.csv,missing
2027-01-85,Airline passengers per year,https://ourworldindata.org/grapher/air-passengers-carried.csv?v=1&csvType=full&useColumnShortNames=true,air-passengers-carried.csv,missing
2027-01-86,Airline passengers per year,https://ourworldindata.org/grapher/air-passengers-carried.csv?v=1&csvType=full&useColumnShortNames=true,air-passengers-carried.csv,missing
2028-01-01,Government health spending as a share of GDP,https://ourworldindata.org/grapher/public-health-expenditure-share-gdp.csv?v=1&csvType=full&useColumnShortNames=true,public-health-expenditure-share-gdp.csv,missing
2028-01-02,Share of the population with tertiary education,https://ourworldindata.org/grapher/share-of-the-population-with-completed-tertiary-education.csv?v=1&csvType=full&useColumnShortNames=true,share-of-the-population-with-completed-tertiary-education.csv,missing
2028-01-03,Share of GDP from tourism,https://ourworldindata.org/grapher/tourism-gdp-proportion-of-total-gdp.csv?v=1&csvType=full&useColumnShortNames=true,tourism-gdp-proportion-of-total-gdp.csv,missing
2028-01-04,Deaths in armed conflicts,https://ourworldindata.org/grapher/deaths-in-armed-conflicts-by-country.csv?v=1&csvType=full&useColumnShortNames=true,deaths-in-armed-conflicts-by-country.csv,missing
2028-01-05,Public spending on education as share of GDP,https://ourworldindata.org/grapher/total-government-expenditure-on-education-gdp.csv?v=1&csvType=full&useColumnShortNames=true,total-government-expenditure-on-education-gdp.csv,missing
2028-01-06,Inflation of consumer prices,https://ourworldindata.org/grapher/inflation-of-consumer-prices.csv?v=1&csvType=full&useColumnShortNames=true,inflation-of-consumer-prices.csv,missing
2028-01-07,Inflation of consumer prices,https://ourworldindata.org/grapher/inflation-of-consumer-prices.csv?v=1&csvType=full&useColumnShortNames=true,inflation-of-consumer-prices.csv,missing
2028-01-08,Sesame seed production,https://ourworldindata.org/grapher/sesame-seed-production.csv?v=1&csvType=full&useColumnShortNames=true,sesame-seed-production.csv,missing
2028-01-09,Sesame seed production,https://ourworldindata.org/grapher/sesame-seed-production.csv?v=1&csvType=full&useColumnShortNames=true,sesame-seed-production.csv,missing
2028-01-10,Sesame seed production,https://ourworldindata.org/grapher/sesame-seed-production.csv?v=1&csvType=full&useColumnShortNames=true,sesame-seed-production.csv,missing
2028-01-11,Death rate in armed conflicts based on where they occurred,https://ourworldindata.org/explorers/conflict-data.csv?v=1&csvType=full&useColumnShortNames=true&Conflict+type=All+armed+conflicts&Measure=Death+rate&Conflict+sub-type=All+sub-types&Data+source=Uppsala+Conflict+Data+Program&Sub-measure=Country+and+regional+data,conflict-data.csv,missing
2028-01-12,Daily cost of a healthy diet,https://ourworldindata.org/explorers/food-prices.csv?v=1&csvType=full&useColumnShortNames=true&Diet=Healthy+diet&Cost+or+Affordability=Cost&Affordability+metric=Share+that+cannot+afford,food-prices.csv,missing
2028-01-13,Daily cost of a healthy diet,https://ourworldindata.org/explorers/food-prices.csv?v=1&csvType=full&useColumnShortNames=true&Diet=Healthy+diet&Cost+or+Affordability=Cost&Affordability+metric=Share+that+cannot+afford,food-prices.csv,missing
2028-01-14,Daily cost of a healthy diet,https://ourworldindata.org/explorers/food-prices.csv?v=1&csvType=full&useColumnShortNames=true&Diet=Healthy+diet&Cost+or+Affordability=Cost&Affordability+metric=Share+that+cannot+afford,food-prices.csv,missing
2028-01-15,Share of the population that has left the country,https://ourworldindata.org/explorers/migration.csv?v=1&csvType=full&useColumnShortNames=true&Metric=International+emigrants&Period=Total+number&Sub-Metric=Per+capita+%2F+Share+of+population&Age=All+ages,migration.csv,missing
2028-01-16,Share of the population that was born in another country,https://ourworldindata.org/explorers/migration.csv?v=1&csvType=full&useColumnShortNames=true&Metric=International+immigrants&Period=Total+number&Sub-Metric=Per+capita+%2F+Share+of+population&Age=All+ages,migration.csv,missing
2028-01-17,Share of adults who smoke or use tobacco,https://ourworldindata.org/grapher/share-of-adults-who-smoke.csv?v=1&csvType=full&useColumnShortNames=true,share-of-adults-who-smoke.csv,missing
2028-01-18,Annual growth of GDP per capita,https://ourworldindata.org/grapher/gdp-per-capita-growth.csv?v=1&csvType=full&useColumnShortNames=true,gdp-per-capita-growth.csv,missing
2028-01-19,Average age of mothers at childbirth,https://ourworldindata.org/grapher/period-average-age-of-mothers.csv?v=1&csvType=full&useColumnShortNames=true,period-average-age-of-mothers.csv,missing
2028-01-20,Cumulative number of large-scale AI systems,https://ourworldindata.org/grapher/cumulative-number-of-large-scale-ai-systems-by-country.csv?v=1&csvType=full&useColumnShortNames=true,cumulative-number-of-large-scale-ai-systems-by-country.csv,missing
2028-01-21,"Medical doctors per 1,000 people",https://ourworldindata.org/grapher/physicians-per-1000-people.csv?v=1&csvType=full&useColumnShortNames=true,physicians-per-1000-people.csv,missing
2028-01-22,"Medical doctors per 1,000 people",https://ourworldindata.org/grapher/physicians-per-1000-people.csv?v=1&csvType=full&useColumnShortNames=true,physicians-per-1000-people.csv,missing
2028-01-23,Exports of banana,https://raw.githubusercontent.com/a-jiwa/chartle-dats-of-bananas.csv,data_7526.csv,missing
