Entity,Code,Year,Avocados | 00000572 || Production | 005510 || tonnes
Angola,AGO,2015,71485
Angola,AGO,2016,73007
Angola,AGO,2017,48996
Angola,AGO,2018,50087
Angola,AGO,2019,51910
Angola,AGO,2020,52488
Angola,AGO,2021,53271
Angola,AGO,2022,55119
Angola,AGO,2023,58231
Argentina,ARG,1961,2000
Argentina,ARG,1962,3000
Argentina,ARG,1963,2900
Argentina,ARG,1964,3030
Argentina,ARG,1965,3520
Argentina,ARG,1966,4213
Argentina,ARG,1967,4293
Argentina,ARG,1968,10525
Argentina,ARG,1969,11100
Argentina,ARG,1970,9150
Argentina,ARG,1971,9100
Argentina,ARG,1972,9200
Argentina,ARG,1973,8900
Argentina,ARG,1974,8860
Argentina,ARG,1975,6990
Argentina,ARG,1976,9050
Argentina,ARG,1977,10200
Argentina,ARG,1978,5500
Argentina,ARG,1979,6000
Argentina,ARG,1980,3200
Argentina,ARG,1981,3230
Argentina,ARG,1982,3000
Argentina,ARG,1983,3100
Argentina,ARG,1984,3300
Argentina,ARG,1985,2600
Argentina,ARG,1986,2700
Argentina,ARG,1987,3000
Argentina,ARG,1988,3000
Argentina,ARG,1989,3000
Argentina,ARG,1990,2843
Argentina,ARG,1991,3100
Argentina,ARG,1992,3200
Argentina,ARG,1993,3300
Argentina,ARG,1994,3400
Argentina,ARG,1995,3500
Argentina,ARG,1996,3416.74
Argentina,ARG,1997,3372.95
Argentina,ARG,1998,3300
Argentina,ARG,1999,3349.74
Argentina,ARG,2000,3390.76
Argentina,ARG,2001,3438.71
Argentina,ARG,2002,3500
Argentina,ARG,2003,3485.75
Argentina,ARG,2004,3433
Argentina,ARG,2005,3459.09
Argentina,ARG,2006,3450
Argentina,ARG,2007,3600
Argentina,ARG,2008,3500
Argentina,ARG,2009,3600
Argentina,ARG,2010,3726.11
Argentina,ARG,2011,3839.54
Argentina,ARG,2012,4100
Argentina,ARG,2013,4051.54
Argentina,ARG,2014,4038.59
Argentina,ARG,2015,4029.92
Argentina,ARG,2016,4027.05
Argentina,ARG,2017,4033.27
Argentina,ARG,2018,4043.69
Argentina,ARG,2019,4056.69
Argentina,ARG,2020,4088.36
Argentina,ARG,2021,4093.4
Argentina,ARG,2022,4105.21
Argentina,ARG,2023,4117.03
Australia,AUS,1961,400
Australia,AUS,1962,400
Australia,AUS,1963,500
Australia,AUS,1964,500
Australia,AUS,1965,600
Australia,AUS,1966,600
Australia,AUS,1967,700
Australia,AUS,1968,700
Australia,AUS,1969,800
Australia,AUS,1970,800
Australia,AUS,1971,900
Australia,AUS,1972,941
Australia,AUS,1973,688
Australia,AUS,1974,664
Australia,AUS,1975,710
Australia,AUS,1976,570
Australia,AUS,1977,662
Australia,AUS,1978,980
Australia,AUS,1979,1400
Australia,AUS,1980,1700
Australia,AUS,1981,2400
Australia,AUS,1982,3400
Australia,AUS,1983,5400
Australia,AUS,1984,6200
Australia,AUS,1985,7000
Australia,AUS,1986,9700
Australia,AUS,1987,9798
Australia,AUS,1988,11082
Australia,AUS,1989,11414
Australia,AUS,1990,12005
Australia,AUS,1991,11542
Australia,AUS,1992,12925
Australia,AUS,1993,12925
Australia,AUS,1994,14000
Australia,AUS,1995,15640
Australia,AUS,1996,16416
Australia,AUS,1997,20072
Australia,AUS,1998,20174
Australia,AUS,1999,24311
Australia,AUS,2000,23976
Australia,AUS,2001,29834
Australia,AUS,2002,28485
Australia,AUS,2003,40531
Australia,AUS,2004,41897
Australia,AUS,2005,32634
Australia,AUS,2006,34452
Australia,AUS,2007,47238
Australia,AUS,2008,45000
Australia,AUS,2009,38478
Australia,AUS,2010,42485.57
Australia,AUS,2011,36325
Australia,AUS,2012,48951
Australia,AUS,2013,52982
Australia,AUS,2014,43969
Australia,AUS,2015,49397
Australia,AUS,2016,67600
Australia,AUS,2017,56501
Australia,AUS,2018,63486
Australia,AUS,2019,79533
Australia,AUS,2020,77295.29
Australia,AUS,2021,85986.23
Australia,AUS,2022,96946.54
Australia,AUS,2023,115384.84
Austria,AUT,2018,0
Austria,AUT,2019,0
Austria,AUT,2020,0
Austria,AUT,2021,0
Austria,AUT,2022,0
Austria,AUT,2023,0
Bahamas,BHS,2010,1200
Bahamas,BHS,2011,1216
Bahamas,BHS,2012,1232
Bahamas,BHS,2013,1265.75
Bahamas,BHS,2014,1300
Bahamas,BHS,2015,1331.8
Bahamas,BHS,2016,1363.42
Bahamas,BHS,2017,1394.98
Bahamas,BHS,2018,1426.45
Bahamas,BHS,2019,1457.91
Bahamas,BHS,2020,1426.45
Bahamas,BHS,2021,1436.94
Bahamas,BHS,2022,1440.43
Bahamas,BHS,2023,1434.6
Barbados,BRB,1961,160
Barbados,BRB,1962,155
Barbados,BRB,1963,160
Barbados,BRB,1964,175
Barbados,BRB,1965,180
Barbados,BRB,1966,181
Barbados,BRB,1967,200
Barbados,BRB,1968,220
Barbados,BRB,1969,299
Barbados,BRB,1970,260
Barbados,BRB,1971,271
Barbados,BRB,1972,290
Barbados,BRB,1973,310
Barbados,BRB,1974,330
Barbados,BRB,1975,350
Barbados,BRB,1976,360
Barbados,BRB,1977,370
Barbados,BRB,1978,380
Barbados,BRB,1979,390
Barbados,BRB,1980,400
Barbados,BRB,1981,410
Barbados,BRB,1982,420
Barbados,BRB,1983,430
Barbados,BRB,1984,440
Barbados,BRB,1985,450
Barbados,BRB,1986,460
Barbados,BRB,1987,460
Barbados,BRB,1988,470
Barbados,BRB,1989,470
Barbados,BRB,1990,470
Barbados,BRB,1991,470
Barbados,BRB,1992,470
Barbados,BRB,1993,470
Barbados,BRB,1994,470
Barbados,BRB,1995,470
Barbados,BRB,1996,470
Barbados,BRB,1997,470
Barbados,BRB,1998,470
Barbados,BRB,1999,390
Barbados,BRB,2000,440
Barbados,BRB,2001,470
Barbados,BRB,2002,490
Barbados,BRB,2003,510
Barbados,BRB,2004,488.99
Barbados,BRB,2005,489.47
Barbados,BRB,2006,489.95
Barbados,BRB,2007,490.41
Barbados,BRB,2008,490.87
Barbados,BRB,2009,491.33
Barbados,BRB,2010,491.78
Barbados,BRB,2011,492.22
Barbados,BRB,2012,492.66
Barbados,BRB,2013,492.97
Barbados,BRB,2014,493.38
Barbados,BRB,2015,493.79
Barbados,BRB,2016,494.2
Barbados,BRB,2017,494.6
Barbados,BRB,2018,495
Barbados,BRB,2019,497.09
Barbados,BRB,2020,499.4
Barbados,BRB,2021,501.41
Barbados,BRB,2022,503.48
Barbados,BRB,2023,510
Belgium,BEL,2018,0
Belgium,BEL,2019,0
Belgium,BEL,2020,0
Belgium,BEL,2021,0
Belgium,BEL,2022,0
Belgium,BEL,2023,0
Bhutan,BTN,2017,44.47
Bhutan,BTN,2018,55.16
Bhutan,BTN,2019,61.19
Bhutan,BTN,2020,111.8
Bhutan,BTN,2021,73
Bhutan,BTN,2022,135.83
Bhutan,BTN,2023,192.06
Bolivia,BOL,1961,1500
Bolivia,BOL,1962,1610
Bolivia,BOL,1963,1650
Bolivia,BOL,1964,1760
Bolivia,BOL,1965,1570
Bolivia,BOL,1966,1800
Bolivia,BOL,1967,1830
Bolivia,BOL,1968,1860
Bolivia,BOL,1969,1920
Bolivia,BOL,1970,1950
Bolivia,BOL,1971,2040
Bolivia,BOL,1972,2200
Bolivia,BOL,1973,2200
Bolivia,BOL,1974,2400
Bolivia,BOL,1975,2900
Bolivia,BOL,1976,2905
Bolivia,BOL,1977,2905
Bolivia,BOL,1978,2035
Bolivia,BOL,1979,3235
Bolivia,BOL,1980,3260
Bolivia,BOL,1981,3095
Bolivia,BOL,1982,3640
Bolivia,BOL,1983,3633
Bolivia,BOL,1984,4355
Bolivia,BOL,1985,4156
Bolivia,BOL,1986,4264
Bolivia,BOL,1987,4375
Bolivia,BOL,1988,5300
Bolivia,BOL,1989,5250
Bolivia,BOL,1990,5410
Bolivia,BOL,1991,5550
Bolivia,BOL,1992,5695
Bolivia,BOL,1993,5835
Bolivia,BOL,1994,5960
Bolivia,BOL,1995,5960
Bolivia,BOL,1996,6110
Bolivia,BOL,1997,6230
Bolivia,BOL,1998,6230
Bolivia,BOL,1999,7500
Bolivia,BOL,2000,7600
Bolivia,BOL,2001,7610
Bolivia,BOL,2002,7612
Bolivia,BOL,2003,2977
Bolivia,BOL,2004,3046
Bolivia,BOL,2005,3120
Bolivia,BOL,2006,3197
Bolivia,BOL,2007,3242
Bolivia,BOL,2008,3306
Bolivia,BOL,2009,5568
Bolivia,BOL,2010,5513.78
Bolivia,BOL,2011,5426.35
Bolivia,BOL,2012,5541.41
Bolivia,BOL,2013,5680.69
Bolivia,BOL,2014,11873
Bolivia,BOL,2015,12032
Bolivia,BOL,2016,12497
Bolivia,BOL,2017,12509
Bolivia,BOL,2018,12452.24
Bolivia,BOL,2019,12690
Bolivia,BOL,2020,12477
Bolivia,BOL,2021,12443.24
Bolivia,BOL,2022,12514.26
Bolivia,BOL,2023,12629.53
Bosnia and Herzegovina,BIH,2005,1100
Bosnia and Herzegovina,BIH,2006,1100
Bosnia and Herzegovina,BIH,2007,1000
Bosnia and Herzegovina,BIH,2008,1031.41
Bosnia and Herzegovina,BIH,2009,1031.12
Bosnia and Herzegovina,BIH,2010,1000
Bosnia and Herzegovina,BIH,2011,1033.86
Bosnia and Herzegovina,BIH,2012,1100
Bosnia and Herzegovina,BIH,2013,1100
Bosnia and Herzegovina,BIH,2014,1000
Bosnia and Herzegovina,BIH,2015,1023.56
Bosnia and Herzegovina,BIH,2016,1033.85
Bosnia and Herzegovina,BIH,2017,1037.19
Bosnia and Herzegovina,BIH,2018,1037.06
Bosnia and Herzegovina,BIH,2019,1036.01
Bosnia and Herzegovina,BIH,2020,1036.28
Bosnia and Herzegovina,BIH,2021,1038.48
Bosnia and Herzegovina,BIH,2022,1037.94
Bosnia and Herzegovina,BIH,2023,1037.4
Brazil,BRA,1961,82500
Brazil,BRA,1962,93750
Brazil,BRA,1963,100000
Brazil,BRA,1964,100406
Brazil,BRA,1965,110780
Brazil,BRA,1966,117459
Brazil,BRA,1967,128016
Brazil,BRA,1968,140249
Brazil,BRA,1969,143852
Brazil,BRA,1970,153173
Brazil,BRA,1971,161527
Brazil,BRA,1972,182924
Brazil,BRA,1973,125355
Brazil,BRA,1974,134378
Brazil,BRA,1975,145837
Brazil,BRA,1976,139674
Brazil,BRA,1977,139520
Brazil,BRA,1978,128221
Brazil,BRA,1979,132206
Brazil,BRA,1980,133956
Brazil,BRA,1981,135638
Brazil,BRA,1982,141542
Brazil,BRA,1983,142512
Brazil,BRA,1984,147824
Brazil,BRA,1985,126446
Brazil,BRA,1986,122291
Brazil,BRA,1987,114637
Brazil,BRA,1988,114372
Brazil,BRA,1989,114923
Brazil,BRA,1990,118635
Brazil,BRA,1991,111340
Brazil,BRA,1992,111742
Brazil,BRA,1993,105801
Brazil,BRA,1994,102644
Brazil,BRA,1995,93767
Brazil,BRA,1996,80733
Brazil,BRA,1997,84043
Brazil,BRA,1998,84231
Brazil,BRA,1999,86418
Brazil,BRA,2000,86146
Brazil,BRA,2001,154224
Brazil,BRA,2002,173948
Brazil,BRA,2003,156661
Brazil,BRA,2004,170534
Brazil,BRA,2005,169335
Brazil,BRA,2006,164441
Brazil,BRA,2007,154096
Brazil,BRA,2008,147214
Brazil,BRA,2009,139089
Brazil,BRA,2010,153189
Brazil,BRA,2011,160376
Brazil,BRA,2012,159903
Brazil,BRA,2013,157482
Brazil,BRA,2014,156699
Brazil,BRA,2015,180652
Brazil,BRA,2016,196545
Brazil,BRA,2017,212873
Brazil,BRA,2018,236177
Brazil,BRA,2019,242723
Brazil,BRA,2020,267059
Brazil,BRA,2021,300874
Brazil,BRA,2022,337868
Brazil,BRA,2023,422545
Bulgaria,BGR,2018,0
Bulgaria,BGR,2019,0
Bulgaria,BGR,2020,0
Bulgaria,BGR,2021,0
Bulgaria,BGR,2022,0
Bulgaria,BGR,2023,0
Cameroon,CMR,1961,12000
Cameroon,CMR,1962,13000
Cameroon,CMR,1963,13000
Cameroon,CMR,1964,14000
Cameroon,CMR,1965,14000
Cameroon,CMR,1966,15000
Cameroon,CMR,1967,15000
Cameroon,CMR,1968,16000
Cameroon,CMR,1969,16000
Cameroon,CMR,1970,17000
Cameroon,CMR,1971,18000
Cameroon,CMR,1972,20000
Cameroon,CMR,1973,15000
Cameroon,CMR,1974,15000
Cameroon,CMR,1975,20000
Cameroon,CMR,1976,20000
Cameroon,CMR,1977,21000
Cameroon,CMR,1978,22000
Cameroon,CMR,1979,23000
Cameroon,CMR,1980,24000
Cameroon,CMR,1981,25000
Cameroon,CMR,1982,26000
Cameroon,CMR,1983,27000
Cameroon,CMR,1984,28000
Cameroon,CMR,1985,29000
Cameroon,CMR,1986,30000
Cameroon,CMR,1987,32000
Cameroon,CMR,1988,33000
Cameroon,CMR,1989,34000
Cameroon,CMR,1990,35000
Cameroon,CMR,1991,38000
Cameroon,CMR,1992,40000
Cameroon,CMR,1993,42000
Cameroon,CMR,1994,44000
Cameroon,CMR,1995,45000
Cameroon,CMR,1996,46000
Cameroon,CMR,1997,47000
Cameroon,CMR,1998,48000
Cameroon,CMR,1999,49000
Cameroon,CMR,2000,50000
Cameroon,CMR,2001,50563.24
Cameroon,CMR,2002,52000
Cameroon,CMR,2003,52183.89
Cameroon,CMR,2004,53000
Cameroon,CMR,2005,54283.97
Cameroon,CMR,2006,55000
Cameroon,CMR,2007,53000
Cameroon,CMR,2008,55000
Cameroon,CMR,2009,54000
Cameroon,CMR,2010,56000
Cameroon,CMR,2011,61887.35
Cameroon,CMR,2012,72000
Cameroon,CMR,2013,73699.74
Cameroon,CMR,2014,74248.19
Cameroon,CMR,2015,71719.29
Cameroon,CMR,2016,73222.4
Cameroon,CMR,2017,74133.75
Cameroon,CMR,2018,74945.87
Cameroon,CMR,2019,75953.3
Cameroon,CMR,2020,77334.94
Cameroon,CMR,2021,77804.4
Cameroon,CMR,2022,77030.88
Cameroon,CMR,2023,77390.07
Central African Republic,CAF,1961,200
Central African Republic,CAF,1962,200
Central African Republic,CAF,1963,200
Central African Republic,CAF,1964,200
Central African Republic,CAF,1965,250
Central African Republic,CAF,1966,250
Central African Republic,CAF,1967,260
Central African Republic,CAF,1968,250
Central African Republic,CAF,1969,300
Central African Republic,CAF,1970,300
Central African Republic,CAF,1971,350
Central African Republic,CAF,1972,350
Central African Republic,CAF,1973,400
Central African Republic,CAF,1974,500
Central African Republic,CAF,1975,600
Central African Republic,CAF,1976,700
Central African Republic,CAF,1977,800
Central African Republic,CAF,1978,900
Central African Republic,CAF,1979,1000
Central African Republic,CAF,1980,1000
Central African Republic,CAF,1981,1100
Central African Republic,CAF,1982,1100
Central African Republic,CAF,1983,1200
Central African Republic,CAF,1984,1300
Central African Republic,CAF,1985,1300
Central African Republic,CAF,1986,1400
Central African Republic,CAF,1987,1700
Central African Republic,CAF,1988,2000
Central African Republic,CAF,1989,2600
Central African Republic,CAF,1990,2800
Central African Republic,CAF,1991,3000
Central African Republic,CAF,1992,3200
Central African Republic,CAF,1993,3500
Central African Republic,CAF,1994,3800
Central African Republic,CAF,1995,4000
Central African Republic,CAF,1996,4100
Central African Republic,CAF,1997,4200
Central African Republic,CAF,1998,4300
Central African Republic,CAF,1999,4400
Central African Republic,CAF,2000,4500
Central African Republic,CAF,2001,4600
Central African Republic,CAF,2002,4500
Central African Republic,CAF,2003,4400
Central African Republic,CAF,2004,4609.82
Central African Republic,CAF,2005,4696.79
Central African Republic,CAF,2006,4500
Central African Republic,CAF,2007,4600
Central African Republic,CAF,2008,4700
Central African Republic,CAF,2009,4800
Central African Republic,CAF,2010,5000
Central African Republic,CAF,2011,5572.39
Central African Republic,CAF,2012,6300
Central African Republic,CAF,2013,6500
Central African Republic,CAF,2014,5601.71
Central African Republic,CAF,2015,6482.56
Central African Republic,CAF,2016,8800
Central African Republic,CAF,2017,7480.35
Central African Republic,CAF,2018,7378.38
Central African Republic,CAF,2019,7875.62
Central African Republic,CAF,2020,8571.97
Central African Republic,CAF,2021,8684.95
Central African Republic,CAF,2022,8576.58
Central African Republic,CAF,2023,8876.62
Chile,CHL,1961,8000
Chile,CHL,1962,9000
Chile,CHL,1963,10000
Chile,CHL,1964,10500
Chile,CHL,1965,11150
Chile,CHL,1966,10000
Chile,CHL,1967,10500
Chile,CHL,1968,11000
Chile,CHL,1969,11300
Chile,CHL,1970,11500
Chile,CHL,1971,12000
Chile,CHL,1972,12500
Chile,CHL,1973,13400
Chile,CHL,1974,14500
Chile,CHL,1975,14700
Chile,CHL,1976,15000
Chile,CHL,1977,17300
Chile,CHL,1978,18800
Chile,CHL,1979,19363
Chile,CHL,1980,21700
Chile,CHL,1981,25000
Chile,CHL,1982,27700
Chile,CHL,1983,29600
Chile,CHL,1984,31500
Chile,CHL,1985,29800
Chile,CHL,1986,35000
Chile,CHL,1987,32000
Chile,CHL,1988,28000
Chile,CHL,1989,39000
Chile,CHL,1990,37580
Chile,CHL,1991,39000
Chile,CHL,1992,48000
Chile,CHL,1993,42000
Chile,CHL,1994,58000
Chile,CHL,1995,50000
Chile,CHL,1996,60000
Chile,CHL,1997,55000
Chile,CHL,1998,99000
Chile,CHL,1999,82000
Chile,CHL,2000,98000
Chile,CHL,2001,110000
Chile,CHL,2002,140000
Chile,CHL,2003,140000
Chile,CHL,2004,160000
Chile,CHL,2005,160000
Chile,CHL,2006,205000
Chile,CHL,2007,209645
Chile,CHL,2008,122633
Chile,CHL,2009,232202
Chile,CHL,2010,166382
Chile,CHL,2011,156247
Chile,CHL,2012,160000
Chile,CHL,2013,165000
Chile,CHL,2014,170000
Chile,CHL,2015,160000
Chile,CHL,2016,179000
Chile,CHL,2017,200000
Chile,CHL,2018,135000
Chile,CHL,2019,148345.72
Chile,CHL,2020,160032.9
Chile,CHL,2021,167775.12
Chile,CHL,2022,166623.03
Chile,CHL,2023,168530.98
China,CHN,1992,18000
China,CHN,1993,20000
China,CHN,1994,30000
China,CHN,1995,35000
China,CHN,1996,45000
China,CHN,1997,48000
China,CHN,1998,51000
China,CHN,1999,70000
China,CHN,2000,70000
China,CHN,2001,74500
China,CHN,2002,75000
China,CHN,2003,81000
China,CHN,2004,100000
China,CHN,2005,125000
China,CHN,2006,90000
China,CHN,2007,92000
China,CHN,2008,95000
China,CHN,2009,100000
China,CHN,2010,103000
China,CHN,2011,105000
China,CHN,2012,108000
China,CHN,2013,112000
China,CHN,2014,116000
China,CHN,2015,119911.17
China,CHN,2016,115970.39
China,CHN,2017,113740.18
China,CHN,2018,113120.52
China,CHN,2019,106830
China,CHN,2020,115620
China,CHN,2021,124780
China,CHN,2022,135860
China,CHN,2023,138066.1
Colombia,COL,1961,12000
Colombia,COL,1962,12200
Colombia,COL,1963,12300
Colombia,COL,1964,12400
Colombia,COL,1965,12500
Colombia,COL,1966,12600
Colombia,COL,1967,12700
Colombia,COL,1968,12800
Colombia,COL,1969,12900
Colombia,COL,1970,13000
Colombia,COL,1971,13000
Colombia,COL,1972,13100
Colombia,COL,1973,13200
Colombia,COL,1974,13300
Colombia,COL,1975,13298
Colombia,COL,1976,15370
Colombia,COL,1977,15420
Colombia,COL,1978,15500
Colombia,COL,1979,15650
Colombia,COL,1980,15700
Colombia,COL,1981,18340
Colombia,COL,1982,16470
Colombia,COL,1983,25900
Colombia,COL,1984,18843
Colombia,COL,1985,32500
Colombia,COL,1986,49006
Colombia,COL,1987,51351
Colombia,COL,1988,76166
Colombia,COL,1989,81075
Colombia,COL,1990,57064
Colombia,COL,1991,72102
Colombia,COL,1992,73815
Colombia,COL,1993,74000
Colombia,COL,1994,86924.34
Colombia,COL,1995,100000
Colombia,COL,1996,114000
Colombia,COL,1997,126000
Colombia,COL,1998,74000
Colombia,COL,1999,158505
Colombia,COL,2000,131664
Colombia,COL,2001,137065
Colombia,COL,2002,142700
Colombia,COL,2003,163177
Colombia,COL,2004,170985
Colombia,COL,2005,171603
Colombia,COL,2006,191710
Colombia,COL,2007,193996
Colombia,COL,2008,183968
Colombia,COL,2009,189029
Colombia,COL,2010,205443
Colombia,COL,2011,215089
Colombia,COL,2012,255384
Colombia,COL,2013,294997.28
Colombia,COL,2014,288739.25
Colombia,COL,2015,309852.03
Colombia,COL,2016,294389.28
Colombia,COL,2017,308166
Colombia,COL,2018,445075
Colombia,COL,2019,535021
Colombia,COL,2020,829146.7
Colombia,COL,2021,979617.75
Colombia,COL,2022,1090664
Colombia,COL,2023,1085765.8
Congo,COG,1961,6500
Congo,COG,1962,6500
Congo,COG,1963,6500
Congo,COG,1964,6000
Congo,COG,1965,6000
Congo,COG,1966,6000
Congo,COG,1967,6500
Congo,COG,1968,6500
Congo,COG,1969,6500
Congo,COG,1970,6500
Congo,COG,1971,6500
Congo,COG,1972,6500
Congo,COG,1973,6500
Congo,COG,1974,6200
Congo,COG,1975,6200
Congo,COG,1976,6500
Congo,COG,1977,6500
Congo,COG,1978,6500
Congo,COG,1979,6000
Congo,COG,1980,6000
Congo,COG,1981,5500
Congo,COG,1982,5500
Congo,COG,1983,5500
Congo,COG,1984,5300
Congo,COG,1985,5300
Congo,COG,1986,5400
Congo,COG,1987,5500
Congo,COG,1988,5500
Congo,COG,1989,5500
Congo,COG,1990,5300
Congo,COG,1991,5500
Congo,COG,1992,5486.74
Congo,COG,1993,5466.1
Congo,COG,1994,5400
Congo,COG,1995,5447.89
Congo,COG,1996,5500
Congo,COG,1997,5732
Congo,COG,1998,5675
Congo,COG,1999,5574
Congo,COG,2000,5361
Congo,COG,2001,5400
Congo,COG,2002,6196
Congo,COG,2003,6297
Congo,COG,2004,6570
Congo,COG,2005,6800
Congo,COG,2006,7000
Congo,COG,2007,7200
Congo,COG,2008,7500
Congo,COG,2009,7800
Congo,COG,2010,8053.78
Congo,COG,2011,8294.24
Congo,COG,2012,8550.45
Congo,COG,2013,8789.69
Congo,COG,2014,9017.12
Congo,COG,2015,9297.9
Congo,COG,2016,9034.9
Congo,COG,2017,9103
Congo,COG,2018,9159.15
Congo,COG,2019,9228.19
Congo,COG,2020,9491
Congo,COG,2021,9547
Congo,COG,2022,9422.06
Congo,COG,2023,9486.68
Costa Rica,CRI,1961,10600
Costa Rica,CRI,1962,11000
Costa Rica,CRI,1963,11700
Costa Rica,CRI,1964,12200
Costa Rica,CRI,1965,12800
Costa Rica,CRI,1966,13300
Costa Rica,CRI,1967,14100
Costa Rica,CRI,1968,14800
Costa Rica,CRI,1969,15600
Costa Rica,CRI,1970,16300
Costa Rica,CRI,1971,18000
Costa Rica,CRI,1972,21000
Costa Rica,CRI,1973,23800
Costa Rica,CRI,1974,24000
Costa Rica,CRI,1975,25000
Costa Rica,CRI,1976,25500
Costa Rica,CRI,1977,26000
Costa Rica,CRI,1978,26000
Costa Rica,CRI,1979,27000
Costa Rica,CRI,1980,27500
Costa Rica,CRI,1981,28000
Costa Rica,CRI,1982,21275
Costa Rica,CRI,1983,21563
Costa Rica,CRI,1984,21850
Costa Rica,CRI,1985,21850
Costa Rica,CRI,1986,21850
Costa Rica,CRI,1987,21850
Costa Rica,CRI,1988,21850
Costa Rica,CRI,1989,22000
Costa Rica,CRI,1990,23000
Costa Rica,CRI,1991,23143.67
Costa Rica,CRI,1992,23200
Costa Rica,CRI,1993,23300
Costa Rica,CRI,1994,23400
Costa Rica,CRI,1995,23500
Costa Rica,CRI,1996,24000
Costa Rica,CRI,1997,24000
Costa Rica,CRI,1998,23000
Costa Rica,CRI,1999,23000
Costa Rica,CRI,2000,22023.09
Costa Rica,CRI,2001,20926.37
Costa Rica,CRI,2002,19716.47
Costa Rica,CRI,2003,18416.56
Costa Rica,CRI,2004,17051.42
Costa Rica,CRI,2005,13525.29
Costa Rica,CRI,2006,11784.14
Costa Rica,CRI,2007,8434.49
Costa Rica,CRI,2008,7005.63
Costa Rica,CRI,2009,5641.63
Costa Rica,CRI,2010,4369.55
Costa Rica,CRI,2011,3217.48
Costa Rica,CRI,2012,1672
Costa Rica,CRI,2013,1115
Costa Rica,CRI,2014,1185
Costa Rica,CRI,2015,12158
Costa Rica,CRI,2016,12368
Costa Rica,CRI,2017,12368
Costa Rica,CRI,2018,11376.2
Costa Rica,CRI,2019,17353.9
Costa Rica,CRI,2020,13286
Costa Rica,CRI,2021,12996.73
Costa Rica,CRI,2022,12466.08
Costa Rica,CRI,2023,15387.49
Cote d'Ivoire,CIV,1961,5000
Cote d'Ivoire,CIV,1962,5000
Cote d'Ivoire,CIV,1963,5000
Cote d'Ivoire,CIV,1964,5000
Cote d'Ivoire,CIV,1965,5000
Cote d'Ivoire,CIV,1966,6000
Cote d'Ivoire,CIV,1967,6000
Cote d'Ivoire,CIV,1968,6000
Cote d'Ivoire,CIV,1969,6000
Cote d'Ivoire,CIV,1970,6000
Cote d'Ivoire,CIV,1971,6000
Cote d'Ivoire,CIV,1972,6000
Cote d'Ivoire,CIV,1973,6300
Cote d'Ivoire,CIV,1974,6300
Cote d'Ivoire,CIV,1975,6300
Cote d'Ivoire,CIV,1976,6600
Cote d'Ivoire,CIV,1977,6600
Cote d'Ivoire,CIV,1978,6600
Cote d'Ivoire,CIV,1979,7000
Cote d'Ivoire,CIV,1980,7300
Cote d'Ivoire,CIV,1981,7300
Cote d'Ivoire,CIV,1982,7300
Cote d'Ivoire,CIV,1983,7500
Cote d'Ivoire,CIV,1984,7500
Cote d'Ivoire,CIV,1985,8500
Cote d'Ivoire,CIV,1986,8500
Cote d'Ivoire,CIV,1987,10000
Cote d'Ivoire,CIV,1988,12000
Cote d'Ivoire,CIV,1989,15000
Cote d'Ivoire,CIV,1990,15618
Cote d'Ivoire,CIV,1991,16538.99
Cote d'Ivoire,CIV,1992,17430.77
Cote d'Ivoire,CIV,1993,18000
Cote d'Ivoire,CIV,1994,18298.71
Cote d'Ivoire,CIV,1995,19000
Cote d'Ivoire,CIV,1996,19460.26
Cote d'Ivoire,CIV,1997,19967.7
Cote d'Ivoire,CIV,1998,20319
Cote d'Ivoire,CIV,1999,19056
Cote d'Ivoire,CIV,2000,20032
Cote d'Ivoire,CIV,2001,22819
Cote d'Ivoire,CIV,2002,22802
Cote d'Ivoire,CIV,2003,21732
Cote d'Ivoire,CIV,2004,22826
Cote d'Ivoire,CIV,2005,25129
Cote d'Ivoire,CIV,2006,25958
Cote d'Ivoire,CIV,2007,26815
Cote d'Ivoire,CIV,2008,27700
Cote d'Ivoire,CIV,2009,28614
Cote d'Ivoire,CIV,2010,30076.61
Cote d'Ivoire,CIV,2011,31713
Cote d'Ivoire,CIV,2012,33000
Cote d'Ivoire,CIV,2013,33944.95
Cote d'Ivoire,CIV,2014,34809.44
Cote d'Ivoire,CIV,2015,35252.7
Cote d'Ivoire,CIV,2016,35799.93
Cote d'Ivoire,CIV,2017,36459.99
Cote d'Ivoire,CIV,2018,37157.21
Cote d'Ivoire,CIV,2019,37881.03
Cote d'Ivoire,CIV,2020,37166.08
Cote d'Ivoire,CIV,2021,37401.44
Cote d'Ivoire,CIV,2022,37482.85
Cote d'Ivoire,CIV,2023,37350.12
Croatia,HRV,2018,0
Croatia,HRV,2019,0
Croatia,HRV,2020,0
Croatia,HRV,2021,0
Croatia,HRV,2022,0
Croatia,HRV,2023,0
Cuba,CUB,1961,35000
Cuba,CUB,1962,35000
Cuba,CUB,1963,35983
Cuba,CUB,1964,37779
Cuba,CUB,1965,31818
Cuba,CUB,1966,12997
Cuba,CUB,1967,27541
Cuba,CUB,1968,16150
Cuba,CUB,1969,16492
Cuba,CUB,1970,16080
Cuba,CUB,1971,11839
Cuba,CUB,1972,18368
Cuba,CUB,1973,18428
Cuba,CUB,1974,20853
Cuba,CUB,1975,23359
Cuba,CUB,1976,21181
Cuba,CUB,1977,19593
Cuba,CUB,1978,24389
Cuba,CUB,1979,14100
Cuba,CUB,1980,15030
Cuba,CUB,1981,9985
Cuba,CUB,1982,16171
Cuba,CUB,1983,16966
Cuba,CUB,1984,15012
Cuba,CUB,1985,8643
Cuba,CUB,1986,11184
Cuba,CUB,1987,10631
Cuba,CUB,1988,6181
Cuba,CUB,1989,8753
Cuba,CUB,1990,9000
Cuba,CUB,1991,8525.45
Cuba,CUB,1992,8500
Cuba,CUB,1993,8160.06
Cuba,CUB,1994,8500
Cuba,CUB,1995,7500
Cuba,CUB,1996,7500
Cuba,CUB,1997,7500
Cuba,CUB,1998,7500
Cuba,CUB,1999,6990.61
Cuba,CUB,2000,6803.53
Cuba,CUB,2001,7500
Cuba,CUB,2002,3500
Cuba,CUB,2003,5313.12
Cuba,CUB,2004,5207.34
Cuba,CUB,2005,4851.43
Cuba,CUB,2006,4945.6
Cuba,CUB,2007,4638.89
Cuba,CUB,2008,4547.06
Cuba,CUB,2009,4319.25
Cuba,CUB,2010,4241.06
Cuba,CUB,2011,4052.41
Cuba,CUB,2012,3750
Cuba,CUB,2013,3750
Cuba,CUB,2014,3700
Cuba,CUB,2015,3357.05
Cuba,CUB,2016,3602.35
Cuba,CUB,2017,3553.13
Cuba,CUB,2018,3504.18
Cuba,CUB,2019,3553.22
Cuba,CUB,2020,3536.84
Cuba,CUB,2021,3531.41
Cuba,CUB,2022,3540.49
Cuba,CUB,2023,3536.25
Cyprus,CYP,1961,40
Cyprus,CYP,1962,45
Cyprus,CYP,1963,45
Cyprus,CYP,1964,45
Cyprus,CYP,1965,50
Cyprus,CYP,1966,50
Cyprus,CYP,1967,50
Cyprus,CYP,1968,50
Cyprus,CYP,1969,55
Cyprus,CYP,1970,55
Cyprus,CYP,1971,55
Cyprus,CYP,1972,55
Cyprus,CYP,1973,50
Cyprus,CYP,1974,50
Cyprus,CYP,1975,50
Cyprus,CYP,1976,55
Cyprus,CYP,1977,55
Cyprus,CYP,1978,55
Cyprus,CYP,1979,55
Cyprus,CYP,1980,58
Cyprus,CYP,1981,61
Cyprus,CYP,1982,91
Cyprus,CYP,1983,220
Cyprus,CYP,1984,250
Cyprus,CYP,1985,300
Cyprus,CYP,1986,500
Cyprus,CYP,1987,500
Cyprus,CYP,1988,550
Cyprus,CYP,1989,750
Cyprus,CYP,1990,250
Cyprus,CYP,1991,830
Cyprus,CYP,1992,950
Cyprus,CYP,1993,800
Cyprus,CYP,1994,750
Cyprus,CYP,1995,1200
Cyprus,CYP,1996,1400
Cyprus,CYP,1997,1100
Cyprus,CYP,1998,1100
Cyprus,CYP,1999,1000
Cyprus,CYP,2000,1030
Cyprus,CYP,2001,1030
Cyprus,CYP,2002,1030
Cyprus,CYP,2003,1030
Cyprus,CYP,2004,1093
Cyprus,CYP,2005,1160
Cyprus,CYP,2006,1050
Cyprus,CYP,2007,1114
Cyprus,CYP,2008,960
Cyprus,CYP,2009,910
Cyprus,CYP,2010,967
Cyprus,CYP,2011,1059
Cyprus,CYP,2012,869
Cyprus,CYP,2013,980
Cyprus,CYP,2014,867
Cyprus,CYP,2015,829
Cyprus,CYP,2016,810
Cyprus,CYP,2017,717
Cyprus,CYP,2018,950
Cyprus,CYP,2019,910
Cyprus,CYP,2020,1160
Cyprus,CYP,2021,1210
Cyprus,CYP,2022,1310
Cyprus,CYP,2023,1180
Czechia,CZE,2018,0
Czechia,CZE,2019,0
Czechia,CZE,2020,0
Czechia,CZE,2021,0
Czechia,CZE,2022,0
Czechia,CZE,2023,0
Democratic Republic of Congo,COD,1961,14000
Democratic Republic of Congo,COD,1962,14000
Democratic Republic of Congo,COD,1963,12000
Democratic Republic of Congo,COD,1964,12000
Democratic Republic of Congo,COD,1965,16000
Democratic Republic of Congo,COD,1966,16000
Democratic Republic of Congo,COD,1967,17000
Democratic Republic of Congo,COD,1968,18000
Democratic Republic of Congo,COD,1969,18000
Democratic Republic of Congo,COD,1970,19500
Democratic Republic of Congo,COD,1971,18800
Democratic Republic of Congo,COD,1972,19600
Democratic Republic of Congo,COD,1973,21100
Democratic Republic of Congo,COD,1974,21700
Democratic Republic of Congo,COD,1975,22300
Democratic Republic of Congo,COD,1976,22800
Democratic Republic of Congo,COD,1977,21800
Democratic Republic of Congo,COD,1978,21700
Democratic Republic of Congo,COD,1979,35000
Democratic Republic of Congo,COD,1980,35700
Democratic Republic of Congo,COD,1981,37100
Democratic Republic of Congo,COD,1982,37800
Democratic Republic of Congo,COD,1983,39200
Democratic Republic of Congo,COD,1984,39900
Democratic Republic of Congo,COD,1985,40700
Democratic Republic of Congo,COD,1986,41900
Democratic Republic of Congo,COD,1987,43200
Democratic Republic of Congo,COD,1988,44000
Democratic Republic of Congo,COD,1989,44900
Democratic Republic of Congo,COD,1990,40000
Democratic Republic of Congo,COD,1991,70962
Democratic Republic of Congo,COD,1992,76911
Democratic Republic of Congo,COD,1993,83353
Democratic Republic of Congo,COD,1994,90334
Democratic Republic of Congo,COD,1995,60743
Democratic Republic of Congo,COD,1996,58520
Democratic Republic of Congo,COD,1997,60356
Democratic Republic of Congo,COD,1998,62012
Democratic Republic of Congo,COD,1999,63713
Democratic Republic of Congo,COD,2000,62500
Democratic Republic of Congo,COD,2001,61310
Democratic Republic of Congo,COD,2002,60143
Democratic Republic of Congo,COD,2003,60960
Democratic Republic of Congo,COD,2004,61790
Democratic Republic of Congo,COD,2005,62630
Democratic Republic of Congo,COD,2006,63480
Democratic Republic of Congo,COD,2007,64340
Democratic Republic of Congo,COD,2008,65220
Democratic Republic of Congo,COD,2009,66112
Democratic Republic of Congo,COD,2010,67016
Democratic Republic of Congo,COD,2011,67933
Democratic Republic of Congo,COD,2012,66509.09
Democratic Republic of Congo,COD,2013,65302.79
Democratic Republic of Congo,COD,2014,63837.79
Democratic Republic of Congo,COD,2015,63275.04
Democratic Republic of Congo,COD,2016,62709.21
Democratic Republic of Congo,COD,2017,62453.67
Democratic Republic of Congo,COD,2018,62292.13
Democratic Republic of Congo,COD,2019,62166.81
Democratic Republic of Congo,COD,2020,62093.33
Democratic Republic of Congo,COD,2021,62012.43
Democratic Republic of Congo,COD,2022,61845.27
Democratic Republic of Congo,COD,2023,61726.42
Denmark,DNK,2018,0
Denmark,DNK,2019,0
Denmark,DNK,2020,0
Denmark,DNK,2021,0
Denmark,DNK,2022,0
Denmark,DNK,2023,0
Dominica,DMA,1961,100
Dominica,DMA,1962,100
Dominica,DMA,1963,100
Dominica,DMA,1964,100
Dominica,DMA,1965,100
Dominica,DMA,1966,100
Dominica,DMA,1967,100
Dominica,DMA,1968,100
Dominica,DMA,1969,100
Dominica,DMA,1970,100
Dominica,DMA,1971,100
Dominica,DMA,1972,100
Dominica,DMA,1973,100
Dominica,DMA,1974,100
Dominica,DMA,1975,100
Dominica,DMA,1976,100
Dominica,DMA,1977,100
Dominica,DMA,1978,100
Dominica,DMA,1979,101
Dominica,DMA,1980,152
Dominica,DMA,1981,157
Dominica,DMA,1982,160
Dominica,DMA,1983,193
Dominica,DMA,1984,231
Dominica,DMA,1985,209
Dominica,DMA,1986,280
Dominica,DMA,1987,263
Dominica,DMA,1988,358
Dominica,DMA,1989,803
Dominica,DMA,1990,695
Dominica,DMA,1991,718
Dominica,DMA,1992,861
Dominica,DMA,1993,1071
Dominica,DMA,1994,600
Dominica,DMA,1995,323
Dominica,DMA,1996,400
Dominica,DMA,1997,471
Dominica,DMA,1998,480
Dominica,DMA,1999,600
Dominica,DMA,2000,540
Dominica,DMA,2001,562
Dominica,DMA,2002,559
Dominica,DMA,2003,698
Dominica,DMA,2004,771
Dominica,DMA,2005,719
Dominica,DMA,2006,757
Dominica,DMA,2007,520
Dominica,DMA,2008,652
Dominica,DMA,2009,897
Dominica,DMA,2010,711
Dominica,DMA,2011,812
Dominica,DMA,2012,859
Dominica,DMA,2013,1074
Dominica,DMA,2014,1077
Dominica,DMA,2015,1054.96
Dominica,DMA,2016,1070.15
Dominica,DMA,2017,1048.25
Dominica,DMA,2018,1035.14
Dominica,DMA,2019,1036.07
Dominica,DMA,2020,1062.93
Dominica,DMA,2021,1080.17
Dominica,DMA,2022,1094.53
Dominica,DMA,2023,1079.21
Dominican Republic,DOM,1961,106215
Dominican Republic,DOM,1962,107850
Dominican Republic,DOM,1963,109511
Dominican Republic,DOM,1964,115674
Dominican Republic,DOM,1965,116520
Dominican Republic,DOM,1966,115162
Dominican Republic,DOM,1967,116798
Dominican Republic,DOM,1968,118433
Dominican Republic,DOM,1969,120067
Dominican Republic,DOM,1970,121702
Dominican Republic,DOM,1971,123337
Dominican Republic,DOM,1972,124972
Dominican Republic,DOM,1973,126607
Dominican Republic,DOM,1974,128242
Dominican Republic,DOM,1975,129877
Dominican Republic,DOM,1976,131512
Dominican Republic,DOM,1977,133146
Dominican Republic,DOM,1978,134782
Dominican Republic,DOM,1979,138700
Dominican Republic,DOM,1980,124800
Dominican Republic,DOM,1981,134000
Dominican Republic,DOM,1982,136000
Dominican Republic,DOM,1983,138000
Dominican Republic,DOM,1984,130996
Dominican Republic,DOM,1985,129031
Dominican Republic,DOM,1986,132680
Dominican Republic,DOM,1987,129490
Dominican Republic,DOM,1988,124890
Dominican Republic,DOM,1989,137150
Dominican Republic,DOM,1990,7376
Dominican Republic,DOM,1991,20803
Dominican Republic,DOM,1992,11369
Dominican Republic,DOM,1993,12082
Dominican Republic,DOM,1994,27197
Dominican Republic,DOM,1995,48030
Dominican Republic,DOM,1996,11989
Dominican Republic,DOM,1997,30972
Dominican Republic,DOM,1998,60019
Dominican Republic,DOM,1999,71158
Dominican Republic,DOM,2000,81736
Dominican Republic,DOM,2001,111058
Dominican Republic,DOM,2002,147534
Dominican Republic,DOM,2003,273606
Dominican Republic,DOM,2004,220146.06
Dominican Republic,DOM,2005,112706
Dominican Republic,DOM,2006,216378
Dominican Republic,DOM,2007,183468
Dominican Republic,DOM,2008,188139
Dominican Republic,DOM,2009,184357
Dominican Republic,DOM,2010,285590.12
Dominican Republic,DOM,2011,295080.75
Dominican Republic,DOM,2012,290011
Dominican Republic,DOM,2013,387546.03
Dominican Republic,DOM,2014,513961
Dominican Republic,DOM,2015,526438
Dominican Republic,DOM,2016,601349.4
Dominican Republic,DOM,2017,637688
Dominican Republic,DOM,2018,644602.94
Dominican Republic,DOM,2019,665652.1
Dominican Republic,DOM,2020,620086.94
Dominican Republic,DOM,2021,634368.2
Dominican Republic,DOM,2022,737201
Dominican Republic,DOM,2023,1016834.75
Ecuador,ECU,1961,16000
Ecuador,ECU,1962,25920
Ecuador,ECU,1963,29174
Ecuador,ECU,1964,28782
Ecuador,ECU,1965,23984
Ecuador,ECU,1966,22998
Ecuador,ECU,1967,27395
Ecuador,ECU,1968,30788
Ecuador,ECU,1969,23768
Ecuador,ECU,1970,23358
Ecuador,ECU,1971,21670
Ecuador,ECU,1972,27200
Ecuador,ECU,1973,24317
Ecuador,ECU,1974,29332
Ecuador,ECU,1975,31936
Ecuador,ECU,1976,43495
Ecuador,ECU,1977,40466
Ecuador,ECU,1978,31346
Ecuador,ECU,1979,28994
Ecuador,ECU,1980,29055
Ecuador,ECU,1981,30617
Ecuador,ECU,1982,31076
Ecuador,ECU,1983,29561
Ecuador,ECU,1984,32577
Ecuador,ECU,1985,28382
Ecuador,ECU,1986,20290
Ecuador,ECU,1987,20026
Ecuador,ECU,1988,16376
Ecuador,ECU,1989,13432
Ecuador,ECU,1990,18655
Ecuador,ECU,1991,18083
Ecuador,ECU,1992,16083
Ecuador,ECU,1993,17668
Ecuador,ECU,1994,24063
Ecuador,ECU,1995,12568
Ecuador,ECU,1996,31694
Ecuador,ECU,1997,43998
Ecuador,ECU,1998,23577
Ecuador,ECU,1999,21203
Ecuador,ECU,2000,16104
Ecuador,ECU,2001,16296
Ecuador,ECU,2002,15303
Ecuador,ECU,2003,11850
Ecuador,ECU,2004,21928
Ecuador,ECU,2005,27580
Ecuador,ECU,2006,28000
Ecuador,ECU,2007,28500
Ecuador,ECU,2008,27687
Ecuador,ECU,2009,28000
Ecuador,ECU,2010,29000
Ecuador,ECU,2011,27000
Ecuador,ECU,2012,28600
Ecuador,ECU,2013,27000
Ecuador,ECU,2014,24598.32
Ecuador,ECU,2015,23858.79
Ecuador,ECU,2016,16118.41
Ecuador,ECU,2017,20995
Ecuador,ECU,2018,18232
Ecuador,ECU,2019,26407.86
Ecuador,ECU,2020,20352.48
Ecuador,ECU,2021,42492.34
Ecuador,ECU,2022,26439.99
Ecuador,ECU,2023,26523.59
Egypt,EGY,2021,1050
Egypt,EGY,2022,894
Egypt,EGY,2023,903
El Salvador,SLV,1961,16400
El Salvador,SLV,1962,17600
El Salvador,SLV,1963,17900
El Salvador,SLV,1964,18800
El Salvador,SLV,1965,19800
El Salvador,SLV,1966,20800
El Salvador,SLV,1967,21900
El Salvador,SLV,1968,23600
El Salvador,SLV,1969,24000
El Salvador,SLV,1970,24100
El Salvador,SLV,1971,24500
El Salvador,SLV,1972,25000
El Salvador,SLV,1973,26000
El Salvador,SLV,1974,27000
El Salvador,SLV,1975,28000
El Salvador,SLV,1976,29000
El Salvador,SLV,1977,30000
El Salvador,SLV,1978,31000
El Salvador,SLV,1979,31000
El Salvador,SLV,1980,31000
El Salvador,SLV,1981,32000
El Salvador,SLV,1982,33000
El Salvador,SLV,1983,33500
El Salvador,SLV,1984,34000
El Salvador,SLV,1985,34000
El Salvador,SLV,1986,35000
El Salvador,SLV,1987,35000
El Salvador,SLV,1988,36000
El Salvador,SLV,1989,37000
El Salvador,SLV,1990,38000
El Salvador,SLV,1991,39000
El Salvador,SLV,1992,40000
El Salvador,SLV,1993,40000
El Salvador,SLV,1994,41000
El Salvador,SLV,1995,41000
El Salvador,SLV,1996,41500
El Salvador,SLV,1997,42000
El Salvador,SLV,1998,42500
El Salvador,SLV,1999,42500
El Salvador,SLV,2000,40000
El Salvador,SLV,2001,23000
El Salvador,SLV,2002,7000
El Salvador,SLV,2003,6822
El Salvador,SLV,2004,8442
El Salvador,SLV,2005,8976
El Salvador,SLV,2006,1920
El Salvador,SLV,2007,1958
El Salvador,SLV,2008,2135
El Salvador,SLV,2009,2182
El Salvador,SLV,2010,1879.68
El Salvador,SLV,2011,2887
El Salvador,SLV,2012,5250.42
El Salvador,SLV,2013,8256
El Salvador,SLV,2014,10245
El Salvador,SLV,2015,9190
El Salvador,SLV,2016,10537
El Salvador,SLV,2017,36087.59
El Salvador,SLV,2018,41011
El Salvador,SLV,2019,40613
El Salvador,SLV,2020,28558.75
El Salvador,SLV,2021,38568.15
El Salvador,SLV,2022,21377
El Salvador,SLV,2023,17349.77
Estonia,EST,2018,0
Estonia,EST,2019,0
Estonia,EST,2020,0
Estonia,EST,2021,0
Estonia,EST,2022,0
Estonia,EST,2023,0
Eswatini,SWZ,1997,280
Eswatini,SWZ,1998,250
Eswatini,SWZ,1999,140
Eswatini,SWZ,2000,310
Eswatini,SWZ,2001,140
Eswatini,SWZ,2002,210
Eswatini,SWZ,2003,350
Eswatini,SWZ,2004,324.51
Eswatini,SWZ,2005,280
Eswatini,SWZ,2006,500
Eswatini,SWZ,2007,650
Eswatini,SWZ,2008,750
Eswatini,SWZ,2009,730.7
Eswatini,SWZ,2010,800
Eswatini,SWZ,2011,789.34
Eswatini,SWZ,2012,750
Eswatini,SWZ,2013,811.38
Eswatini,SWZ,2014,833.73
Eswatini,SWZ,2015,934.1
Eswatini,SWZ,2016,859.74
Eswatini,SWZ,2017,868.93
Eswatini,SWZ,2018,884.61
Eswatini,SWZ,2019,898.05
Eswatini,SWZ,2020,883.86
Eswatini,SWZ,2021,888.84
Eswatini,SWZ,2022,890.25
Eswatini,SWZ,2023,887.65
Ethiopia,ETH,2000,78032
Ethiopia,ETH,2001,13888
Ethiopia,ETH,2002,15000
Ethiopia,ETH,2003,17201
Ethiopia,ETH,2004,16740
Ethiopia,ETH,2005,28348
Ethiopia,ETH,2006,34845
Ethiopia,ETH,2007,42849
Ethiopia,ETH,2008,32452
Ethiopia,ETH,2009,37651
Ethiopia,ETH,2010,57299
Ethiopia,ETH,2011,73097
Ethiopia,ETH,2012,25633
Ethiopia,ETH,2013,18206
Ethiopia,ETH,2014,53698
Ethiopia,ETH,2015,59331.43
Ethiopia,ETH,2016,64982
Ethiopia,ETH,2017,81431.76
Ethiopia,ETH,2018,84793.65
Ethiopia,ETH,2019,104491.92
Ethiopia,ETH,2020,245335.62
Ethiopia,ETH,2021,193400
Ethiopia,ETH,2022,161292.03
Ethiopia,ETH,2023,167556.7
Fiji,FJI,2020,160
Fiji,FJI,2021,251
Fiji,FJI,2022,263
Fiji,FJI,2023,211
Finland,FIN,2018,0
Finland,FIN,2019,0
Finland,FIN,2020,0
Finland,FIN,2021,0
Finland,FIN,2022,0
Finland,FIN,2023,0
France,FRA,1961,0
France,FRA,1962,0
France,FRA,1963,0
France,FRA,1964,0
France,FRA,1965,0
France,FRA,1966,0
France,FRA,1967,0
France,FRA,1968,0
France,FRA,1969,0
France,FRA,1970,0
France,FRA,1971,0
France,FRA,1972,0
France,FRA,1973,0
France,FRA,1974,200
France,FRA,1975,230
France,FRA,1976,220
France,FRA,1977,95
France,FRA,1978,65
France,FRA,1979,0
France,FRA,1980,0
France,FRA,1981,0
France,FRA,1982,0
France,FRA,1983,0
France,FRA,1984,0
France,FRA,1985,0
France,FRA,1986,0
France,FRA,1987,0
France,FRA,1988,300
France,FRA,1989,400
France,FRA,1990,350
France,FRA,1991,74.2
France,FRA,1992,75
France,FRA,1993,75
France,FRA,1994,75
France,FRA,1995,75
France,FRA,1996,64
France,FRA,1997,70
France,FRA,1998,70
France,FRA,1999,77
France,FRA,2000,1498.4
France,FRA,2001,1610.6
France,FRA,2002,1459
France,FRA,2003,939.5
France,FRA,2004,1176
France,FRA,2005,980
France,FRA,2006,995.5
France,FRA,2007,957.1
France,FRA,2008,1410.76
France,FRA,2009,2347
France,FRA,2010,1983
France,FRA,2011,1256
France,FRA,2012,980
France,FRA,2013,980
France,FRA,2014,957
France,FRA,2015,941
France,FRA,2016,1925.8
France,FRA,2017,2567.8
France,FRA,2018,2460
France,FRA,2019,2080
France,FRA,2020,1080
France,FRA,2021,1100
France,FRA,2022,1080
France,FRA,2023,1210
French Polynesia,PYF,1961,0
French Polynesia,PYF,1962,0
French Polynesia,PYF,1963,0
French Polynesia,PYF,1964,0
French Polynesia,PYF,1965,0
French Polynesia,PYF,1966,0
French Polynesia,PYF,1967,0
French Polynesia,PYF,1968,0
French Polynesia,PYF,1969,0
French Polynesia,PYF,1970,0
French Polynesia,PYF,1971,0
French Polynesia,PYF,1972,0
French Polynesia,PYF,1973,0
French Polynesia,PYF,1974,0
French Polynesia,PYF,1975,0
French Polynesia,PYF,1976,0
French Polynesia,PYF,1977,0
French Polynesia,PYF,1978,0
French Polynesia,PYF,1979,0
French Polynesia,PYF,1980,0
French Polynesia,PYF,1981,0
French Polynesia,PYF,1982,0
French Polynesia,PYF,1983,0
French Polynesia,PYF,1984,0
French Polynesia,PYF,1985,0
French Polynesia,PYF,1986,0
French Polynesia,PYF,1987,28
French Polynesia,PYF,1988,37
French Polynesia,PYF,1989,57
French Polynesia,PYF,1990,57
French Polynesia,PYF,1991,61
French Polynesia,PYF,1992,40
French Polynesia,PYF,1993,50
French Polynesia,PYF,1994,62
French Polynesia,PYF,1995,70
French Polynesia,PYF,1996,65.57
French Polynesia,PYF,1997,78
French Polynesia,PYF,1998,67
French Polynesia,PYF,1999,70
French Polynesia,PYF,2000,73.87
French Polynesia,PYF,2001,76.37
French Polynesia,PYF,2002,78.85
French Polynesia,PYF,2003,81.31
French Polynesia,PYF,2004,84.57
French Polynesia,PYF,2005,87.05
French Polynesia,PYF,2006,89.23
French Polynesia,PYF,2007,91.86
French Polynesia,PYF,2008,94.5
French Polynesia,PYF,2009,97.17
French Polynesia,PYF,2010,99.87
French Polynesia,PYF,2011,100
French Polynesia,PYF,2012,105
French Polynesia,PYF,2013,110
French Polynesia,PYF,2014,110
French Polynesia,PYF,2015,113.91
French Polynesia,PYF,2016,116.75
French Polynesia,PYF,2017,119.6
French Polynesia,PYF,2018,122.5
French Polynesia,PYF,2019,127
French Polynesia,PYF,2020,100
French Polynesia,PYF,2021,151
French Polynesia,PYF,2022,130
French Polynesia,PYF,2023,135.22
Germany,DEU,2018,0
Germany,DEU,2019,0
Germany,DEU,2020,0
Germany,DEU,2021,0
Germany,DEU,2022,0
Germany,DEU,2023,0
Ghana,GHA,1961,4000
Ghana,GHA,1962,4000
Ghana,GHA,1963,4000
Ghana,GHA,1964,4000
Ghana,GHA,1965,3861
Ghana,GHA,1966,4064
Ghana,GHA,1967,3759
Ghana,GHA,1968,4000
Ghana,GHA,1969,4000
Ghana,GHA,1970,4000
Ghana,GHA,1971,4000
Ghana,GHA,1972,4000
Ghana,GHA,1973,4000
Ghana,GHA,1974,4000
Ghana,GHA,1975,4000
Ghana,GHA,1976,4000
Ghana,GHA,1977,4000
Ghana,GHA,1978,4000
Ghana,GHA,1979,4000
Ghana,GHA,1980,4000
Ghana,GHA,1981,4000
Ghana,GHA,1982,4500
Ghana,GHA,1983,4000
Ghana,GHA,1984,4300
Ghana,GHA,1985,4500
Ghana,GHA,1986,5000
Ghana,GHA,1987,5500
Ghana,GHA,1988,5700
Ghana,GHA,1989,5800
Ghana,GHA,1990,5900
Ghana,GHA,1991,6000
Ghana,GHA,1992,6100
Ghana,GHA,1993,6200
Ghana,GHA,1994,6267.96
Ghana,GHA,1995,6300
Ghana,GHA,1996,6441.94
Ghana,GHA,1997,6534.9
Ghana,GHA,1998,6627.18
Ghana,GHA,1999,6717.94
Ghana,GHA,2000,6832.32
Ghana,GHA,2001,6935.69
Ghana,GHA,2002,6918.96
Ghana,GHA,2003,7083.86
Ghana,GHA,2004,7224.23
Ghana,GHA,2005,7371.27
Ghana,GHA,2006,7350
Ghana,GHA,2007,7900
Ghana,GHA,2008,8000
Ghana,GHA,2009,8117.53
Ghana,GHA,2010,8271.71
Ghana,GHA,2011,8500
Ghana,GHA,2012,8750
Ghana,GHA,2013,8703.52
Ghana,GHA,2014,8700
Ghana,GHA,2015,8801.59
Ghana,GHA,2016,8949.59
Ghana,GHA,2017,9090.98
Ghana,GHA,2018,9212.29
Ghana,GHA,2019,9316.76
Ghana,GHA,2020,9419.23
Ghana,GHA,2021,9463.32
Ghana,GHA,2022,9399.77
Ghana,GHA,2023,9427.44
Greece,GRC,1961,0
Greece,GRC,1962,0
Greece,GRC,1963,0
Greece,GRC,1964,0
Greece,GRC,1965,0
Greece,GRC,1966,0
Greece,GRC,1967,0
Greece,GRC,1968,0
Greece,GRC,1969,0
Greece,GRC,1970,0
Greece,GRC,1971,0
Greece,GRC,1972,0
Greece,GRC,1973,0
Greece,GRC,1974,0
Greece,GRC,1975,0
Greece,GRC,1976,0
Greece,GRC,1977,0
Greece,GRC,1978,0
Greece,GRC,1979,0
Greece,GRC,1980,0
Greece,GRC,1981,500
Greece,GRC,1982,500
Greece,GRC,1983,500
Greece,GRC,1984,500
Greece,GRC,1985,746
Greece,GRC,1986,565
Greece,GRC,1987,488
Greece,GRC,1988,941
Greece,GRC,1989,727
Greece,GRC,1990,812
Greece,GRC,1991,1608
Greece,GRC,1992,1678
Greece,GRC,1993,1944
Greece,GRC,1994,2010
Greece,GRC,1995,1453
Greece,GRC,1996,1511
Greece,GRC,1997,1562
Greece,GRC,1998,1544
Greece,GRC,1999,1473
Greece,GRC,2000,1925
Greece,GRC,2001,1471.22
Greece,GRC,2002,1578.34
Greece,GRC,2003,1596.26
Greece,GRC,2004,1635
Greece,GRC,2005,1537.66
Greece,GRC,2006,1534
Greece,GRC,2007,1538
Greece,GRC,2008,1426.74
Greece,GRC,2009,1426.73
Greece,GRC,2010,1431.26
Greece,GRC,2011,1427.2
Greece,GRC,2012,1477.53
Greece,GRC,2013,1414.58
Greece,GRC,2014,1474.3
Greece,GRC,2015,1542.47
Greece,GRC,2016,1731.43
Greece,GRC,2017,1756
Greece,GRC,2018,6530
Greece,GRC,2019,9380
Greece,GRC,2020,9570
Greece,GRC,2021,12760
Greece,GRC,2022,13890
Greece,GRC,2023,15950
Grenada,GRD,1961,2000
Grenada,GRD,1962,2000
Grenada,GRD,1963,2050
Grenada,GRD,1964,2050
Grenada,GRD,1965,2100
Grenada,GRD,1966,2110
Grenada,GRD,1967,2120
Grenada,GRD,1968,2120
Grenada,GRD,1969,2125
Grenada,GRD,1970,2125
Grenada,GRD,1971,2130
Grenada,GRD,1972,2050
Grenada,GRD,1973,2041
Grenada,GRD,1974,1705
Grenada,GRD,1975,1370
Grenada,GRD,1976,907
Grenada,GRD,1977,989
Grenada,GRD,1978,1243
Grenada,GRD,1979,1234
Grenada,GRD,1980,1354
Grenada,GRD,1981,1423
Grenada,GRD,1982,1495
Grenada,GRD,1983,1571
Grenada,GRD,1984,1587
Grenada,GRD,1985,1619
Grenada,GRD,1986,1525
Grenada,GRD,1987,1718
Grenada,GRD,1988,1552
Grenada,GRD,1989,1597
Grenada,GRD,1990,1677
Grenada,GRD,1991,1759
Grenada,GRD,1992,1583
Grenada,GRD,1993,1504
Grenada,GRD,1994,1549
Grenada,GRD,1995,1582
Grenada,GRD,1996,1600
Grenada,GRD,1997,1500
Grenada,GRD,1998,1566.81
Grenada,GRD,1999,1582.22
Grenada,GRD,2000,1576.25
Grenada,GRD,2001,1576.57
Grenada,GRD,2002,1574.29
Grenada,GRD,2003,1573
Grenada,GRD,2004,1571.67
Grenada,GRD,2005,1570.22
Grenada,GRD,2006,1568.37
Grenada,GRD,2007,1600
Grenada,GRD,2008,1561.06
Grenada,GRD,2009,1555.64
Grenada,GRD,2010,1550.22
Grenada,GRD,2011,1544.79
Grenada,GRD,2012,1525
Grenada,GRD,2013,1541.01
Grenada,GRD,2014,1556.99
Grenada,GRD,2015,1553.1
Grenada,GRD,2016,1549
Grenada,GRD,2017,1548.2
Grenada,GRD,2018,1547.92
Grenada,GRD,2019,1547.53
Grenada,GRD,2020,1549.18
Grenada,GRD,2021,1552.38
Grenada,GRD,2022,1551.85
Grenada,GRD,2023,1551.32
Guadeloupe,GLP,1961,100
Guadeloupe,GLP,1962,100
Guadeloupe,GLP,1963,100
Guadeloupe,GLP,1964,150
Guadeloupe,GLP,1965,150
Guadeloupe,GLP,1966,150
Guadeloupe,GLP,1967,150
Guadeloupe,GLP,1968,200
Guadeloupe,GLP,1969,200
Guadeloupe,GLP,1970,200
Guadeloupe,GLP,1971,200
Guadeloupe,GLP,1972,300
Guadeloupe,GLP,1973,280
Guadeloupe,GLP,1974,280
Guadeloupe,GLP,1975,280
Guadeloupe,GLP,1976,220
Guadeloupe,GLP,1977,240
Guadeloupe,GLP,1978,240
Guadeloupe,GLP,1979,34
Guadeloupe,GLP,1980,33
Guadeloupe,GLP,1981,44
Guadeloupe,GLP,1982,50
Guadeloupe,GLP,1983,92
Guadeloupe,GLP,1984,201
Guadeloupe,GLP,1985,168
Guadeloupe,GLP,1986,297
Guadeloupe,GLP,1987,186
Guadeloupe,GLP,1988,173
Guadeloupe,GLP,1989,104
Guadeloupe,GLP,1990,86
Guadeloupe,GLP,1991,246
Guadeloupe,GLP,1992,268
Guadeloupe,GLP,1993,270
Guadeloupe,GLP,1994,240
Guadeloupe,GLP,1995,239
Guadeloupe,GLP,1996,245
Guadeloupe,GLP,1997,280
Guadeloupe,GLP,1998,265
Guadeloupe,GLP,1999,245
Guadeloupe,GLP,2000,241
Guadeloupe,GLP,2001,237
Guadeloupe,GLP,2002,235
Guadeloupe,GLP,2003,233
Guadeloupe,GLP,2004,232
Guadeloupe,GLP,2005,231
Guadeloupe,GLP,2006,228
Guatemala,GTM,1961,12200
Guatemala,GTM,1962,13100
Guatemala,GTM,1963,13900
Guatemala,GTM,1964,14200
Guatemala,GTM,1965,14800
Guatemala,GTM,1966,16400
Guatemala,GTM,1967,15800
Guatemala,GTM,1968,15800
Guatemala,GTM,1969,17000
Guatemala,GTM,1970,17700
Guatemala,GTM,1971,19000
Guatemala,GTM,1972,20000
Guatemala,GTM,1973,21000
Guatemala,GTM,1974,21000
Guatemala,GTM,1975,21500
Guatemala,GTM,1976,20000
Guatemala,GTM,1977,22600
Guatemala,GTM,1978,22500
Guatemala,GTM,1979,16628
Guatemala,GTM,1980,21072
Guatemala,GTM,1981,22380
Guatemala,GTM,1982,23000
Guatemala,GTM,1983,23300
Guatemala,GTM,1984,24000
Guatemala,GTM,1985,25500
Guatemala,GTM,1986,25068
Guatemala,GTM,1987,25569
Guatemala,GTM,1988,21000
Guatemala,GTM,1989,23000
Guatemala,GTM,1990,26000
Guatemala,GTM,1991,29000
Guatemala,GTM,1992,22477
Guatemala,GTM,1993,23368
Guatemala,GTM,1994,23380
Guatemala,GTM,1995,24288
Guatemala,GTM,1996,24293
Guatemala,GTM,1997,24389
Guatemala,GTM,1998,25498
Guatemala,GTM,1999,26408
Guatemala,GTM,2000,26277
Guatemala,GTM,2001,39562.33
Guatemala,GTM,2002,47128.25
Guatemala,GTM,2003,65980
Guatemala,GTM,2004,58912.58
Guatemala,GTM,2005,58967
Guatemala,GTM,2006,95063.89
Guatemala,GTM,2007,96524.46
Guatemala,GTM,2008,94914.2
Guatemala,GTM,2009,94301.85
Guatemala,GTM,2010,94301.85
Guatemala,GTM,2011,96769.4
Guatemala,GTM,2012,94604.85
Guatemala,GTM,2013,103697.57
Guatemala,GTM,2014,108213.53
Guatemala,GTM,2015,115099.06
Guatemala,GTM,2016,122184.18
Guatemala,GTM,2017,127480
Guatemala,GTM,2018,134353
Guatemala,GTM,2019,128422
Guatemala,GTM,2020,132909
Guatemala,GTM,2021,135671
Guatemala,GTM,2022,150789
Guatemala,GTM,2023,51902.36
Guyana,GUY,1961,300
Guyana,GUY,1962,310
Guyana,GUY,1963,320
Guyana,GUY,1964,330
Guyana,GUY,1965,340
Guyana,GUY,1966,350
Guyana,GUY,1967,360
Guyana,GUY,1968,370
Guyana,GUY,1969,380
Guyana,GUY,1970,387
Guyana,GUY,1971,390
Guyana,GUY,1972,400
Guyana,GUY,1973,410
Guyana,GUY,1974,380
Guyana,GUY,1975,400
Guyana,GUY,1976,410
Guyana,GUY,1977,410
Guyana,GUY,1978,420
Guyana,GUY,1979,430
Guyana,GUY,1980,440
Guyana,GUY,1981,445
Guyana,GUY,1982,450
Guyana,GUY,1983,460
Guyana,GUY,1984,460
Guyana,GUY,1985,465
Guyana,GUY,1986,470
Guyana,GUY,1987,480
Guyana,GUY,1988,480
Guyana,GUY,1989,480
Guyana,GUY,1990,460
Guyana,GUY,1991,440
Guyana,GUY,1992,420
Guyana,GUY,1993,400
Guyana,GUY,1994,360
Guyana,GUY,1995,329
Guyana,GUY,1996,282
Guyana,GUY,1997,330
Guyana,GUY,1998,490
Guyana,GUY,1999,528.73
Guyana,GUY,2000,757
Guyana,GUY,2001,421
Guyana,GUY,2002,500
Guyana,GUY,2003,412.9
Guyana,GUY,2004,381.9
Guyana,GUY,2005,480.24
Guyana,GUY,2006,368.68
Guyana,GUY,2007,326.97
Guyana,GUY,2008,318.88
Guyana,GUY,2009,296.65
Guyana,GUY,2010,185
Guyana,GUY,2011,167
Guyana,GUY,2012,73
Guyana,GUY,2013,211
Guyana,GUY,2014,577
Guyana,GUY,2015,460
Guyana,GUY,2016,1383
Guyana,GUY,2017,5874
Guyana,GUY,2018,8586
Guyana,GUY,2019,9212.72
Guyana,GUY,2020,7884.12
Guyana,GUY,2021,1496.36
Guyana,GUY,2022,392.14
Guyana,GUY,2023,423.14
Haiti,HTI,1961,40000
Haiti,HTI,1962,40000
Haiti,HTI,1963,41000
Haiti,HTI,1964,42000
Haiti,HTI,1965,43000
Haiti,HTI,1966,44000
Haiti,HTI,1967,45000
Haiti,HTI,1968,46000
Haiti,HTI,1969,47000
Haiti,HTI,1970,48000
Haiti,HTI,1971,49000
Haiti,HTI,1972,50000
Haiti,HTI,1973,52000
Haiti,HTI,1974,53000
Haiti,HTI,1975,54000
Haiti,HTI,1976,55000
Haiti,HTI,1977,55000
Haiti,HTI,1978,55000
Haiti,HTI,1979,57000
Haiti,HTI,1980,58000
Haiti,HTI,1981,59000
Haiti,HTI,1982,61000
Haiti,HTI,1983,62000
Haiti,HTI,1984,65000
Haiti,HTI,1985,62000
Haiti,HTI,1986,62000
Haiti,HTI,1987,61000
Haiti,HTI,1988,60000
Haiti,HTI,1989,58000
Haiti,HTI,1990,57000
Haiti,HTI,1991,49601.14
Haiti,HTI,1992,45000
Haiti,HTI,1993,45724.63
Haiti,HTI,1994,45453.82
Haiti,HTI,1995,45823.52
Haiti,HTI,1996,46055.59
Haiti,HTI,1997,49012.26
Haiti,HTI,1998,45973.76
Haiti,HTI,1999,45919.81
Haiti,HTI,2000,45000
Haiti,HTI,2001,42000
Haiti,HTI,2002,51100
Haiti,HTI,2003,51000
Haiti,HTI,2004,47000
Haiti,HTI,2005,54000
Haiti,HTI,2006,54000
Haiti,HTI,2007,58000
Haiti,HTI,2008,45000
Haiti,HTI,2009,56446.14
Haiti,HTI,2010,62836.6
Haiti,HTI,2011,71525.52
Haiti,HTI,2012,80229.6
Haiti,HTI,2013,88253
Haiti,HTI,2014,97078.3
Haiti,HTI,2015,188902.48
Haiti,HTI,2016,352139
Haiti,HTI,2017,300031.44
Haiti,HTI,2018,254825
Haiti,HTI,2019,198976
Haiti,HTI,2020,171984
Haiti,HTI,2021,170000
Haiti,HTI,2022,171433.42
Haiti,HTI,2023,194896.47
Honduras,HND,1961,3586
Honduras,HND,1962,3683
Honduras,HND,1963,3823
Honduras,HND,1964,3960
Honduras,HND,1965,4104
Honduras,HND,1966,4245
Honduras,HND,1967,4412
Honduras,HND,1968,4567
Honduras,HND,1969,4673
Honduras,HND,1970,4901
Honduras,HND,1971,3710
Honduras,HND,1972,4200
Honduras,HND,1973,4200
Honduras,HND,1974,4500
Honduras,HND,1975,4600
Honduras,HND,1976,4800
Honduras,HND,1977,5200
Honduras,HND,1978,5400
Honduras,HND,1979,5600
Honduras,HND,1980,5800
Honduras,HND,1981,5800
Honduras,HND,1982,6000
Honduras,HND,1983,6200
Honduras,HND,1984,6300
Honduras,HND,1985,6500
Honduras,HND,1986,6700
Honduras,HND,1987,5000
Honduras,HND,1988,4000
Honduras,HND,1989,3000
Honduras,HND,1990,2280
Honduras,HND,1991,2513
Honduras,HND,1992,2486
Honduras,HND,1993,797
Honduras,HND,1994,800
Honduras,HND,1995,800
Honduras,HND,1996,800
Honduras,HND,1997,800
Honduras,HND,1998,800
Honduras,HND,1999,800
Honduras,HND,2000,750
Honduras,HND,2001,750
Honduras,HND,2002,896
Honduras,HND,2003,1007
Honduras,HND,2004,1124
Honduras,HND,2005,1241
Honduras,HND,2006,1400
Honduras,HND,2007,1638
Honduras,HND,2008,1650
Honduras,HND,2009,1700
Honduras,HND,2010,1613.63
Honduras,HND,2011,1354.03
Honduras,HND,2012,1257.99
Honduras,HND,2013,1185.28
Honduras,HND,2014,979.77
Honduras,HND,2015,1600.17
Honduras,HND,2016,2960.17
Honduras,HND,2017,1846.7
Honduras,HND,2018,2135.68
Honduras,HND,2019,2314.19
Honduras,HND,2020,2098.86
Honduras,HND,2021,2182.91
Honduras,HND,2022,2198.65
Honduras,HND,2023,2160.14
Hungary,HUN,2018,0
Hungary,HUN,2019,0
Hungary,HUN,2020,0
Hungary,HUN,2021,0
Hungary,HUN,2022,0
Hungary,HUN,2023,0
Indonesia,IDN,1961,30000
Indonesia,IDN,1962,30000
Indonesia,IDN,1963,30000
Indonesia,IDN,1964,35000
Indonesia,IDN,1965,35000
Indonesia,IDN,1966,50000
Indonesia,IDN,1967,50000
Indonesia,IDN,1968,50000
Indonesia,IDN,1969,40000
Indonesia,IDN,1970,33000
Indonesia,IDN,1971,28000
Indonesia,IDN,1972,36000
Indonesia,IDN,1973,40000
Indonesia,IDN,1974,55400
Indonesia,IDN,1975,55800
Indonesia,IDN,1976,44000
Indonesia,IDN,1977,57600
Indonesia,IDN,1978,47000
Indonesia,IDN,1979,39019
Indonesia,IDN,1980,46373
Indonesia,IDN,1981,72192
Indonesia,IDN,1982,51465
Indonesia,IDN,1983,45745
Indonesia,IDN,1984,58097
Indonesia,IDN,1985,62802
Indonesia,IDN,1986,71100
Indonesia,IDN,1987,56600
Indonesia,IDN,1988,62520
Indonesia,IDN,1989,61302
Indonesia,IDN,1990,84592
Indonesia,IDN,1991,91420
Indonesia,IDN,1992,93267
Indonesia,IDN,1993,92721
Indonesia,IDN,1994,102037
Indonesia,IDN,1995,162697
Indonesia,IDN,1996,143151
Indonesia,IDN,1997,129952
Indonesia,IDN,1998,130950
Indonesia,IDN,1999,126104
Indonesia,IDN,2000,145795
Indonesia,IDN,2001,141703
Indonesia,IDN,2002,238182
Indonesia,IDN,2003,255959
Indonesia,IDN,2004,221774
Indonesia,IDN,2005,227577
Indonesia,IDN,2006,239463
Indonesia,IDN,2007,201635
Indonesia,IDN,2008,244215
Indonesia,IDN,2009,257642
Indonesia,IDN,2010,224278
Indonesia,IDN,2011,275953
Indonesia,IDN,2012,294200
Indonesia,IDN,2013,289901
Indonesia,IDN,2014,307326
Indonesia,IDN,2015,382530
Indonesia,IDN,2016,304938
Indonesia,IDN,2017,363157
Indonesia,IDN,2018,410084
Indonesia,IDN,2019,461613
Indonesia,IDN,2020,609049
Indonesia,IDN,2021,669000
Indonesia,IDN,2022,866000
Indonesia,IDN,2023,874046.5
Ireland,IRL,2018,0
Ireland,IRL,2019,0
Ireland,IRL,2020,0
Ireland,IRL,2021,0
Ireland,IRL,2022,0
Ireland,IRL,2023,0
Israel,ISR,1961,800
Israel,ISR,1962,1200
Israel,ISR,1963,1550
Israel,ISR,1964,1550
Israel,ISR,1965,1400
Israel,ISR,1966,2300
Israel,ISR,1967,3500
Israel,ISR,1968,4750
Israel,ISR,1969,5200
Israel,ISR,1970,4100
Israel,ISR,1971,7600
Israel,ISR,1972,11750
Israel,ISR,1973,12350
Israel,ISR,1974,15000
Israel,ISR,1975,17050
Israel,ISR,1976,18500
Israel,ISR,1977,21800
Israel,ISR,1978,24200
Israel,ISR,1979,32900
Israel,ISR,1980,32000
Israel,ISR,1981,8000
Israel,ISR,1982,40100
Israel,ISR,1983,61600
Israel,ISR,1984,52500
Israel,ISR,1985,77200
Israel,ISR,1986,68000
Israel,ISR,1987,134700
Israel,ISR,1988,35800
Israel,ISR,1989,20000
Israel,ISR,1990,48000
Israel,ISR,1991,52700
Israel,ISR,1992,74880
Israel,ISR,1993,47590
Israel,ISR,1994,49400
Israel,ISR,1995,56750
Israel,ISR,1996,76000
Israel,ISR,1997,79347
Israel,ISR,1998,65684
Israel,ISR,1999,55900
Israel,ISR,2000,81303
Israel,ISR,2001,78600
Israel,ISR,2002,94230
Israel,ISR,2003,59470
Israel,ISR,2004,73160
Israel,ISR,2005,85640
Israel,ISR,2006,84909
Israel,ISR,2007,85913
Israel,ISR,2008,53130
Israel,ISR,2009,84968.14
Israel,ISR,2010,69545
Israel,ISR,2011,75287
Israel,ISR,2012,77500
Israel,ISR,2013,80000
Israel,ISR,2014,91035
Israel,ISR,2015,93000
Israel,ISR,2016,101500
Israel,ISR,2017,110000
Israel,ISR,2018,131720
Israel,ISR,2019,138766
Israel,ISR,2020,147000
Israel,ISR,2021,165000
Israel,ISR,2022,189667
Israel,ISR,2023,177001
Italy,ITA,2018,0
Italy,ITA,2019,0
Italy,ITA,2020,0
Italy,ITA,2021,0
Italy,ITA,2022,0
Italy,ITA,2023,0
Jamaica,JAM,1961,2887
Jamaica,JAM,1962,2315
Jamaica,JAM,1963,2315
Jamaica,JAM,1964,2588
Jamaica,JAM,1965,2452
Jamaica,JAM,1966,2588
Jamaica,JAM,1967,2452
Jamaica,JAM,1968,2043
Jamaica,JAM,1969,2315
Jamaica,JAM,1970,2452
Jamaica,JAM,1971,2452
Jamaica,JAM,1972,2452
Jamaica,JAM,1973,2500
Jamaica,JAM,1974,2500
Jamaica,JAM,1975,2500
Jamaica,JAM,1976,2600
Jamaica,JAM,1977,2600
Jamaica,JAM,1978,2600
Jamaica,JAM,1979,2700
Jamaica,JAM,1980,2700
Jamaica,JAM,1981,2800
Jamaica,JAM,1982,2800
Jamaica,JAM,1983,2900
Jamaica,JAM,1984,2900
Jamaica,JAM,1985,3000
Jamaica,JAM,1986,3000
Jamaica,JAM,1987,3000
Jamaica,JAM,1988,3000
Jamaica,JAM,1989,3200
Jamaica,JAM,1990,3064
Jamaica,JAM,1991,3500
Jamaica,JAM,1992,3500
Jamaica,JAM,1993,4000
Jamaica,JAM,1994,3686.72
Jamaica,JAM,1995,3635.59
Jamaica,JAM,1996,3582.67
Jamaica,JAM,1997,3528.07
Jamaica,JAM,1998,3471.93
Jamaica,JAM,1999,3414.36
Jamaica,JAM,2000,3355.5
Jamaica,JAM,2001,3295.47
Jamaica,JAM,2002,3234.41
Jamaica,JAM,2003,3172.45
Jamaica,JAM,2004,3109.72
Jamaica,JAM,2005,3046.37
Jamaica,JAM,2006,2982.54
Jamaica,JAM,2007,2918.39
Jamaica,JAM,2008,2854.07
Jamaica,JAM,2009,2789.74
Jamaica,JAM,2010,2725.57
Jamaica,JAM,2011,2661.74
Jamaica,JAM,2012,2500
Jamaica,JAM,2013,2576.59
Jamaica,JAM,2014,2600
Jamaica,JAM,2015,2533.21
Jamaica,JAM,2016,2446.72
Jamaica,JAM,2017,2526.64
Jamaica,JAM,2018,2455.91
Jamaica,JAM,2019,2400.01
Jamaica,JAM,2020,2368.98
Jamaica,JAM,2021,2354.24
Jamaica,JAM,2022,2374.41
Jamaica,JAM,2023,2365.88
Kenya,KEN,1961,16000
Kenya,KEN,1962,16000
Kenya,KEN,1963,16000
Kenya,KEN,1964,16000
Kenya,KEN,1965,16000
Kenya,KEN,1966,16000
Kenya,KEN,1967,16000
Kenya,KEN,1968,16000
Kenya,KEN,1969,16000
Kenya,KEN,1970,16000
Kenya,KEN,1971,16000
Kenya,KEN,1972,16000
Kenya,KEN,1973,17000
Kenya,KEN,1974,17000
Kenya,KEN,1975,17000
Kenya,KEN,1976,17000
Kenya,KEN,1977,17000
Kenya,KEN,1978,18000
Kenya,KEN,1979,20000
Kenya,KEN,1980,20000
Kenya,KEN,1981,20000
Kenya,KEN,1982,20000
Kenya,KEN,1983,22000
Kenya,KEN,1984,22000
Kenya,KEN,1985,22000
Kenya,KEN,1986,22000
Kenya,KEN,1987,23000
Kenya,KEN,1988,23000
Kenya,KEN,1989,23000
Kenya,KEN,1990,22980
Kenya,KEN,1991,19170
Kenya,KEN,1992,20628
Kenya,KEN,1993,39116
Kenya,KEN,1994,14296
Kenya,KEN,1995,27267
Kenya,KEN,1996,31351
Kenya,KEN,1997,37283
Kenya,KEN,1998,48477
Kenya,KEN,1999,53670
Kenya,KEN,2000,52030
Kenya,KEN,2001,54400
Kenya,KEN,2002,52431
Kenya,KEN,2003,70948
Kenya,KEN,2004,80316
Kenya,KEN,2005,100277
Kenya,KEN,2006,103935
Kenya,KEN,2007,93639
Kenya,KEN,2008,103523
Kenya,KEN,2009,145204
Kenya,KEN,2010,202294
Kenya,KEN,2011,149241
Kenya,KEN,2012,166948
Kenya,KEN,2013,177799
Kenya,KEN,2014,218692
Kenya,KEN,2015,136420
Kenya,KEN,2016,176045
Kenya,KEN,2017,217688.11
Kenya,KEN,2018,233932.56
Kenya,KEN,2019,264031.53
Kenya,KEN,2020,322556.22
Kenya,KEN,2021,416802.72
Kenya,KEN,2022,441600
Kenya,KEN,2023,542277.75
Latvia,LVA,2018,0
Latvia,LVA,2019,0
Latvia,LVA,2020,0
Latvia,LVA,2021,0
Latvia,LVA,2022,0
Latvia,LVA,2023,0
Lebanon,LBN,1998,4400
Lebanon,LBN,1999,6200
Lebanon,LBN,2000,3000
Lebanon,LBN,2001,4400
Lebanon,LBN,2002,4600
Lebanon,LBN,2003,4900
Lebanon,LBN,2004,4500
Lebanon,LBN,2005,5000
Lebanon,LBN,2006,4700
Lebanon,LBN,2007,6000
Lebanon,LBN,2008,6100
Lebanon,LBN,2009,7200
Lebanon,LBN,2010,8912.84
Lebanon,LBN,2011,7862.71
Lebanon,LBN,2012,7922.37
Lebanon,LBN,2013,8099.53
Lebanon,LBN,2014,7850.84
Lebanon,LBN,2015,12327.29
Lebanon,LBN,2016,18695
Lebanon,LBN,2017,19193
Lebanon,LBN,2018,18503.17
Lebanon,LBN,2019,18460.69
Lebanon,LBN,2020,18698.56
Lebanon,LBN,2021,18955
Lebanon,LBN,2022,19306.27
Lebanon,LBN,2023,20306.59
Lithuania,LTU,2018,0
Lithuania,LTU,2019,0
Lithuania,LTU,2020,0
Lithuania,LTU,2021,0
Lithuania,LTU,2022,0
Lithuania,LTU,2023,0
Luxembourg,LUX,2018,0
Luxembourg,LUX,2019,0
Luxembourg,LUX,2020,0
Luxembourg,LUX,2021,0
Luxembourg,LUX,2022,0
Luxembourg,LUX,2023,0
Madagascar,MDG,1961,0
Madagascar,MDG,1962,0
Madagascar,MDG,1963,0
Madagascar,MDG,1964,0
Madagascar,MDG,1965,0
Madagascar,MDG,1966,0
Madagascar,MDG,1967,0
Madagascar,MDG,1968,0
Madagascar,MDG,1969,150
Madagascar,MDG,1970,400
Madagascar,MDG,1971,794
Madagascar,MDG,1972,3007
Madagascar,MDG,1973,3670
Madagascar,MDG,1974,12055
Madagascar,MDG,1975,25215
Madagascar,MDG,1976,16625
Madagascar,MDG,1977,19040
Madagascar,MDG,1978,20805
Madagascar,MDG,1979,13820
Madagascar,MDG,1980,17400
Madagascar,MDG,1981,14400
Madagascar,MDG,1982,14760
Madagascar,MDG,1983,16080
Madagascar,MDG,1984,17119
Madagascar,MDG,1985,17300
Madagascar,MDG,1986,18000
Madagascar,MDG,1987,19000
Madagascar,MDG,1988,19000
Madagascar,MDG,1989,20000
Madagascar,MDG,1990,21000
Madagascar,MDG,1991,21000
Madagascar,MDG,1992,21500
Madagascar,MDG,1993,22000
Madagascar,MDG,1994,20000
Madagascar,MDG,1995,21000
Madagascar,MDG,1996,22000
Madagascar,MDG,1997,23000
Madagascar,MDG,1998,23000
Madagascar,MDG,1999,24000
Madagascar,MDG,2000,23000
Madagascar,MDG,2001,23142.78
Madagascar,MDG,2002,23078.3
Madagascar,MDG,2003,23532.87
Madagascar,MDG,2004,23546
Madagascar,MDG,2005,23992.81
Madagascar,MDG,2006,24000
Madagascar,MDG,2007,25000
Madagascar,MDG,2008,24000
Madagascar,MDG,2009,24561.49
Madagascar,MDG,2010,25060.08
Madagascar,MDG,2011,25385.42
Madagascar,MDG,2012,26000
Madagascar,MDG,2013,25900
Madagascar,MDG,2014,26039.54
Madagascar,MDG,2015,26228.2
Madagascar,MDG,2016,26368.73
Madagascar,MDG,2017,26544.88
Madagascar,MDG,2018,26743.92
Madagascar,MDG,2019,26999.7
Madagascar,MDG,2020,27190.36
Madagascar,MDG,2021,27235.59
Madagascar,MDG,2022,27388.53
Madagascar,MDG,2023,27543.37
Malawi,MWI,2014,92400
Malawi,MWI,2015,95337
Malawi,MWI,2016,86769
Malawi,MWI,2017,97358
Malawi,MWI,2018,92239
Malawi,MWI,2019,93276.9
Malawi,MWI,2020,93531.9
Malawi,MWI,2021,93823.22
Malawi,MWI,2022,94078.64
Malawi,MWI,2023,94334.06
Malaysia,MYS,2018,223
Malaysia,MYS,2019,122
Malaysia,MYS,2020,210
Malaysia,MYS,2021,268.6
Malaysia,MYS,2022,458.09
Malaysia,MYS,2023,402.9
Malta,MLT,2018,0
Malta,MLT,2019,0
Malta,MLT,2020,0
Malta,MLT,2021,0
Malta,MLT,2022,0
Malta,MLT,2023,0
Martinique,MTQ,1961,1400
Martinique,MTQ,1962,1500
Martinique,MTQ,1963,1500
Martinique,MTQ,1964,1700
Martinique,MTQ,1965,1600
Martinique,MTQ,1966,1800
Martinique,MTQ,1967,1800
Martinique,MTQ,1968,2000
Martinique,MTQ,1969,2000
Martinique,MTQ,1970,2000
Martinique,MTQ,1971,1800
Martinique,MTQ,1972,1500
Martinique,MTQ,1973,1327
Martinique,MTQ,1974,1623
Martinique,MTQ,1975,1835
Martinique,MTQ,1976,2389
Martinique,MTQ,1977,1470
Martinique,MTQ,1978,1890
Martinique,MTQ,1979,1095
Martinique,MTQ,1980,610
Martinique,MTQ,1981,1135
Martinique,MTQ,1982,3951
Martinique,MTQ,1983,2826
Martinique,MTQ,1984,6500
Martinique,MTQ,1985,4850
Martinique,MTQ,1986,3234
Martinique,MTQ,1987,2422
Martinique,MTQ,1988,2322
Martinique,MTQ,1989,1809
Martinique,MTQ,1990,1066
Martinique,MTQ,1991,1202
Martinique,MTQ,1992,650
Martinique,MTQ,1993,573
Martinique,MTQ,1994,573
Martinique,MTQ,1995,522
Martinique,MTQ,1996,420
Martinique,MTQ,1997,318
Martinique,MTQ,1998,363
Martinique,MTQ,1999,363
Martinique,MTQ,2000,384
Martinique,MTQ,2001,381
Martinique,MTQ,2002,360
Martinique,MTQ,2003,248
Martinique,MTQ,2004,429
Martinique,MTQ,2005,462
Martinique,MTQ,2006,462
Mexico,MEX,1961,108057
Mexico,MEX,1962,112934
Mexico,MEX,1963,130046
Mexico,MEX,1964,131721
Mexico,MEX,1965,161910
Mexico,MEX,1966,169510
Mexico,MEX,1967,173899
Mexico,MEX,1968,192307
Mexico,MEX,1969,201739
Mexico,MEX,1970,226034
Mexico,MEX,1971,236791
Mexico,MEX,1972,234270
Mexico,MEX,1973,286443
Mexico,MEX,1974,260890
Mexico,MEX,1975,279470
Mexico,MEX,1976,280421
Mexico,MEX,1977,333112
Mexico,MEX,1978,395168
Mexico,MEX,1979,365957
Mexico,MEX,1980,441768
Mexico,MEX,1981,460879
Mexico,MEX,1982,486056
Mexico,MEX,1983,426618
Mexico,MEX,1984,439418
Mexico,MEX,1985,566451
Mexico,MEX,1986,627906
Mexico,MEX,1987,520837
Mexico,MEX,1988,682928
Mexico,MEX,1989,473156
Mexico,MEX,1990,686301
Mexico,MEX,1991,780403
Mexico,MEX,1992,724523
Mexico,MEX,1993,709296
Mexico,MEX,1994,799929
Mexico,MEX,1995,790097
Mexico,MEX,1996,837787
Mexico,MEX,1997,762336
Mexico,MEX,1998,876623
Mexico,MEX,1999,879083
Mexico,MEX,2000,907439
Mexico,MEX,2001,940229
Mexico,MEX,2002,901075
Mexico,MEX,2003,905000
Mexico,MEX,2004,987000
Mexico,MEX,2005,1021515
Mexico,MEX,2006,1134250
Mexico,MEX,2007,1142892
Mexico,MEX,2008,1162429
Mexico,MEX,2009,1230973
Mexico,MEX,2010,1107135
Mexico,MEX,2011,1264141
Mexico,MEX,2012,1316104
Mexico,MEX,2013,1467837
Mexico,MEX,2014,1520694.5
Mexico,MEX,2015,1644225.9
Mexico,MEX,2016,1889353.5
Mexico,MEX,2017,2029885.9
Mexico,MEX,2018,2184663
Mexico,MEX,2019,2300889
Mexico,MEX,2020,2393848.5
Mexico,MEX,2021,2442944.8
Mexico,MEX,2022,2540715.2
Mexico,MEX,2023,2973344.5
Morocco,MAR,1961,1000
Morocco,MAR,1962,1000
Morocco,MAR,1963,1000
Morocco,MAR,1964,1000
Morocco,MAR,1965,1000
Morocco,MAR,1966,1000
Morocco,MAR,1967,1000
Morocco,MAR,1968,1000
Morocco,MAR,1969,1000
Morocco,MAR,1970,1000
Morocco,MAR,1971,1000
Morocco,MAR,1972,1000
Morocco,MAR,1973,1000
Morocco,MAR,1974,1000
Morocco,MAR,1975,1000
Morocco,MAR,1976,1000
Morocco,MAR,1977,1000
Morocco,MAR,1978,1000
Morocco,MAR,1979,1000
Morocco,MAR,1980,1000
Morocco,MAR,1981,1000
Morocco,MAR,1982,1000
Morocco,MAR,1983,1000
Morocco,MAR,1984,1000
Morocco,MAR,1985,2000
Morocco,MAR,1986,2500
Morocco,MAR,1987,3000
Morocco,MAR,1988,3500
Morocco,MAR,1989,4000
Morocco,MAR,1990,4500
Morocco,MAR,1991,5000
Morocco,MAR,1992,5500
Morocco,MAR,1993,6000
Morocco,MAR,1994,7000
Morocco,MAR,1995,8000
Morocco,MAR,1996,9000
Morocco,MAR,1997,10000
Morocco,MAR,1998,11000
Morocco,MAR,1999,13000
Morocco,MAR,2000,13000
Morocco,MAR,2001,13600
Morocco,MAR,2002,13500
Morocco,MAR,2003,14500
Morocco,MAR,2004,15700
Morocco,MAR,2005,13400
Morocco,MAR,2006,16400
Morocco,MAR,2007,16896
Morocco,MAR,2008,19253
Morocco,MAR,2009,26000
Morocco,MAR,2010,33645
Morocco,MAR,2011,33519
Morocco,MAR,2012,54340
Morocco,MAR,2013,28079.5
Morocco,MAR,2014,31895.5
Morocco,MAR,2015,42732
Morocco,MAR,2016,42256
Morocco,MAR,2017,41695.34
Morocco,MAR,2018,51170
Morocco,MAR,2019,54576
Morocco,MAR,2020,69940
Morocco,MAR,2021,82369
Morocco,MAR,2022,98720
Morocco,MAR,2023,118666
Netherlands,NLD,2018,0
Netherlands,NLD,2019,0
Netherlands,NLD,2020,0
Netherlands,NLD,2021,0
Netherlands,NLD,2022,0
Netherlands,NLD,2023,0
New Zealand,NZL,1961,0
New Zealand,NZL,1962,0
New Zealand,NZL,1963,0
New Zealand,NZL,1964,0
New Zealand,NZL,1965,0
New Zealand,NZL,1966,0
New Zealand,NZL,1967,0
New Zealand,NZL,1968,0
New Zealand,NZL,1969,0
New Zealand,NZL,1970,0
New Zealand,NZL,1971,0
New Zealand,NZL,1972,0
New Zealand,NZL,1973,0
New Zealand,NZL,1974,19
New Zealand,NZL,1975,12
New Zealand,NZL,1976,30
New Zealand,NZL,1977,14
New Zealand,NZL,1978,78
New Zealand,NZL,1979,89
New Zealand,NZL,1980,67
New Zealand,NZL,1981,230
New Zealand,NZL,1982,320
New Zealand,NZL,1983,610
New Zealand,NZL,1984,660
New Zealand,NZL,1985,680
New Zealand,NZL,1986,800
New Zealand,NZL,1987,1000
New Zealand,NZL,1988,1300
New Zealand,NZL,1989,1188
New Zealand,NZL,1990,2477
New Zealand,NZL,1991,3208
New Zealand,NZL,1992,2030
New Zealand,NZL,1993,2500
New Zealand,NZL,1994,2550
New Zealand,NZL,1995,3000
New Zealand,NZL,1996,3500
New Zealand,NZL,1997,4000
New Zealand,NZL,1998,5300
New Zealand,NZL,1999,9300
New Zealand,NZL,2000,12606
New Zealand,NZL,2001,12060
New Zealand,NZL,2002,13398
New Zealand,NZL,2003,10642
New Zealand,NZL,2004,11752
New Zealand,NZL,2005,22970
New Zealand,NZL,2006,15000
New Zealand,NZL,2007,20000
New Zealand,NZL,2008,17000
New Zealand,NZL,2009,20500
New Zealand,NZL,2010,21000
New Zealand,NZL,2011,21500
New Zealand,NZL,2012,25500
New Zealand,NZL,2013,24600
New Zealand,NZL,2014,37900
New Zealand,NZL,2015,29000
New Zealand,NZL,2016,35000
New Zealand,NZL,2017,27000
New Zealand,NZL,2018,32864.71
New Zealand,NZL,2019,34350.95
New Zealand,NZL,2020,38338.64
New Zealand,NZL,2021,37976
New Zealand,NZL,2022,41950.43
New Zealand,NZL,2023,42695.84
Palestine,PSE,1994,19
Palestine,PSE,1995,41
Palestine,PSE,1997,156
Palestine,PSE,1998,74
Palestine,PSE,1999,63
Palestine,PSE,2000,121
Palestine,PSE,2001,325
Palestine,PSE,2002,290
Palestine,PSE,2003,268
Palestine,PSE,2004,268
Palestine,PSE,2005,479
Palestine,PSE,2006,376
Palestine,PSE,2007,377
Palestine,PSE,2008,344
Palestine,PSE,2009,385.64
Palestine,PSE,2010,480
Palestine,PSE,2011,580
Palestine,PSE,2012,600
Palestine,PSE,2013,570
Palestine,PSE,2014,550
Palestine,PSE,2015,625.94
Palestine,PSE,2016,676.57
Palestine,PSE,2017,718.73
Palestine,PSE,2018,800
Palestine,PSE,2019,1856.49
Palestine,PSE,2020,2690.84
Palestine,PSE,2021,6931
Palestine,PSE,2022,3295.41
Palestine,PSE,2023,3658.09
Panama,PAN,1961,5100
Panama,PAN,1962,5300
Panama,PAN,1963,5500
Panama,PAN,1964,5600
Panama,PAN,1965,5800
Panama,PAN,1966,6000
Panama,PAN,1967,6200
Panama,PAN,1968,6400
Panama,PAN,1969,6600
Panama,PAN,1970,2400
Panama,PAN,1971,2300
Panama,PAN,1972,2200
Panama,PAN,1973,2200
Panama,PAN,1974,2100
Panama,PAN,1975,2098
Panama,PAN,1976,2047
Panama,PAN,1977,1998
Panama,PAN,1978,1950
Panama,PAN,1979,1904
Panama,PAN,1980,2133
Panama,PAN,1981,2113
Panama,PAN,1982,2093
Panama,PAN,1983,2073
Panama,PAN,1984,2053
Panama,PAN,1985,2034
Panama,PAN,1986,2015
Panama,PAN,1987,1995
Panama,PAN,1988,1977
Panama,PAN,1989,2174
Panama,PAN,1990,2671
Panama,PAN,1991,2697
Panama,PAN,1992,2724
Panama,PAN,1993,2762
Panama,PAN,1994,2778
Panama,PAN,1995,2806
Panama,PAN,1996,2834
Panama,PAN,1997,2862
Panama,PAN,1998,2890
Panama,PAN,1999,2919
Panama,PAN,2000,2948
Panama,PAN,2001,3402
Panama,PAN,2002,3485
Panama,PAN,2003,3571
Panama,PAN,2004,3695.7
Panama,PAN,2005,3732
Panama,PAN,2006,3821
Panama,PAN,2007,3914
Panama,PAN,2008,4010
Panama,PAN,2009,4108
Panama,PAN,2010,12623
Panama,PAN,2011,10319
Panama,PAN,2012,7878
Panama,PAN,2013,7956
Panama,PAN,2014,8035
Panama,PAN,2015,8115
Panama,PAN,2016,8195
Panama,PAN,2017,8276
Panama,PAN,2018,8358
Panama,PAN,2019,10781
Panama,PAN,2020,13000
Panama,PAN,2021,10593
Panama,PAN,2022,10106.68
Panama,PAN,2023,11263.83
Paraguay,PRY,1961,10000
Paraguay,PRY,1962,10000
Paraguay,PRY,1963,8000
Paraguay,PRY,1964,8200
Paraguay,PRY,1965,8600
Paraguay,PRY,1966,8900
Paraguay,PRY,1967,9200
Paraguay,PRY,1968,11200
Paraguay,PRY,1969,12800
Paraguay,PRY,1970,14500
Paraguay,PRY,1971,15000
Paraguay,PRY,1972,15500
Paraguay,PRY,1973,15900
Paraguay,PRY,1974,16000
Paraguay,PRY,1975,15700
Paraguay,PRY,1976,16200
Paraguay,PRY,1977,15700
Paraguay,PRY,1978,16800
Paraguay,PRY,1979,17300
Paraguay,PRY,1980,17000
Paraguay,PRY,1981,16500
Paraguay,PRY,1982,16300
Paraguay,PRY,1983,16800
Paraguay,PRY,1984,17334
Paraguay,PRY,1985,17850
Paraguay,PRY,1986,18029
Paraguay,PRY,1987,18106
Paraguay,PRY,1988,16312
Paraguay,PRY,1989,16296
Paraguay,PRY,1990,15847
Paraguay,PRY,1991,15407
Paraguay,PRY,1992,14978
Paraguay,PRY,1993,14678
Paraguay,PRY,1994,14825
Paraguay,PRY,1995,13528
Paraguay,PRY,1996,12344
Paraguay,PRY,1997,11264
Paraguay,PRY,1998,11500
Paraguay,PRY,1999,12000
Paraguay,PRY,2000,12268.47
Paraguay,PRY,2001,12500
Paraguay,PRY,2002,13000
Paraguay,PRY,2003,13500
Paraguay,PRY,2004,13000
Paraguay,PRY,2005,13160
Paraguay,PRY,2006,13378.09
Paraguay,PRY,2007,13500
Paraguay,PRY,2008,13746.91
Paraguay,PRY,2009,14000
Paraguay,PRY,2010,14484.72
Paraguay,PRY,2011,14946.35
Paraguay,PRY,2012,15500
Paraguay,PRY,2013,15919.21
Paraguay,PRY,2014,16308.04
Paraguay,PRY,2015,14032.34
Paraguay,PRY,2016,15419.86
Paraguay,PRY,2017,15660.77
Paraguay,PRY,2018,15037.66
Paraguay,PRY,2019,14831.93
Paraguay,PRY,2020,15479.4
Paraguay,PRY,2021,15561.07
Paraguay,PRY,2022,15631.12
Paraguay,PRY,2023,15701.17
Peru,PER,1961,19910
Peru,PER,1962,20930
Peru,PER,1963,22460
Peru,PER,1964,23645
Peru,PER,1965,29815
Peru,PER,1966,46522
Peru,PER,1967,45305
Peru,PER,1968,49053
Peru,PER,1969,66388
Peru,PER,1970,87396
Peru,PER,1971,96384
Peru,PER,1972,104904
Peru,PER,1973,104253
Peru,PER,1974,104047
Peru,PER,1975,85788
Peru,PER,1976,82938
Peru,PER,1977,83916
Peru,PER,1978,83480
Peru,PER,1979,82606
Peru,PER,1980,73518
Peru,PER,1981,77005
Peru,PER,1982,86107
Peru,PER,1983,77556
Peru,PER,1984,83012
Peru,PER,1985,70707
Peru,PER,1986,80148
Peru,PER,1987,83873
Peru,PER,1988,86200
Peru,PER,1989,87318
Peru,PER,1990,87928
Peru,PER,1991,85709
Peru,PER,1992,96181
Peru,PER,1993,92658
Peru,PER,1994,53112
Peru,PER,1995,53145
Peru,PER,1996,64408
Peru,PER,1997,72093
Peru,PER,1998,67222
Peru,PER,1999,78037
Peru,PER,2000,83671
Peru,PER,2001,93459
Peru,PER,2002,94236
Peru,PER,2003,99975
Peru,PER,2004,108460
Peru,PER,2005,103417
Peru,PER,2006,113259
Peru,PER,2007,121720
Peru,PER,2008,136303
Peru,PER,2009,157415
Peru,PER,2010,184370
Peru,PER,2011,213662
Peru,PER,2012,268525.28
Peru,PER,2013,288387
Peru,PER,2014,349317
Peru,PER,2015,367110
Peru,PER,2016,455394.16
Peru,PER,2017,466796
Peru,PER,2018,504839.75
Peru,PER,2019,571991.9
Peru,PER,2020,672232.25
Peru,PER,2021,776650.94
Peru,PER,2022,861294
Peru,PER,2023,982558.94
Philippines,PHL,1961,13320
Philippines,PHL,1962,13000
Philippines,PHL,1963,13900
Philippines,PHL,1964,14423
Philippines,PHL,1965,15885
Philippines,PHL,1966,15885
Philippines,PHL,1967,16961
Philippines,PHL,1968,14381
Philippines,PHL,1969,15179
Philippines,PHL,1970,18090
Philippines,PHL,1971,15189
Philippines,PHL,1972,20663
Philippines,PHL,1973,17414
Philippines,PHL,1974,19800
Philippines,PHL,1975,21118
Philippines,PHL,1976,23980
Philippines,PHL,1977,28074
Philippines,PHL,1978,27260
Philippines,PHL,1979,27506
Philippines,PHL,1980,27503
Philippines,PHL,1981,25300
Philippines,PHL,1982,24924
Philippines,PHL,1983,20955
Philippines,PHL,1984,21564
Philippines,PHL,1985,20630
Philippines,PHL,1986,21882
Philippines,PHL,1987,22271
Philippines,PHL,1988,21594
Philippines,PHL,1989,24000
Philippines,PHL,1990,28000
Philippines,PHL,1991,46122.92
Philippines,PHL,1992,46935.57
Philippines,PHL,1993,47104.93
Philippines,PHL,1994,47001.41
Philippines,PHL,1995,47023.28
Philippines,PHL,1996,46303.44
Philippines,PHL,1997,43699.71
Philippines,PHL,1998,37548
Philippines,PHL,1999,38820.19
Philippines,PHL,2000,38086
Philippines,PHL,2001,37404.49
Philippines,PHL,2002,37957
Philippines,PHL,2003,35124.84
Philippines,PHL,2004,30797.35
Philippines,PHL,2005,27754.83
Philippines,PHL,2006,25617
Philippines,PHL,2007,24975
Philippines,PHL,2008,24180
Philippines,PHL,2009,22763
Philippines,PHL,2010,22029
Philippines,PHL,2011,20993
Philippines,PHL,2012,20908.64
Philippines,PHL,2013,20397.48
Philippines,PHL,2014,20060.89
Philippines,PHL,2015,19994.89
Philippines,PHL,2016,19571.85
Philippines,PHL,2017,19439.95
Philippines,PHL,2018,19442.64
Philippines,PHL,2019,19596.88
Philippines,PHL,2020,20054.72
Philippines,PHL,2021,19874.96
Philippines,PHL,2022,20076.47
Philippines,PHL,2023,18884.84
Poland,POL,2018,0
Poland,POL,2019,0
Poland,POL,2020,0
Poland,POL,2021,0
Poland,POL,2022,0
Poland,POL,2023,0
Portugal,PRT,1990,21300
Portugal,PRT,1991,20300
Portugal,PRT,1992,19400
Portugal,PRT,1993,16300
Portugal,PRT,1994,13000
Portugal,PRT,2019,13370
Portugal,PRT,2020,16560
Portugal,PRT,2021,20170
Portugal,PRT,2022,25790
Portugal,PRT,2023,33580
Puerto Rico,PRI,1961,4767
Puerto Rico,PRI,1962,4336
Puerto Rico,PRI,1963,4858
Puerto Rico,PRI,1964,5822
Puerto Rico,PRI,1965,5720
Puerto Rico,PRI,1966,5720
Puerto Rico,PRI,1967,5788
Puerto Rico,PRI,1968,5902
Puerto Rico,PRI,1969,5902
Puerto Rico,PRI,1970,5675
Puerto Rico,PRI,1971,5448
Puerto Rico,PRI,1972,5221
Puerto Rico,PRI,1973,5902
Puerto Rico,PRI,1974,4540
Puerto Rico,PRI,1975,4767
Puerto Rico,PRI,1976,4052
Puerto Rico,PRI,1977,3794
Puerto Rico,PRI,1978,4536
Puerto Rico,PRI,1979,3629
Puerto Rico,PRI,1980,3289
Puerto Rico,PRI,1981,3221
Puerto Rico,PRI,1982,4150
Puerto Rico,PRI,1983,3629
Puerto Rico,PRI,1984,3402
Puerto Rico,PRI,1985,3515
Puerto Rico,PRI,1986,3946
Puerto Rico,PRI,1987,3924
Puerto Rico,PRI,1988,4990
Puerto Rico,PRI,1989,4264
Puerto Rico,PRI,1990,4286
Puerto Rico,PRI,1991,4264
Puerto Rico,PRI,1992,3768
Puerto Rico,PRI,1993,3677
Puerto Rico,PRI,1994,3087
Puerto Rico,PRI,1995,2427
Puerto Rico,PRI,1996,2109
Puerto Rico,PRI,1997,2100
Puerto Rico,PRI,1998,1930
Puerto Rico,PRI,1999,1828
Puerto Rico,PRI,2000,2067
Puerto Rico,PRI,2001,1964
Puerto Rico,PRI,2002,2733
Puerto Rico,PRI,2003,2646
Puerto Rico,PRI,2004,4780
Puerto Rico,PRI,2005,1879
Puerto Rico,PRI,2006,2007.98
Puerto Rico,PRI,2007,2058.23
Puerto Rico,PRI,2008,2000
Puerto Rico,PRI,2009,1748.53
Puerto Rico,PRI,2010,1569.8
Puerto Rico,PRI,2011,1415.12
Puerto Rico,PRI,2012,912.51
Puerto Rico,PRI,2013,700
Puerto Rico,PRI,2014,513.69
Puerto Rico,PRI,2015,438.4
Puerto Rico,PRI,2016,651.16
Puerto Rico,PRI,2017,584.15
Puerto Rico,PRI,2018,431
Puerto Rico,PRI,2019,652.43
Puerto Rico,PRI,2020,843.61
Puerto Rico,PRI,2021,949.82
Puerto Rico,PRI,2022,1617
Puerto Rico,PRI,2023,1063.46
Reunion,REU,1961,0
Reunion,REU,1962,0
Reunion,REU,1963,0
Reunion,REU,1964,0
Reunion,REU,1965,0
Reunion,REU,1966,0
Reunion,REU,1967,0
Reunion,REU,1968,0
Reunion,REU,1969,0
Reunion,REU,1970,0
Reunion,REU,1971,0
Reunion,REU,1972,0
Reunion,REU,1973,0
Reunion,REU,1974,0
Reunion,REU,1975,0
Reunion,REU,1976,0
Reunion,REU,1977,0
Reunion,REU,1978,500
Reunion,REU,1979,600
Reunion,REU,1980,650
Reunion,REU,1981,700
Reunion,REU,1982,750
Reunion,REU,1983,800
Reunion,REU,1984,952
Reunion,REU,1985,800
Reunion,REU,1986,800
Reunion,REU,1987,202
Reunion,REU,1988,202
Reunion,REU,1989,202
Reunion,REU,1990,202
Reunion,REU,1991,202
Reunion,REU,1992,202
Reunion,REU,1993,182
Reunion,REU,1994,180
Reunion,REU,1995,180
Reunion,REU,1996,180
Reunion,REU,1997,200
Reunion,REU,1998,230
Reunion,REU,1999,250
Reunion,REU,2000,270
Reunion,REU,2001,300
Reunion,REU,2002,320
Reunion,REU,2003,350
Reunion,REU,2004,380
Reunion,REU,2005,400
Reunion,REU,2006,450
Romania,ROU,2018,0
Romania,ROU,2019,0
Romania,ROU,2020,0
Romania,ROU,2021,0
Romania,ROU,2022,0
Romania,ROU,2023,0
Rwanda,RWA,1998,3000
Rwanda,RWA,1999,3500
Rwanda,RWA,2000,3500
Rwanda,RWA,2001,3500
Rwanda,RWA,2002,4000
Rwanda,RWA,2003,4000
Rwanda,RWA,2004,4000
Rwanda,RWA,2005,4500
Rwanda,RWA,2006,4500
Rwanda,RWA,2007,5000
Rwanda,RWA,2008,9290
Rwanda,RWA,2009,10500
Rwanda,RWA,2010,5700
Rwanda,RWA,2011,8800
Rwanda,RWA,2012,5000
Rwanda,RWA,2013,8300
Rwanda,RWA,2014,7600
Rwanda,RWA,2015,9200
Rwanda,RWA,2016,9295.82
Rwanda,RWA,2017,6912.43
Rwanda,RWA,2018,8597.46
Rwanda,RWA,2019,6600.51
Rwanda,RWA,2020,6477.49
Rwanda,RWA,2021,5950.33
Rwanda,RWA,2022,5837.62
Rwanda,RWA,2023,6766.8
Saint Lucia,LCA,1961,310
Saint Lucia,LCA,1962,315
Saint Lucia,LCA,1963,320
Saint Lucia,LCA,1964,325
Saint Lucia,LCA,1965,330
Saint Lucia,LCA,1966,335
Saint Lucia,LCA,1967,340
Saint Lucia,LCA,1968,345
Saint Lucia,LCA,1969,350
Saint Lucia,LCA,1970,355
Saint Lucia,LCA,1971,360
Saint Lucia,LCA,1972,365
Saint Lucia,LCA,1973,370
Saint Lucia,LCA,1974,375
Saint Lucia,LCA,1975,380
Saint Lucia,LCA,1976,390
Saint Lucia,LCA,1977,400
Saint Lucia,LCA,1978,410
Saint Lucia,LCA,1979,420
Saint Lucia,LCA,1980,430
Saint Lucia,LCA,1981,440
Saint Lucia,LCA,1982,450
Saint Lucia,LCA,1983,460
Saint Lucia,LCA,1984,470
Saint Lucia,LCA,1985,470
Saint Lucia,LCA,1986,480
Saint Lucia,LCA,1987,500
Saint Lucia,LCA,1988,510
Saint Lucia,LCA,1989,520
Saint Lucia,LCA,1990,500
Saint Lucia,LCA,1991,450
Saint Lucia,LCA,1992,400
Saint Lucia,LCA,1993,350
Saint Lucia,LCA,1994,300
Saint Lucia,LCA,1995,250
Saint Lucia,LCA,1996,490
Saint Lucia,LCA,1997,410
Saint Lucia,LCA,1998,220
Saint Lucia,LCA,1999,331
Saint Lucia,LCA,2000,396
Saint Lucia,LCA,2001,350
Saint Lucia,LCA,2002,300
Saint Lucia,LCA,2003,280
Saint Lucia,LCA,2004,329
Saint Lucia,LCA,2005,215
Saint Lucia,LCA,2006,323
Saint Lucia,LCA,2007,284
Saint Lucia,LCA,2008,458
Saint Lucia,LCA,2009,252
Saint Lucia,LCA,2010,230
Saint Lucia,LCA,2011,200
Saint Lucia,LCA,2012,168.4
Saint Lucia,LCA,2013,155.9
Saint Lucia,LCA,2014,165
Saint Lucia,LCA,2015,228.9
Saint Lucia,LCA,2016,249.59
Saint Lucia,LCA,2017,287
Saint Lucia,LCA,2018,335
Saint Lucia,LCA,2019,344
Saint Lucia,LCA,2020,265
Saint Lucia,LCA,2021,304
Saint Lucia,LCA,2022,340
Saint Lucia,LCA,2023,246
Samoa,WSM,1961,1190
Samoa,WSM,1962,1250
Samoa,WSM,1963,1320
Samoa,WSM,1964,1380
Samoa,WSM,1965,1440
Samoa,WSM,1966,1500
Samoa,WSM,1967,1560
Samoa,WSM,1968,1620
Samoa,WSM,1969,1680
Samoa,WSM,1970,1740
Samoa,WSM,1971,1800
Samoa,WSM,1972,1850
Samoa,WSM,1973,1910
Samoa,WSM,1974,1970
Samoa,WSM,1975,2032
Samoa,WSM,1976,2032
Samoa,WSM,1977,2032
Samoa,WSM,1978,2050
Samoa,WSM,1979,2100
Samoa,WSM,1980,2100
Samoa,WSM,1981,2200
Samoa,WSM,1982,2250
Samoa,WSM,1983,2300
Samoa,WSM,1984,2350
Samoa,WSM,1985,1800
Samoa,WSM,1986,1300
Samoa,WSM,1987,1000
Samoa,WSM,1988,500
Samoa,WSM,1989,300
Samoa,WSM,1990,400
Samoa,WSM,1991,500
Samoa,WSM,1992,800
Samoa,WSM,1993,800
Samoa,WSM,1994,800
Samoa,WSM,1995,796.82
Samoa,WSM,1996,799.44
Samoa,WSM,1997,800
Samoa,WSM,1998,800
Samoa,WSM,1999,900
Samoa,WSM,2000,1000
Samoa,WSM,2001,1000
Samoa,WSM,2002,972.37
Samoa,WSM,2003,977.62
Samoa,WSM,2004,983.16
Samoa,WSM,2005,988.49
Samoa,WSM,2006,1000
Samoa,WSM,2007,1150
Samoa,WSM,2008,1150
Samoa,WSM,2009,1159.9
Samoa,WSM,2010,1196.18
Samoa,WSM,2011,1221.22
Samoa,WSM,2012,1250
Samoa,WSM,2013,1271.4
Samoa,WSM,2014,1300.25
Samoa,WSM,2015,1339.88
Samoa,WSM,2016,1366.29
Samoa,WSM,2017,1398.99
Samoa,WSM,2018,1431.84
Samoa,WSM,2019,1464.21
Samoa,WSM,2020,1431.68
Samoa,WSM,2021,1442.58
Samoa,WSM,2022,1446.16
Samoa,WSM,2023,1440.14
Seychelles,SYC,1961,6
Seychelles,SYC,1962,6
Seychelles,SYC,1963,6
Seychelles,SYC,1964,6
Seychelles,SYC,1965,6
Seychelles,SYC,1966,6
Seychelles,SYC,1967,6
Seychelles,SYC,1968,6
Seychelles,SYC,1969,7
Seychelles,SYC,1970,7
Seychelles,SYC,1971,8
Seychelles,SYC,1972,8
Seychelles,SYC,1973,8
Seychelles,SYC,1974,8
Seychelles,SYC,1975,9
Seychelles,SYC,1976,9
Seychelles,SYC,1977,9
Seychelles,SYC,1978,9
Seychelles,SYC,1979,10
Seychelles,SYC,1980,10
Seychelles,SYC,1981,10
Seychelles,SYC,1982,12
Seychelles,SYC,1983,12
Seychelles,SYC,1984,12
Seychelles,SYC,1985,12
Seychelles,SYC,1986,12
Seychelles,SYC,1987,12
Seychelles,SYC,1988,12
Seychelles,SYC,1989,12
Seychelles,SYC,1990,15
Seychelles,SYC,1991,12.82
Seychelles,SYC,1992,12.8
Seychelles,SYC,1993,13.05
Seychelles,SYC,1994,13.85
Seychelles,SYC,1995,15
Seychelles,SYC,1996,13.89
Seychelles,SYC,1997,13.74
Seychelles,SYC,1998,13.59
Seychelles,SYC,1999,13.43
Seychelles,SYC,2000,13.29
Seychelles,SYC,2001,13.14
Seychelles,SYC,2002,12.79
Seychelles,SYC,2003,12.69
Seychelles,SYC,2004,12.6
Seychelles,SYC,2005,12.51
Seychelles,SYC,2006,12.43
Seychelles,SYC,2007,12
Seychelles,SYC,2008,12
Seychelles,SYC,2009,12
Seychelles,SYC,2010,12
Seychelles,SYC,2011,11.53
Seychelles,SYC,2012,13
Seychelles,SYC,2013,12.88
Seychelles,SYC,2014,12.85
Seychelles,SYC,2015,12.58
Seychelles,SYC,2016,12.43
Seychelles,SYC,2017,12.37
Seychelles,SYC,2018,12.36
Seychelles,SYC,2019,12.35
Seychelles,SYC,2020,12.41
Seychelles,SYC,2021,12.47
Seychelles,SYC,2022,12.48
Seychelles,SYC,2023,12.48
Slovakia,SVK,2018,0
Slovakia,SVK,2019,0
Slovakia,SVK,2020,0
Slovakia,SVK,2021,0
Slovakia,SVK,2022,0
Slovakia,SVK,2023,0
Slovenia,SVN,2018,0
Slovenia,SVN,2019,0
Slovenia,SVN,2020,0
Slovenia,SVN,2021,0
Slovenia,SVN,2022,0
Slovenia,SVN,2023,0
South Africa,ZAF,1961,4733
South Africa,ZAF,1962,5412
South Africa,ZAF,1963,4054
South Africa,ZAF,1964,4553
South Africa,ZAF,1965,4152
South Africa,ZAF,1966,4011
South Africa,ZAF,1967,5891
South Africa,ZAF,1968,6150
South Africa,ZAF,1969,8747
South Africa,ZAF,1970,7757
South Africa,ZAF,1971,8729
South Africa,ZAF,1972,9587
South Africa,ZAF,1973,12112
South Africa,ZAF,1974,13254
South Africa,ZAF,1975,14760
South Africa,ZAF,1976,17140
South Africa,ZAF,1977,18971
South Africa,ZAF,1978,18284
South Africa,ZAF,1979,20162
South Africa,ZAF,1980,20283
South Africa,ZAF,1981,21135
South Africa,ZAF,1982,21967
South Africa,ZAF,1983,26581
South Africa,ZAF,1984,22132
South Africa,ZAF,1985,25506
South Africa,ZAF,1986,32553
South Africa,ZAF,1987,38270
South Africa,ZAF,1988,41217
South Africa,ZAF,1989,41004
South Africa,ZAF,1990,51808
South Africa,ZAF,1991,48565
South Africa,ZAF,1992,42234
South Africa,ZAF,1993,37763
South Africa,ZAF,1994,48418
South Africa,ZAF,1995,45428
South Africa,ZAF,1996,53801
South Africa,ZAF,1997,44586
South Africa,ZAF,1998,92161
South Africa,ZAF,1999,55793
South Africa,ZAF,2000,81006
South Africa,ZAF,2001,51942
South Africa,ZAF,2002,84720
South Africa,ZAF,2003,63265
South Africa,ZAF,2004,56869
South Africa,ZAF,2005,105931
South Africa,ZAF,2006,61404
South Africa,ZAF,2007,65209
South Africa,ZAF,2008,83534
South Africa,ZAF,2009,76726
South Africa,ZAF,2010,83204
South Africa,ZAF,2011,75765
South Africa,ZAF,2012,91603
South Africa,ZAF,2013,83718
South Africa,ZAF,2014,107176
South Africa,ZAF,2015,86189
South Africa,ZAF,2016,89546
South Africa,ZAF,2017,63045
South Africa,ZAF,2018,127568
South Africa,ZAF,2019,83623
South Africa,ZAF,2020,84775
South Africa,ZAF,2021,82677
South Africa,ZAF,2022,103601.68
South Africa,ZAF,2023,108880.28
Spain,ESP,1961,340
Spain,ESP,1962,373
Spain,ESP,1963,377
Spain,ESP,1964,347
Spain,ESP,1965,400
Spain,ESP,1966,469
Spain,ESP,1967,599
Spain,ESP,1968,555
Spain,ESP,1969,674
Spain,ESP,1970,600
Spain,ESP,1971,887
Spain,ESP,1972,1526
Spain,ESP,1973,1800
Spain,ESP,1974,2000
Spain,ESP,1975,2500
Spain,ESP,1976,3000
Spain,ESP,1977,4000
Spain,ESP,1978,4948
Spain,ESP,1979,6000
Spain,ESP,1980,7596
Spain,ESP,1981,10000
Spain,ESP,1982,15000
Spain,ESP,1983,20000
Spain,ESP,1984,24549
Spain,ESP,1985,27956
Spain,ESP,1986,30282
Spain,ESP,1987,32534
Spain,ESP,1988,42992
Spain,ESP,1989,46222
Spain,ESP,1990,44880
Spain,ESP,1991,52144
Spain,ESP,1992,53197
Spain,ESP,1993,51745
Spain,ESP,1994,34100
Spain,ESP,1995,27955
Spain,ESP,1996,52085
Spain,ESP,1997,52409
Spain,ESP,1998,73724
Spain,ESP,1999,66099
Spain,ESP,2000,63843
Spain,ESP,2001,74981
Spain,ESP,2002,74204
Spain,ESP,2003,76609
Spain,ESP,2004,76297
Spain,ESP,2005,74994
Spain,ESP,2006,79824
Spain,ESP,2007,82116
Spain,ESP,2008,73585
Spain,ESP,2009,71931
Spain,ESP,2010,97378
Spain,ESP,2011,83426
Spain,ESP,2012,76337
Spain,ESP,2013,69400
Spain,ESP,2014,77401
Spain,ESP,2015,86636
Spain,ESP,2016,91509
Spain,ESP,2017,92936
Spain,ESP,2018,89590
Spain,ESP,2019,97730
Spain,ESP,2020,99070
Spain,ESP,2021,116770
Spain,ESP,2022,105930
Spain,ESP,2023,86800
Sri Lanka,LKA,1990,1354.29
Sri Lanka,LKA,1991,1389.05
Sri Lanka,LKA,1992,1423.82
Sri Lanka,LKA,1993,1458.59
Sri Lanka,LKA,1994,1493.35
Sri Lanka,LKA,1995,1528.12
Sri Lanka,LKA,1996,1562.89
Sri Lanka,LKA,1997,1597.65
Sri Lanka,LKA,1998,1632.42
Sri Lanka,LKA,1999,1667.19
Sri Lanka,LKA,2000,1701.95
Sri Lanka,LKA,2001,1736.72
Sri Lanka,LKA,2002,1771.49
Sri Lanka,LKA,2003,1806.25
Sri Lanka,LKA,2004,1841.02
Sri Lanka,LKA,2005,1875.79
Sri Lanka,LKA,2006,1910.55
Sri Lanka,LKA,2007,1945.32
Sri Lanka,LKA,2008,1980.09
Sri Lanka,LKA,2009,2014.85
Sri Lanka,LKA,2010,6170.77
Sri Lanka,LKA,2011,9666.46
Sri Lanka,LKA,2012,10663
Sri Lanka,LKA,2013,11370
Sri Lanka,LKA,2014,15620
Sri Lanka,LKA,2015,18000
Sri Lanka,LKA,2016,15651
Sri Lanka,LKA,2017,13773
Sri Lanka,LKA,2018,22744
Sri Lanka,LKA,2019,22446
Sri Lanka,LKA,2020,19274
Sri Lanka,LKA,2021,14941
Sri Lanka,LKA,2022,14245
Sri Lanka,LKA,2023,12238
Suriname,SUR,2019,57
Suriname,SUR,2020,111
Suriname,SUR,2021,100
Suriname,SUR,2022,99.33
Suriname,SUR,2023,98.67
Sweden,SWE,2018,0
Sweden,SWE,2019,0
Sweden,SWE,2020,0
Sweden,SWE,2021,0
Sweden,SWE,2022,0
Sweden,SWE,2023,0
Trinidad and Tobago,TTO,1961,180
Trinidad and Tobago,TTO,1962,190
Trinidad and Tobago,TTO,1963,202
Trinidad and Tobago,TTO,1964,210
Trinidad and Tobago,TTO,1965,220
Trinidad and Tobago,TTO,1966,230
Trinidad and Tobago,TTO,1967,250
Trinidad and Tobago,TTO,1968,270
Trinidad and Tobago,TTO,1969,240
Trinidad and Tobago,TTO,1970,220
Trinidad and Tobago,TTO,1971,190
Trinidad and Tobago,TTO,1972,170
Trinidad and Tobago,TTO,1973,150
Trinidad and Tobago,TTO,1974,160
Trinidad and Tobago,TTO,1975,170
Trinidad and Tobago,TTO,1976,180
Trinidad and Tobago,TTO,1977,190
Trinidad and Tobago,TTO,1978,200
Trinidad and Tobago,TTO,1979,210
Trinidad and Tobago,TTO,1980,220
Trinidad and Tobago,TTO,1981,240
Trinidad and Tobago,TTO,1982,250
Trinidad and Tobago,TTO,1983,260
Trinidad and Tobago,TTO,1984,270
Trinidad and Tobago,TTO,1985,270
Trinidad and Tobago,TTO,1986,280
Trinidad and Tobago,TTO,1987,290
Trinidad and Tobago,TTO,1988,300
Trinidad and Tobago,TTO,1989,310
Trinidad and Tobago,TTO,1990,363
Trinidad and Tobago,TTO,1991,100
Trinidad and Tobago,TTO,1992,98.03
Trinidad and Tobago,TTO,1993,96.11
Trinidad and Tobago,TTO,1994,94.23
Trinidad and Tobago,TTO,1995,92.38
Trinidad and Tobago,TTO,1996,90.57
Trinidad and Tobago,TTO,1997,88.79
Trinidad and Tobago,TTO,1998,87.04
Trinidad and Tobago,TTO,1999,85.32
Trinidad and Tobago,TTO,2000,83.63
Trinidad and Tobago,TTO,2001,81.97
Trinidad and Tobago,TTO,2002,80.35
Trinidad and Tobago,TTO,2003,78.75
Trinidad and Tobago,TTO,2004,77.18
Trinidad and Tobago,TTO,2005,75.65
Trinidad and Tobago,TTO,2006,74.14
Trinidad and Tobago,TTO,2007,72.65
Trinidad and Tobago,TTO,2008,71.2
Trinidad and Tobago,TTO,2009,69.77
Trinidad and Tobago,TTO,2010,68.37
Trinidad and Tobago,TTO,2011,67
Trinidad and Tobago,TTO,2012,65.65
Trinidad and Tobago,TTO,2013,64.33
Trinidad and Tobago,TTO,2014,63.04
Trinidad and Tobago,TTO,2015,61.76
Trinidad and Tobago,TTO,2016,60.52
Trinidad and Tobago,TTO,2017,59.26
Trinidad and Tobago,TTO,2018,58
Trinidad and Tobago,TTO,2019,57
Trinidad and Tobago,TTO,2020,55.96
Trinidad and Tobago,TTO,2021,54.72
Trinidad and Tobago,TTO,2022,52.59
Trinidad and Tobago,TTO,2023,51.26
Tunisia,TUN,1998,225
Tunisia,TUN,1999,225
Tunisia,TUN,2000,230
Tunisia,TUN,2001,243.03
Tunisia,TUN,2002,244.47
Tunisia,TUN,2003,250
Tunisia,TUN,2004,255.53
Tunisia,TUN,2005,261.07
Tunisia,TUN,2006,266.62
Tunisia,TUN,2007,272.18
Tunisia,TUN,2008,277.75
Tunisia,TUN,2009,283.33
Tunisia,TUN,2010,288.93
Tunisia,TUN,2011,294.54
Tunisia,TUN,2012,300
Tunisia,TUN,2013,305.8
Tunisia,TUN,2014,311.66
Tunisia,TUN,2015,317.6
Tunisia,TUN,2016,323.41
Tunisia,TUN,2017,329.16
Tunisia,TUN,2018,334.97
Tunisia,TUN,2019,340.82
Tunisia,TUN,2020,334.98
Tunisia,TUN,2021,336.92
Tunisia,TUN,2022,337.57
Tunisia,TUN,2023,336.49
Turkey,TUR,1961,0
Turkey,TUR,1962,0
Turkey,TUR,1963,0
Turkey,TUR,1964,0
Turkey,TUR,1965,0
Turkey,TUR,1966,0
Turkey,TUR,1967,0
Turkey,TUR,1968,0
Turkey,TUR,1969,0
Turkey,TUR,1970,0
Turkey,TUR,1971,0
Turkey,TUR,1972,0
Turkey,TUR,1973,0
Turkey,TUR,1974,0
Turkey,TUR,1975,0
Turkey,TUR,1976,0
Turkey,TUR,1977,0
Turkey,TUR,1978,0
Turkey,TUR,1979,0
Turkey,TUR,1980,0
Turkey,TUR,1981,0
Turkey,TUR,1982,0
Turkey,TUR,1983,0
Turkey,TUR,1984,0
Turkey,TUR,1985,0
Turkey,TUR,1986,0
Turkey,TUR,1987,0
Turkey,TUR,1988,100
Turkey,TUR,1989,100
Turkey,TUR,1990,101
Turkey,TUR,1991,59.13
Turkey,TUR,1992,70.1
Turkey,TUR,1993,113.71
Turkey,TUR,1994,129.25
Turkey,TUR,1995,153
Turkey,TUR,1996,164
Turkey,TUR,1997,225
Turkey,TUR,1998,270
Turkey,TUR,1999,285
Turkey,TUR,2000,300
Turkey,TUR,2001,350
Turkey,TUR,2002,400
Turkey,TUR,2003,370
Turkey,TUR,2004,400
Turkey,TUR,2005,475
Turkey,TUR,2006,492
Turkey,TUR,2007,931
Turkey,TUR,2008,958
Turkey,TUR,2009,1169
Turkey,TUR,2010,1207
Turkey,TUR,2011,1316
Turkey,TUR,2012,1463
Turkey,TUR,2013,1599
Turkey,TUR,2014,1824
Turkey,TUR,2015,1850
Turkey,TUR,2016,1950
Turkey,TUR,2017,2765
Turkey,TUR,2018,3164
Turkey,TUR,2019,4209
Turkey,TUR,2020,5923
Turkey,TUR,2021,9081
Turkey,TUR,2022,40181
Turkey,TUR,2023,38462
United States,USA,1961,51342
United States,USA,1962,47382
United States,USA,1963,55579
United States,USA,1964,33752
United States,USA,1965,55681
United States,USA,1966,55704
United States,USA,1967,73400
United States,USA,1968,47811
United States,USA,1969,67319
United States,USA,1970,41854
United States,USA,1971,78190
United States,USA,1972,41646
United States,USA,1973,81354
United States,USA,1974,67374
United States,USA,1975,79748
United States,USA,1976,128525
United States,USA,1977,106775
United States,USA,1978,132540
United States,USA,1979,92800
United States,USA,1980,243850
United States,USA,1981,165830
United States,USA,1982,214730
United States,USA,1983,248570
United States,USA,1984,208200
United States,USA,1985,171000
United States,USA,1986,274900
United States,USA,1987,189600
United States,USA,1988,175100
United States,USA,1989,126100
United States,USA,1990,141500
United States,USA,1991,167800
United States,USA,1992,264535
United States,USA,1993,130362
United States,USA,1994,158750
United States,USA,1995,172360
United States,USA,1996,173000
United States,USA,1997,161270
United States,USA,1998,144500
United States,USA,1999,166288
United States,USA,2000,217091
United States,USA,2001,202570
United States,USA,2002,180894
United States,USA,2003,211737
United States,USA,2004,162749
United States,USA,2005,283405
United States,USA,2006,247000
United States,USA,2007,193100
United States,USA,2008,105230
United States,USA,2009,270813
United States,USA,2010,158150
United States,USA,2011,205432
United States,USA,2012,238495
United States,USA,2013,166106
United States,USA,2014,179124
United States,USA,2015,207750
United States,USA,2016,125237
United States,USA,2017,170260
United States,USA,2018,168530
United States,USA,2019,122669.56
United States,USA,2020,187433.48
United States,USA,2021,137060
United States,USA,2022,142290
United States,USA,2023,116890
Vanuatu,VUT,2022,5606
Vanuatu,VUT,2023,5600
Venezuela,VEN,1961,53710
Venezuela,VEN,1962,53832
Venezuela,VEN,1963,53958
Venezuela,VEN,1964,54079
Venezuela,VEN,1965,54205
Venezuela,VEN,1966,48627
Venezuela,VEN,1967,47752
Venezuela,VEN,1968,46892
Venezuela,VEN,1969,46048
Venezuela,VEN,1970,45219
Venezuela,VEN,1971,40725
Venezuela,VEN,1972,42403
Venezuela,VEN,1973,43941
Venezuela,VEN,1974,43502
Venezuela,VEN,1975,48422
Venezuela,VEN,1976,40637
Venezuela,VEN,1977,46673
Venezuela,VEN,1978,39014
Venezuela,VEN,1979,41092
Venezuela,VEN,1980,44595
Venezuela,VEN,1981,46266
Venezuela,VEN,1982,45731
Venezuela,VEN,1983,47034
Venezuela,VEN,1984,43229
Venezuela,VEN,1985,41832
Venezuela,VEN,1986,43171
Venezuela,VEN,1987,42430
Venezuela,VEN,1988,45866
Venezuela,VEN,1989,49031
Venezuela,VEN,1990,50765
Venezuela,VEN,1991,53351
Venezuela,VEN,1992,51648
Venezuela,VEN,1993,51811
Venezuela,VEN,1994,40242
Venezuela,VEN,1995,41449
Venezuela,VEN,1996,36282
Venezuela,VEN,1997,38560
Venezuela,VEN,1998,41661
Venezuela,VEN,1999,41467
Venezuela,VEN,2000,52294
Venezuela,VEN,2001,44465
Venezuela,VEN,2002,49895
Venezuela,VEN,2003,46229
Venezuela,VEN,2004,52428
Venezuela,VEN,2005,63109
Venezuela,VEN,2006,58663
Venezuela,VEN,2007,83304
Venezuela,VEN,2008,71771
Venezuela,VEN,2009,68701
Venezuela,VEN,2010,83618
Venezuela,VEN,2011,107301
Venezuela,VEN,2012,116964
Venezuela,VEN,2013,112670
Venezuela,VEN,2014,121576
Venezuela,VEN,2015,128601
Venezuela,VEN,2016,130635.09
Venezuela,VEN,2017,143229
Venezuela,VEN,2018,118017
Venezuela,VEN,2019,130109
Venezuela,VEN,2020,128694.42
Venezuela,VEN,2021,129737.91
Venezuela,VEN,2022,128611
Venezuela,VEN,2023,131786.55
Vietnam,VNM,2018,77874
Vietnam,VNM,2019,110520
Vietnam,VNM,2020,158889
Vietnam,VNM,2021,213006.81
Vietnam,VNM,2022,210544.36
Vietnam,VNM,2023,189437.05
Zimbabwe,ZWE,1990,500
Zimbabwe,ZWE,1991,500
Zimbabwe,ZWE,1992,1218.61
Zimbabwe,ZWE,1993,1594.19
Zimbabwe,ZWE,1994,1829.48
Zimbabwe,ZWE,1995,2056.56
Zimbabwe,ZWE,1996,2291.64
Zimbabwe,ZWE,1997,2538.27
Zimbabwe,ZWE,1998,2799.89
Zimbabwe,ZWE,1999,3080.89
Zimbabwe,ZWE,2000,6682.66
Zimbabwe,ZWE,2001,7994.35
Zimbabwe,ZWE,2002,9384.36
Zimbabwe,ZWE,2003,10849.73
Zimbabwe,ZWE,2004,12382.55
Zimbabwe,ZWE,2005,13969.7
Zimbabwe,ZWE,2006,15594.11
Zimbabwe,ZWE,2007,17237.61
Zimbabwe,ZWE,2008,21404.26
Zimbabwe,ZWE,2009,23323.57
Zimbabwe,ZWE,2010,25223.5
Zimbabwe,ZWE,2011,27107.77
Zimbabwe,ZWE,2012,28978.55
Zimbabwe,ZWE,2013,30839.56
Zimbabwe,ZWE,2014,32695.06
Zimbabwe,ZWE,2015,34549.08
Zimbabwe,ZWE,2016,36405.13
Zimbabwe,ZWE,2017,38266.1
Zimbabwe,ZWE,2018,47370
Zimbabwe,ZWE,2019,59488
Zimbabwe,ZWE,2020,84091
Zimbabwe,ZWE,2021,93280
Zimbabwe,ZWE,2022,96348
Zimbabwe,ZWE,2023,91017.31
