Entity,Code,Year,Olive oil | 00000261 || Production | 005510 || tonnes
Afghanistan,AFG,1961,81.6
Afghanistan,AFG,1962,89.76
Afghanistan,AFG,1963,81.6
Afghanistan,AFG,1964,89.76
Afghanistan,AFG,1965,81.6
Afghanistan,AFG,1966,89.76
Afghanistan,AFG,1967,81.6
Afghanistan,AFG,1968,97.92
Afghanistan,AFG,1969,81.6
Afghanistan,AFG,1970,97.92
Afghanistan,AFG,1971,81.6
Afghanistan,AFG,1972,97.92
Afghanistan,AFG,1973,77.76
Afghanistan,AFG,1974,106.08
Afghanistan,AFG,1975,81.6
Afghanistan,AFG,1976,90.18
Afghanistan,AFG,1977,112.2
Afghanistan,AFG,1978,107.63
Afghanistan,AFG,1979,73.44
Afghanistan,AFG,1980,95.47
Afghanistan,AFG,1981,81.6
Afghanistan,AFG,1982,65.28
Afghanistan,AFG,1983,40.8
Afghanistan,AFG,1984,15.83
Afghanistan,AFG,1985,65.52
Afghanistan,AFG,1986,163.28
Afghanistan,AFG,1987,73.44
Afghanistan,AFG,1988,87.31
Afghanistan,AFG,1989,65.28
Afghanistan,AFG,1990,89.76
Afghanistan,AFG,1991,73.44
Afghanistan,AFG,1992,89.76
Afghanistan,AFG,1993,73.44
Afghanistan,AFG,1994,89.76
Afghanistan,AFG,1995,73.44
Afghanistan,AFG,1996,89.76
Afghanistan,AFG,1997,73.44
Afghanistan,AFG,1998,89.76
Afghanistan,AFG,1999,73.44
Afghanistan,AFG,2000,89.76
Afghanistan,AFG,2001,73.44
Afghanistan,AFG,2002,89.76
Afghanistan,AFG,2003,195.84
Afghanistan,AFG,2004,208.08
Afghanistan,AFG,2005,221.3
Afghanistan,AFG,2006,129.91
Afghanistan,AFG,2007,129.91
Afghanistan,AFG,2008,473.28
Afghanistan,AFG,2009,734.4
Afghanistan,AFG,2010,595.68
Afghanistan,AFG,2011,538.56
Afghanistan,AFG,2012,538.56
Afghanistan,AFG,2013,545.93
Afghanistan,AFG,2014,658.42
Afghanistan,AFG,2015,711.37
Afghanistan,AFG,2016,740.9
Afghanistan,AFG,2017,763.25
Afghanistan,AFG,2018,812.16
Afghanistan,AFG,2019,833.25
Afghanistan,AFG,2020,724.09
Afghanistan,AFG,2021,1043
Afghanistan,AFG,2022,1050
Albania,ALB,1961,2056
Albania,ALB,1962,3582
Albania,ALB,1963,3411
Albania,ALB,1964,8010
Albania,ALB,1965,3750
Albania,ALB,1966,4050
Albania,ALB,1967,4150
Albania,ALB,1968,4000
Albania,ALB,1969,3500
Albania,ALB,1970,1571
Albania,ALB,1971,4500
Albania,ALB,1972,4800
Albania,ALB,1973,7000
Albania,ALB,1974,6100
Albania,ALB,1975,6700
Albania,ALB,1976,6200
Albania,ALB,1977,7700
Albania,ALB,1978,5000
Albania,ALB,1979,5400
Albania,ALB,1980,4825
Albania,ALB,1981,3500
Albania,ALB,1982,2400
Albania,ALB,1983,6800
Albania,ALB,1984,3000
Albania,ALB,1985,4200
Albania,ALB,1986,2164
Albania,ALB,1987,4700
Albania,ALB,1988,3594
Albania,ALB,1989,4000
Albania,ALB,1990,1246
Albania,ALB,1991,4000
Albania,ALB,1992,1900
Albania,ALB,1993,3100
Albania,ALB,1994,3200
Albania,ALB,1995,4500
Albania,ALB,1996,3000
Albania,ALB,1997,2960
Albania,ALB,1998,1000
Albania,ALB,1999,597
Albania,ALB,2000,1175
Albania,ALB,2001,1345
Albania,ALB,2002,1400
Albania,ALB,2003,1260.96
Albania,ALB,2004,900
Albania,ALB,2005,800
Albania,ALB,2006,800
Albania,ALB,2007,800
Albania,ALB,2008,800
Albania,ALB,2009,800
Albania,ALB,2010,8000
Albania,ALB,2011,7000
Albania,ALB,2012,12000
Albania,ALB,2013,10500
Albania,ALB,2014,11000
Albania,ALB,2015,10000
Albania,ALB,2016,11500
Albania,ALB,2017,11000
Albania,ALB,2018,12500
Albania,ALB,2019,11500
Albania,ALB,2020,13000
Albania,ALB,2021,16500
Albania,ALB,2022,15500
Algeria,DZA,1961,19124
Algeria,DZA,1962,17000
Algeria,DZA,1963,17000
Algeria,DZA,1964,17000
Algeria,DZA,1965,17220
Algeria,DZA,1966,14000
Algeria,DZA,1967,19290
Algeria,DZA,1968,15390
Algeria,DZA,1969,21517
Algeria,DZA,1970,13000
Algeria,DZA,1971,22500
Algeria,DZA,1972,20976
Algeria,DZA,1973,15572
Algeria,DZA,1974,25040
Algeria,DZA,1975,25041
Algeria,DZA,1976,32629
Algeria,DZA,1977,10900
Algeria,DZA,1978,9851
Algeria,DZA,1979,21010
Algeria,DZA,1980,11121
Algeria,DZA,1981,24429
Algeria,DZA,1982,19591
Algeria,DZA,1983,19394
Algeria,DZA,1984,11242
Algeria,DZA,1985,18258
Algeria,DZA,1986,23337
Algeria,DZA,1987,17279
Algeria,DZA,1988,18810
Algeria,DZA,1989,11176
Algeria,DZA,1990,23786
Algeria,DZA,1991,9703
Algeria,DZA,1992,43357
Algeria,DZA,1993,26706
Algeria,DZA,1994,22628
Algeria,DZA,1995,14908
Algeria,DZA,1996,47222
Algeria,DZA,1997,46289
Algeria,DZA,1998,13862
Algeria,DZA,1999,52188
Algeria,DZA,2000,30488
Algeria,DZA,2001,26200
Algeria,DZA,2002,22500
Algeria,DZA,2003,24300
Algeria,DZA,2004,57600
Algeria,DZA,2005,34694
Algeria,DZA,2006,32017
Algeria,DZA,2007,21795
Algeria,DZA,2008,36400
Algeria,DZA,2009,50000
Algeria,DZA,2010,39900
Algeria,DZA,2011,57900
Algeria,DZA,2012,48200
Algeria,DZA,2013,58700
Algeria,DZA,2014,52400
Algeria,DZA,2015,73600
Algeria,DZA,2016,75700
Algeria,DZA,2017,69400
Algeria,DZA,2018,87300
Algeria,DZA,2019,106400
Algeria,DZA,2020,113600
Algeria,DZA,2021,71000
Algeria,DZA,2022,88200
Argentina,ARG,1961,4068
Argentina,ARG,1962,7855
Argentina,ARG,1963,7423
Argentina,ARG,1964,10304
Argentina,ARG,1965,12032
Argentina,ARG,1966,10804
Argentina,ARG,1967,13125
Argentina,ARG,1968,12243
Argentina,ARG,1969,19595
Argentina,ARG,1970,9831
Argentina,ARG,1971,20733
Argentina,ARG,1972,8908
Argentina,ARG,1973,23782
Argentina,ARG,1974,19067
Argentina,ARG,1975,17124
Argentina,ARG,1976,13183
Argentina,ARG,1977,11737
Argentina,ARG,1978,15004
Argentina,ARG,1979,21870
Argentina,ARG,1980,12000
Argentina,ARG,1981,15000
Argentina,ARG,1982,13000
Argentina,ARG,1983,16000
Argentina,ARG,1984,11000
Argentina,ARG,1985,11457
Argentina,ARG,1986,11591
Argentina,ARG,1987,9000
Argentina,ARG,1988,13900
Argentina,ARG,1989,9000
Argentina,ARG,1990,8000
Argentina,ARG,1991,21309
Argentina,ARG,1992,9500
Argentina,ARG,1993,8000
Argentina,ARG,1994,9500
Argentina,ARG,1995,7500
Argentina,ARG,1996,4000
Argentina,ARG,1997,11500
Argentina,ARG,1998,8500
Argentina,ARG,1999,8000
Argentina,ARG,2000,10500
Argentina,ARG,2001,3000
Argentina,ARG,2002,10000
Argentina,ARG,2003,11000
Argentina,ARG,2004,19400
Argentina,ARG,2005,20000
Argentina,ARG,2006,20900
Argentina,ARG,2007,20000
Argentina,ARG,2008,25700
Argentina,ARG,2009,21000
Argentina,ARG,2010,18000
Argentina,ARG,2011,21600
Argentina,ARG,2012,29400
Argentina,ARG,2013,21300
Argentina,ARG,2014,28100
Argentina,ARG,2015,30000
Argentina,ARG,2016,24000
Argentina,ARG,2017,45000
Argentina,ARG,2018,27500
Argentina,ARG,2019,30000
Argentina,ARG,2020,30000
Argentina,ARG,2021,30000
Argentina,ARG,2022,33000
Australia,AUS,1961,97.2
Australia,AUS,1962,86.22
Australia,AUS,1963,95.04
Australia,AUS,1964,146.43
Australia,AUS,1965,95.22
Australia,AUS,1966,158.58
Australia,AUS,1967,118.26
Australia,AUS,1968,197.01
Australia,AUS,1969,201.87
Australia,AUS,1970,174.51
Australia,AUS,1971,203.04
Australia,AUS,1972,205.47
Australia,AUS,1973,225.27
Australia,AUS,1974,226.89
Australia,AUS,1975,178.11
Australia,AUS,1976,282.96
Australia,AUS,1977,178.29
Australia,AUS,1978,245.16
Australia,AUS,1979,270
Australia,AUS,1980,138.33
Australia,AUS,1981,138.33
Australia,AUS,1982,250.92
Australia,AUS,1983,78.12
Australia,AUS,1984,132.75
Australia,AUS,1985,136.8
Australia,AUS,1986,115.56
Australia,AUS,1987,43.74
Australia,AUS,1988,53.73
Australia,AUS,1989,47.07
Australia,AUS,1990,48.06
Australia,AUS,1991,61.56
Australia,AUS,1992,83.97
Australia,AUS,1993,72.09
Australia,AUS,1994,84.24
Australia,AUS,1995,81
Australia,AUS,1996,72
Australia,AUS,1997,57.78
Australia,AUS,1998,103
Australia,AUS,1999,216.36
Australia,AUS,2000,125.73
Australia,AUS,2001,213.3
Australia,AUS,2002,162
Australia,AUS,2003,287.19
Australia,AUS,2004,588.69
Australia,AUS,2005,2073.69
Australia,AUS,2006,1897.96
Australia,AUS,2007,2570.53
Australia,AUS,2008,5400
Australia,AUS,2009,5638.95
Australia,AUS,2010,18000
Australia,AUS,2011,17700
Australia,AUS,2012,14700
Australia,AUS,2013,10100
Australia,AUS,2014,14200
Australia,AUS,2015,19600
Australia,AUS,2016,20100
Australia,AUS,2017,21000
Australia,AUS,2018,20800
Australia,AUS,2019,18700
Australia,AUS,2020,10200
Australia,AUS,2021,22600
Australia,AUS,2022,20000
Azerbaijan,AZE,1992,0
Azerbaijan,AZE,1993,0
Azerbaijan,AZE,1994,0
Azerbaijan,AZE,1995,0
Azerbaijan,AZE,1996,0
Azerbaijan,AZE,1997,0
Azerbaijan,AZE,1998,0
Azerbaijan,AZE,1999,0
Azerbaijan,AZE,2000,71.25
Azerbaijan,AZE,2001,142.5
Azerbaijan,AZE,2002,71.25
Azerbaijan,AZE,2003,71.25
Azerbaijan,AZE,2004,105
Azerbaijan,AZE,2005,146.5
Azerbaijan,AZE,2006,96
Azerbaijan,AZE,2007,114
Azerbaijan,AZE,2008,5
Azerbaijan,AZE,2009,105
Azerbaijan,AZE,2010,343
Azerbaijan,AZE,2011,318
Azerbaijan,AZE,2012,627
Azerbaijan,AZE,2013,892
Azerbaijan,AZE,2014,1018
Azerbaijan,AZE,2015,1031
Azerbaijan,AZE,2016,1309
Azerbaijan,AZE,2017,1481.8
Azerbaijan,AZE,2018,795.4
Azerbaijan,AZE,2019,1055.1
Azerbaijan,AZE,2020,1014
Azerbaijan,AZE,2021,1137
Azerbaijan,AZE,2022,1306
Bahrain,BHR,2021,0
Bahrain,BHR,2022,0
Brunei,BRN,2020,0
Brunei,BRN,2021,0
Brunei,BRN,2022,0
Chile,CHL,1961,2400
Chile,CHL,1962,2400
Chile,CHL,1963,2400
Chile,CHL,1964,2400
Chile,CHL,1965,2400
Chile,CHL,1966,2400
Chile,CHL,1967,2400
Chile,CHL,1968,2400
Chile,CHL,1969,1800
Chile,CHL,1970,1320
Chile,CHL,1971,1320
Chile,CHL,1972,1320
Chile,CHL,1973,960
Chile,CHL,1974,1122
Chile,CHL,1975,1370.4
Chile,CHL,1976,889.2
Chile,CHL,1977,1236
Chile,CHL,1978,864
Chile,CHL,1979,1347
Chile,CHL,1980,1224
Chile,CHL,1981,1023
Chile,CHL,1982,1099.8
Chile,CHL,1983,858
Chile,CHL,1984,720
Chile,CHL,1985,772.8
Chile,CHL,1986,708
Chile,CHL,1987,1008
Chile,CHL,1988,624
Chile,CHL,1989,1344
Chile,CHL,1990,780
Chile,CHL,1991,1200
Chile,CHL,1992,840
Chile,CHL,1993,1320
Chile,CHL,1994,840
Chile,CHL,1995,1080
Chile,CHL,1996,960
Chile,CHL,1997,1440
Chile,CHL,1998,840
Chile,CHL,1999,900
Chile,CHL,2000,862.5
Chile,CHL,2001,1087.5
Chile,CHL,2002,1350
Chile,CHL,2003,1650
Chile,CHL,2004,1950
Chile,CHL,2005,1950
Chile,CHL,2006,2250
Chile,CHL,2007,2700
Chile,CHL,2008,2902.5
Chile,CHL,2009,4050
Chile,CHL,2010,6465.23
Chile,CHL,2011,7941.63
Chile,CHL,2012,9295.65
Chile,CHL,2013,12722
Chile,CHL,2014,15800
Chile,CHL,2015,19500
Chile,CHL,2016,17800
Chile,CHL,2017,20600
Chile,CHL,2018,21900
Chile,CHL,2019,17000
Chile,CHL,2020,20900
Chile,CHL,2021,24800
Chile,CHL,2022,21300
Colombia,COL,2014,0
Colombia,COL,2015,0
Colombia,COL,2016,0
Colombia,COL,2017,0
Colombia,COL,2018,0
Croatia,HRV,1992,2700
Croatia,HRV,1993,1312
Croatia,HRV,1994,2512
Croatia,HRV,1995,5447
Croatia,HRV,1996,2293
Croatia,HRV,1997,1572
Croatia,HRV,1998,3172
Croatia,HRV,1999,5285
Croatia,HRV,2000,2354
Croatia,HRV,2001,3047
Croatia,HRV,2002,4482
Croatia,HRV,2003,1257
Croatia,HRV,2004,3600
Croatia,HRV,2005,5200
Croatia,HRV,2006,4800
Croatia,HRV,2007,4500
Croatia,HRV,2008,5000
Croatia,HRV,2009,1197
Croatia,HRV,2010,1637
Croatia,HRV,2011,596
Croatia,HRV,2012,1031
Croatia,HRV,2013,935
Croatia,HRV,2014,274
Croatia,HRV,2015,1467
Croatia,HRV,2016,1738
Croatia,HRV,2017,1325
Croatia,HRV,2018,3300
Croatia,HRV,2019,3600
Croatia,HRV,2020,4400
Croatia,HRV,2021,3500
Croatia,HRV,2022,3400
Cyprus,CYP,1961,4191
Cyprus,CYP,1962,762
Cyprus,CYP,1963,1626
Cyprus,CYP,1964,762
Cyprus,CYP,1965,3556
Cyprus,CYP,1966,3048
Cyprus,CYP,1967,5385
Cyprus,CYP,1968,2159
Cyprus,CYP,1969,2235
Cyprus,CYP,1970,1016
Cyprus,CYP,1971,2002
Cyprus,CYP,1972,3048
Cyprus,CYP,1973,203
Cyprus,CYP,1974,890
Cyprus,CYP,1975,2000
Cyprus,CYP,1976,1330
Cyprus,CYP,1977,890
Cyprus,CYP,1978,1330
Cyprus,CYP,1979,1330
Cyprus,CYP,1980,2220
Cyprus,CYP,1981,1330
Cyprus,CYP,1982,1890
Cyprus,CYP,1983,450
Cyprus,CYP,1984,1776
Cyprus,CYP,1985,1554
Cyprus,CYP,1986,1475
Cyprus,CYP,1987,875
Cyprus,CYP,1988,3500
Cyprus,CYP,1989,1122
Cyprus,CYP,1990,1570
Cyprus,CYP,1991,737
Cyprus,CYP,1992,2500
Cyprus,CYP,1993,1700
Cyprus,CYP,1994,1700
Cyprus,CYP,1995,2000
Cyprus,CYP,1996,1900
Cyprus,CYP,1997,1400
Cyprus,CYP,1998,1550
Cyprus,CYP,1999,2200
Cyprus,CYP,2000,3600
Cyprus,CYP,2001,3200
Cyprus,CYP,2002,5000
Cyprus,CYP,2003,1760
Cyprus,CYP,2004,3000
Cyprus,CYP,2005,1760
Cyprus,CYP,2006,2000
Cyprus,CYP,2007,1500
Cyprus,CYP,2008,1800
Cyprus,CYP,2009,1945
Cyprus,CYP,2010,2410
Cyprus,CYP,2011,1620
Cyprus,CYP,2012,1903
Cyprus,CYP,2013,1911
Cyprus,CYP,2014,2650
Cyprus,CYP,2015,2432
Cyprus,CYP,2016,2205
Cyprus,CYP,2017,3293
Cyprus,CYP,2018,5600
Cyprus,CYP,2019,4800
Cyprus,CYP,2020,4800
Cyprus,CYP,2021,5000
Cyprus,CYP,2022,4700
Egypt,EGY,2001,11300
Egypt,EGY,2002,12300
Egypt,EGY,2003,11400
Egypt,EGY,2004,8000
Egypt,EGY,2005,6200
Egypt,EGY,2006,6000
Egypt,EGY,2007,9500
Egypt,EGY,2008,6700
Egypt,EGY,2009,4300
Egypt,EGY,2010,3300
Egypt,EGY,2011,5700
Egypt,EGY,2012,8200
Egypt,EGY,2013,11000
Egypt,EGY,2014,19000
Egypt,EGY,2015,16800
Egypt,EGY,2016,21000
Egypt,EGY,2017,33100
Egypt,EGY,2018,40000
Egypt,EGY,2019,41300
Egypt,EGY,2020,36000
Egypt,EGY,2021,44100
Egypt,EGY,2022,45700
El Salvador,SLV,1961,225
El Salvador,SLV,1962,225
El Salvador,SLV,1963,225
El Salvador,SLV,1964,225
El Salvador,SLV,1965,225
El Salvador,SLV,1966,225
El Salvador,SLV,1967,225
El Salvador,SLV,1968,225
El Salvador,SLV,1969,225
El Salvador,SLV,1970,225
El Salvador,SLV,1971,270
El Salvador,SLV,1972,300
El Salvador,SLV,1973,330
El Salvador,SLV,1974,360
El Salvador,SLV,1975,390
El Salvador,SLV,1976,420
El Salvador,SLV,1977,450
El Salvador,SLV,1978,450
El Salvador,SLV,1979,450
El Salvador,SLV,1980,450
El Salvador,SLV,1981,465
El Salvador,SLV,1982,472.5
El Salvador,SLV,1983,480
El Salvador,SLV,1984,495
El Salvador,SLV,1985,510
El Salvador,SLV,1986,510
El Salvador,SLV,1987,510
El Salvador,SLV,1988,510
El Salvador,SLV,1989,510
El Salvador,SLV,1990,471.3
El Salvador,SLV,1991,444.3
El Salvador,SLV,1992,525
El Salvador,SLV,1993,530.25
El Salvador,SLV,1994,499.8
El Salvador,SLV,1995,632.55
El Salvador,SLV,1996,581.7
El Salvador,SLV,1997,596.85
El Salvador,SLV,1998,747.9
El Salvador,SLV,1999,772.2
El Salvador,SLV,2000,786.75
El Salvador,SLV,2001,919.5
El Salvador,SLV,2002,986.55
El Salvador,SLV,2003,1155.9
El Salvador,SLV,2004,1126.05
El Salvador,SLV,2005,1228.95
El Salvador,SLV,2006,1248.15
El Salvador,SLV,2007,1431
El Salvador,SLV,2008,1450.05
El Salvador,SLV,2009,1451.85
El Salvador,SLV,2010,1248.41
El Salvador,SLV,2011,1314.4
El Salvador,SLV,2012,1421.81
El Salvador,SLV,2013,1421.8
El Salvador,SLV,2014,1522.67
El Salvador,SLV,2015,1610.44
El Salvador,SLV,2016,1604.01
El Salvador,SLV,2017,1661.58
El Salvador,SLV,2018,1625.39
El Salvador,SLV,2019,1528.63
El Salvador,SLV,2020,1563.74
El Salvador,SLV,2021,1557.56
El Salvador,SLV,2022,1556.9
France,FRA,1961,148
France,FRA,1962,1604
France,FRA,1963,1407
France,FRA,1964,533
France,FRA,1965,1123
France,FRA,1966,970
France,FRA,1967,1257
France,FRA,1968,1631
France,FRA,1969,3796
France,FRA,1970,497
France,FRA,1971,3186
France,FRA,1972,1136
France,FRA,1973,1895
France,FRA,1974,1700
France,FRA,1975,2110
France,FRA,1976,3177
France,FRA,1977,1791
France,FRA,1978,1895
France,FRA,1979,2000
France,FRA,1980,2000
France,FRA,1981,1500
France,FRA,1982,1500
France,FRA,1983,1500
France,FRA,1984,2000
France,FRA,1985,1000
France,FRA,1986,1000
France,FRA,1987,1500
France,FRA,1988,1200
France,FRA,1989,1900
France,FRA,1990,1700
France,FRA,1991,1900
France,FRA,1992,2900
France,FRA,1993,1600
France,FRA,1994,1970
France,FRA,1995,2300
France,FRA,1996,2400
France,FRA,1997,2600
France,FRA,1998,2900
France,FRA,1999,2700
France,FRA,2000,2800
France,FRA,2001,3200
France,FRA,2002,3600
France,FRA,2003,4200
France,FRA,2004,3400
France,FRA,2005,4900
France,FRA,2006,4100
France,FRA,2007,3700
France,FRA,2008,5500
France,FRA,2009,6600
France,FRA,2010,5600
France,FRA,2011,3200
France,FRA,2012,4800
France,FRA,2013,4800
France,FRA,2014,2000
France,FRA,2015,2100
France,FRA,2016,4500
France,FRA,2017,3400
France,FRA,2018,5900
France,FRA,2019,5200
France,FRA,2020,3800
France,FRA,2021,4900
France,FRA,2022,5100
Greece,GRC,1961,215000
Greece,GRC,1962,56000
Greece,GRC,1963,208200
Greece,GRC,1964,129500
Greece,GRC,1965,190000
Greece,GRC,1966,186000
Greece,GRC,1967,193000
Greece,GRC,1968,204334
Greece,GRC,1969,156105
Greece,GRC,1970,186086
Greece,GRC,1971,195200
Greece,GRC,1972,233405
Greece,GRC,1973,192204
Greece,GRC,1974,241722
Greece,GRC,1975,238494
Greece,GRC,1976,223705
Greece,GRC,1977,234116
Greece,GRC,1978,239785
Greece,GRC,1979,245984
Greece,GRC,1980,328830
Greece,GRC,1981,249839
Greece,GRC,1982,343842
Greece,GRC,1983,268151
Greece,GRC,1984,251593
Greece,GRC,1985,324069
Greece,GRC,1986,262677
Greece,GRC,1987,288273
Greece,GRC,1988,304679
Greece,GRC,1989,309000
Greece,GRC,1990,197000
Greece,GRC,1991,396000
Greece,GRC,1992,331000
Greece,GRC,1993,330000
Greece,GRC,1994,299686
Greece,GRC,1995,359967
Greece,GRC,1996,370000
Greece,GRC,1997,411285
Greece,GRC,1998,396973
Greece,GRC,1999,398000
Greece,GRC,2000,408375
Greece,GRC,2001,302230
Greece,GRC,2002,381620
Greece,GRC,2003,374903
Greece,GRC,2004,321338
Greece,GRC,2005,386385
Greece,GRC,2006,385552
Greece,GRC,2007,318201
Greece,GRC,2008,328273
Greece,GRC,2009,305000
Greece,GRC,2010,300503.47
Greece,GRC,2011,357253.78
Greece,GRC,2012,329962.62
Greece,GRC,2013,291396.62
Greece,GRC,2014,251431.22
Greece,GRC,2015,333307
Greece,GRC,2016,328021
Greece,GRC,2017,311727
Greece,GRC,2018,327718
Greece,GRC,2019,290476
Greece,GRC,2020,276695
Greece,GRC,2021,255705
Greece,GRC,2022,313300
Iran,IRN,1961,742.5
Iran,IRN,1962,742.5
Iran,IRN,1963,742.5
Iran,IRN,1964,742.5
Iran,IRN,1965,742.5
Iran,IRN,1966,742.5
Iran,IRN,1967,742.5
Iran,IRN,1968,742.5
Iran,IRN,1969,594
Iran,IRN,1970,742.5
Iran,IRN,1971,146.03
Iran,IRN,1972,668.25
Iran,IRN,1973,643.5
Iran,IRN,1974,792
Iran,IRN,1975,643.5
Iran,IRN,1976,445.5
Iran,IRN,1977,544.5
Iran,IRN,1978,445.5
Iran,IRN,1979,346.5
Iran,IRN,1980,495
Iran,IRN,1981,445.5
Iran,IRN,1982,487.48
Iran,IRN,1983,373.28
Iran,IRN,1984,509.95
Iran,IRN,1985,409.76
Iran,IRN,1986,691.61
Iran,IRN,1987,414.91
Iran,IRN,1988,708.44
Iran,IRN,1989,625.53
Iran,IRN,1990,799.57
Iran,IRN,1991,647.51
Iran,IRN,1992,562.62
Iran,IRN,1993,373.97
Iran,IRN,1994,869.32
Iran,IRN,1995,955.85
Iran,IRN,1996,1226.71
Iran,IRN,1997,1278.09
Iran,IRN,1998,1278.04
Iran,IRN,1999,1157.9
Iran,IRN,2000,1719.13
Iran,IRN,2001,1882.98
Iran,IRN,2002,1831.5
Iran,IRN,2003,2248.29
Iran,IRN,2004,1900.65
Iran,IRN,2005,4048.37
Iran,IRN,2006,2640
Iran,IRN,2007,2895.68
Iran,IRN,2008,2802.82
Iran,IRN,2009,2730.42
Iran,IRN,2010,8481.63
Iran,IRN,2011,14829.12
Iran,IRN,2012,10005.12
Iran,IRN,2013,14228.64
Iran,IRN,2014,4511.97
Iran,IRN,2015,3919.12
Iran,IRN,2016,5673.03
Iran,IRN,2017,8417.06
Iran,IRN,2018,5256.14
Iran,IRN,2019,6196.5
Iran,IRN,2020,6669.74
Iran,IRN,2021,4594.25
Iran,IRN,2022,7005.78
Israel,ISR,1961,250
Israel,ISR,1962,1350
Israel,ISR,1963,2850
Israel,ISR,1964,1050
Israel,ISR,1965,1025
Israel,ISR,1966,1000
Israel,ISR,1967,3000
Israel,ISR,1968,900
Israel,ISR,1969,2600
Israel,ISR,1970,300
Israel,ISR,1971,900
Israel,ISR,1972,3300
Israel,ISR,1973,0
Israel,ISR,1974,3400
Israel,ISR,1975,0
Israel,ISR,1976,1400
Israel,ISR,1977,700
Israel,ISR,1978,176
Israel,ISR,1979,55
Israel,ISR,1980,162
Israel,ISR,1981,213
Israel,ISR,1982,207
Israel,ISR,1983,406
Israel,ISR,1984,241
Israel,ISR,1985,189
Israel,ISR,1986,165
Israel,ISR,1987,213
Israel,ISR,1988,215
Israel,ISR,1989,207
Israel,ISR,1990,216
Israel,ISR,1991,173
Israel,ISR,1992,345
Israel,ISR,1993,171
Israel,ISR,1994,151
Israel,ISR,1995,202
Israel,ISR,1996,36
Israel,ISR,1997,23
Israel,ISR,1998,3800
Israel,ISR,1999,1700
Israel,ISR,2000,7200
Israel,ISR,2001,6000
Israel,ISR,2002,1800
Israel,ISR,2003,6400
Israel,ISR,2004,2700
Israel,ISR,2005,7200
Israel,ISR,2006,4000
Israel,ISR,2007,7000
Israel,ISR,2008,5700
Israel,ISR,2009,7200
Israel,ISR,2010,6500
Israel,ISR,2011,12700
Israel,ISR,2012,13000
Israel,ISR,2013,13700
Israel,ISR,2014,16200
Israel,ISR,2015,18300
Israel,ISR,2016,18000
Israel,ISR,2017,17700
Israel,ISR,2018,16700
Israel,ISR,2019,15700
Israel,ISR,2020,16800
Israel,ISR,2021,12000
Israel,ISR,2022,14000
Italy,ITA,1961,394100
Italy,ITA,1962,310100
Italy,ITA,1963,538200
Italy,ITA,1964,304300
Italy,ITA,1965,419900
Italy,ITA,1966,320300
Italy,ITA,1967,537300
Italy,ITA,1968,384600
Italy,ITA,1969,473400
Italy,ITA,1970,419900
Italy,ITA,1971,618100
Italy,ITA,1972,339600
Italy,ITA,1973,542800
Italy,ITA,1974,431100
Italy,ITA,1975,632900
Italy,ITA,1976,295700
Italy,ITA,1977,689100
Italy,ITA,1978,418900
Italy,ITA,1979,475300
Italy,ITA,1980,690500
Italy,ITA,1981,606500
Italy,ITA,1982,430000
Italy,ITA,1983,824000
Italy,ITA,1984,343200
Italy,ITA,1985,641500
Italy,ITA,1986,338010
Italy,ITA,1987,659800
Italy,ITA,1988,430680
Italy,ITA,1989,578130
Italy,ITA,1990,163250
Italy,ITA,1991,786200
Italy,ITA,1992,434440
Italy,ITA,1993,565510
Italy,ITA,1994,486450
Italy,ITA,1995,630403
Italy,ITA,1996,390141
Italy,ITA,1997,652039
Italy,ITA,1998,471349
Italy,ITA,1999,713500
Italy,ITA,2000,507400
Italy,ITA,2001,573500
Italy,ITA,2002,574950
Italy,ITA,2003,600482
Italy,ITA,2004,794559
Italy,ITA,2005,671315
Italy,ITA,2006,603253
Italy,ITA,2007,574261
Italy,ITA,2008,607000
Italy,ITA,2009,517460
Italy,ITA,2010,526778
Italy,ITA,2011,541760
Italy,ITA,2012,505915
Italy,ITA,2013,463700
Italy,ITA,2014,294914
Italy,ITA,2015,488214
Italy,ITA,2016,298790
Italy,ITA,2017,411159
Italy,ITA,2018,290232
Italy,ITA,2019,336581
Italy,ITA,2020,330879
Italy,ITA,2021,338631
Italy,ITA,2022,331038
Jordan,JOR,1961,21768
Jordan,JOR,1962,1284
Jordan,JOR,1963,8050
Jordan,JOR,1964,22600
Jordan,JOR,1965,7800
Jordan,JOR,1966,7800
Jordan,JOR,1967,25000
Jordan,JOR,1968,2945
Jordan,JOR,1969,4694
Jordan,JOR,1970,1931
Jordan,JOR,1971,3570
Jordan,JOR,1972,7500
Jordan,JOR,1973,2000
Jordan,JOR,1974,8750
Jordan,JOR,1975,750
Jordan,JOR,1976,4375
Jordan,JOR,1977,1800
Jordan,JOR,1978,7000
Jordan,JOR,1979,1250
Jordan,JOR,1980,7784
Jordan,JOR,1981,3536
Jordan,JOR,1982,7637
Jordan,JOR,1983,4277
Jordan,JOR,1984,6624
Jordan,JOR,1985,4093
Jordan,JOR,1986,7067
Jordan,JOR,1987,3876
Jordan,JOR,1988,11996
Jordan,JOR,1989,2100
Jordan,JOR,1990,10862
Jordan,JOR,1991,4960
Jordan,JOR,1992,14000
Jordan,JOR,1993,8500
Jordan,JOR,1994,15578
Jordan,JOR,1995,11409
Jordan,JOR,1996,24124
Jordan,JOR,1997,17308
Jordan,JOR,1998,21413
Jordan,JOR,1999,6597
Jordan,JOR,2000,27202
Jordan,JOR,2001,17429
Jordan,JOR,2002,27977
Jordan,JOR,2003,17955
Jordan,JOR,2004,24116
Jordan,JOR,2005,17458
Jordan,JOR,2006,23470
Jordan,JOR,2007,18362
Jordan,JOR,2008,11292
Jordan,JOR,2009,16760
Jordan,JOR,2010,21412
Jordan,JOR,2011,19447
Jordan,JOR,2012,21548
Jordan,JOR,2013,19077
Jordan,JOR,2014,23022
Jordan,JOR,2015,29610
Jordan,JOR,2016,20002
Jordan,JOR,2017,20706
Jordan,JOR,2018,21233
Jordan,JOR,2019,34725
Jordan,JOR,2020,24402
Jordan,JOR,2021,23402
Jordan,JOR,2022,25421
Lebanon,LBN,1961,9000
Lebanon,LBN,1962,2000
Lebanon,LBN,1963,13000
Lebanon,LBN,1964,5000
Lebanon,LBN,1965,9000
Lebanon,LBN,1966,4800
Lebanon,LBN,1967,10500
Lebanon,LBN,1968,5000
Lebanon,LBN,1969,10000
Lebanon,LBN,1970,8500
Lebanon,LBN,1971,11000
Lebanon,LBN,1972,7000
Lebanon,LBN,1973,4500
Lebanon,LBN,1974,12700
Lebanon,LBN,1975,6000
Lebanon,LBN,1976,9000
Lebanon,LBN,1977,5000
Lebanon,LBN,1978,8500
Lebanon,LBN,1979,2250
Lebanon,LBN,1980,13300
Lebanon,LBN,1981,2500
Lebanon,LBN,1982,13000
Lebanon,LBN,1983,3500
Lebanon,LBN,1984,8000
Lebanon,LBN,1985,3500
Lebanon,LBN,1986,7500
Lebanon,LBN,1987,4655
Lebanon,LBN,1988,2295
Lebanon,LBN,1989,2760
Lebanon,LBN,1990,4850
Lebanon,LBN,1991,5618
Lebanon,LBN,1992,8000
Lebanon,LBN,1993,2000
Lebanon,LBN,1994,5000
Lebanon,LBN,1995,5000
Lebanon,LBN,1996,6500
Lebanon,LBN,1997,5700
Lebanon,LBN,1998,5569
Lebanon,LBN,1999,6300
Lebanon,LBN,2000,12000
Lebanon,LBN,2001,5700
Lebanon,LBN,2002,5300
Lebanon,LBN,2003,6500
Lebanon,LBN,2004,7500
Lebanon,LBN,2005,6800
Lebanon,LBN,2006,15700
Lebanon,LBN,2007,7500
Lebanon,LBN,2008,12000
Lebanon,LBN,2009,12600
Lebanon,LBN,2010,32000
Lebanon,LBN,2011,14000
Lebanon,LBN,2012,11200
Lebanon,LBN,2013,14800
Lebanon,LBN,2014,18000
Lebanon,LBN,2015,21700
Lebanon,LBN,2016,23700
Lebanon,LBN,2017,22522
Lebanon,LBN,2018,19800
Lebanon,LBN,2019,21700
Lebanon,LBN,2020,14300
Lebanon,LBN,2021,17100
Lebanon,LBN,2022,20000
Libya,LBY,1961,6589
Libya,LBY,1962,7000
Libya,LBY,1963,6158
Libya,LBY,1964,3587
Libya,LBY,1965,19040
Libya,LBY,1966,17628
Libya,LBY,1967,19890
Libya,LBY,1968,23900
Libya,LBY,1969,6417
Libya,LBY,1970,13404
Libya,LBY,1971,1000
Libya,LBY,1972,16544
Libya,LBY,1973,26000
Libya,LBY,1974,18000
Libya,LBY,1975,28000
Libya,LBY,1976,28629
Libya,LBY,1977,7985
Libya,LBY,1978,27246
Libya,LBY,1979,16000
Libya,LBY,1980,30000
Libya,LBY,1981,26000
Libya,LBY,1982,23000
Libya,LBY,1983,20000
Libya,LBY,1984,14600
Libya,LBY,1985,22000
Libya,LBY,1986,18000
Libya,LBY,1987,6200
Libya,LBY,1988,6000
Libya,LBY,1989,6700
Libya,LBY,1990,7700
Libya,LBY,1991,8000
Libya,LBY,1992,8700
Libya,LBY,1993,6700
Libya,LBY,1994,7500
Libya,LBY,1995,5700
Libya,LBY,1996,6000
Libya,LBY,1997,8700
Libya,LBY,1998,6700
Libya,LBY,1999,7700
Libya,LBY,2000,6000
Libya,LBY,2001,5000
Libya,LBY,2002,6800
Libya,LBY,2003,13000
Libya,LBY,2004,15800
Libya,LBY,2005,7900
Libya,LBY,2006,9700
Libya,LBY,2007,11700
Libya,LBY,2008,13700
Libya,LBY,2009,15000
Libya,LBY,2010,15000
Libya,LBY,2011,15000
Libya,LBY,2012,15000
Libya,LBY,2013,16000
Libya,LBY,2014,16000
Libya,LBY,2015,18000
Libya,LBY,2016,16000
Libya,LBY,2017,18000
Libya,LBY,2018,17300
Libya,LBY,2019,16600
Libya,LBY,2020,17000
Libya,LBY,2021,17000
Libya,LBY,2022,18000
Malta,MLT,1961,2.7
Malta,MLT,1962,2.88
Malta,MLT,1963,3.06
Malta,MLT,1964,3.6
Malta,MLT,1965,3.42
Malta,MLT,1966,3.24
Malta,MLT,1967,3.06
Malta,MLT,1968,3.24
Malta,MLT,1969,3.06
Malta,MLT,1970,1.98
Malta,MLT,1971,3.42
Malta,MLT,1972,1.44
Malta,MLT,1973,1.98
Malta,MLT,1974,3.78
Malta,MLT,1975,3.42
Malta,MLT,1976,3.24
Malta,MLT,1977,4.14
Malta,MLT,1978,3.06
Malta,MLT,1979,3.06
Malta,MLT,1980,2.7
Malta,MLT,1981,2.52
Malta,MLT,1982,3.6
Malta,MLT,1983,3.78
Malta,MLT,1984,3.6
Malta,MLT,1985,3.6
Malta,MLT,1986,3.6
Malta,MLT,1987,3.78
Malta,MLT,1988,3.24
Malta,MLT,1989,2.7
Malta,MLT,1990,2.88
Malta,MLT,1991,2.34
Malta,MLT,1992,2.7
Malta,MLT,1993,1.8
Malta,MLT,1994,1.44
Malta,MLT,1995,1.8
Malta,MLT,1996,1.8
Malta,MLT,1997,1.98
Malta,MLT,1998,0.36
Malta,MLT,1999,0.72
Malta,MLT,2000,0.54
Malta,MLT,2001,0.18
Malta,MLT,2002,0.54
Malta,MLT,2003,0.54
Malta,MLT,2004,4.5
Malta,MLT,2005,3.96
Malta,MLT,2006,1.98
Malta,MLT,2007,3.06
Malta,MLT,2008,2.16
Malta,MLT,2009,1.26
Malta,MLT,2010,2.72
Malta,MLT,2011,6.85
Malta,MLT,2012,8.07
Malta,MLT,2013,8.92
Malta,MLT,2014,12.62
Malta,MLT,2015,15.51
Malta,MLT,2016,16.78
Malta,MLT,2017,10.1
Malta,MLT,2018,9.91
Malta,MLT,2019,5.98
Malta,MLT,2020,0.15
Malta,MLT,2021,6.54
Malta,MLT,2022,9.94
Mexico,MEX,1961,390
Mexico,MEX,1962,500
Mexico,MEX,1963,500
Mexico,MEX,1964,500
Mexico,MEX,1965,500
Mexico,MEX,1966,1000
Mexico,MEX,1967,900
Mexico,MEX,1968,800
Mexico,MEX,1969,1000
Mexico,MEX,1970,1000
Mexico,MEX,1971,1000
Mexico,MEX,1972,1000
Mexico,MEX,1973,1100
Mexico,MEX,1974,1200
Mexico,MEX,1975,1100
Mexico,MEX,1976,1200
Mexico,MEX,1977,1200
Mexico,MEX,1978,1300
Mexico,MEX,1979,1100
Mexico,MEX,1980,1200
Mexico,MEX,1981,1000
Mexico,MEX,1982,1000
Mexico,MEX,1983,1000
Mexico,MEX,1984,1000
Mexico,MEX,1985,1000
Mexico,MEX,1986,1000
Mexico,MEX,1987,1000
Mexico,MEX,1988,1000
Mexico,MEX,1989,1000
Mexico,MEX,1990,1000
Mexico,MEX,1991,200
Mexico,MEX,1992,200
Mexico,MEX,1993,200
Mexico,MEX,1994,200
Mexico,MEX,1995,400
Mexico,MEX,1996,400
Mexico,MEX,1997,400
Mexico,MEX,1998,400
Mexico,MEX,1999,200
Mexico,MEX,2000,200
Mexico,MEX,2001,200
Mexico,MEX,2002,200
Mexico,MEX,2003,200
Mexico,MEX,2004,200
Mexico,MEX,2005,200
Mexico,MEX,2006,200
Mexico,MEX,2007,200
Mexico,MEX,2008,200
Mexico,MEX,2009,200
Mexico,MEX,2010,823.95
Mexico,MEX,2011,200
Mexico,MEX,2012,220
Mexico,MEX,2013,240
Mexico,MEX,2014,250
Mexico,MEX,2015,224.23
Mexico,MEX,2016,244.59
Mexico,MEX,2017,174.31
Mexico,MEX,2018,268.31
Mexico,MEX,2019,577.19
Mexico,MEX,2020,610.5
Mexico,MEX,2021,678.2
Mexico,MEX,2022,2018.4
Montenegro,MNE,2006,313
Montenegro,MNE,2007,187
Montenegro,MNE,2008,380
Montenegro,MNE,2009,180
Montenegro,MNE,2010,33.01
Montenegro,MNE,2011,22.39
Montenegro,MNE,2012,40.56
Montenegro,MNE,2013,16.27
Montenegro,MNE,2014,19
Montenegro,MNE,2015,15
Montenegro,MNE,2016,27
Montenegro,MNE,2017,28
Montenegro,MNE,2018,18.18
Montenegro,MNE,2019,20.36
Montenegro,MNE,2020,19.52
Montenegro,MNE,2021,27.66
Montenegro,MNE,2022,23.32
Morocco,MAR,1961,13900
Morocco,MAR,1962,14400
Morocco,MAR,1963,20500
Morocco,MAR,1964,16900
Morocco,MAR,1965,28600
Morocco,MAR,1966,28600
Morocco,MAR,1967,13700
Morocco,MAR,1968,63500
Morocco,MAR,1969,37300
Morocco,MAR,1970,12300
Morocco,MAR,1971,61900
Morocco,MAR,1972,18300
Morocco,MAR,1973,27200
Morocco,MAR,1974,24500
Morocco,MAR,1975,38000
Morocco,MAR,1976,35000
Morocco,MAR,1977,15000
Morocco,MAR,1978,20000
Morocco,MAR,1979,35000
Morocco,MAR,1980,22000
Morocco,MAR,1981,18000
Morocco,MAR,1982,45000
Morocco,MAR,1983,23000
Morocco,MAR,1984,27000
Morocco,MAR,1985,40000
Morocco,MAR,1986,35000
Morocco,MAR,1987,38000
Morocco,MAR,1988,38000
Morocco,MAR,1989,65000
Morocco,MAR,1990,75000
Morocco,MAR,1991,55000
Morocco,MAR,1992,38000
Morocco,MAR,1993,40000
Morocco,MAR,1994,45000
Morocco,MAR,1995,35000
Morocco,MAR,1996,80000
Morocco,MAR,1997,50000
Morocco,MAR,1998,60000
Morocco,MAR,1999,65000
Morocco,MAR,2000,40000
Morocco,MAR,2001,35000
Morocco,MAR,2002,60000
Morocco,MAR,2003,45000
Morocco,MAR,2004,100000
Morocco,MAR,2005,50000
Morocco,MAR,2006,75000
Morocco,MAR,2007,75000
Morocco,MAR,2008,75000
Morocco,MAR,2009,111600
Morocco,MAR,2010,146700
Morocco,MAR,2011,133500
Morocco,MAR,2012,120100
Morocco,MAR,2013,117900
Morocco,MAR,2014,137400
Morocco,MAR,2015,135300
Morocco,MAR,2016,134700
Morocco,MAR,2017,130600
Morocco,MAR,2018,178400
Morocco,MAR,2019,204200
Morocco,MAR,2020,164600
Morocco,MAR,2021,194900
Morocco,MAR,2022,181500
North Macedonia,MKD,1992,0
North Macedonia,MKD,1993,0
North Macedonia,MKD,1994,0
North Macedonia,MKD,1995,0
North Macedonia,MKD,1996,0
North Macedonia,MKD,1997,0
North Macedonia,MKD,1998,0
North Macedonia,MKD,1999,0
North Macedonia,MKD,2000,0
North Macedonia,MKD,2001,0
North Macedonia,MKD,2002,2040
North Macedonia,MKD,2003,2380
North Macedonia,MKD,2004,2040
North Macedonia,MKD,2005,2040
North Macedonia,MKD,2006,1700
North Macedonia,MKD,2007,1700
North Macedonia,MKD,2008,1530
North Macedonia,MKD,2009,1530
North Macedonia,MKD,2010,1360
North Macedonia,MKD,2011,1360
North Macedonia,MKD,2012,1530
North Macedonia,MKD,2013,1530
North Macedonia,MKD,2014,1331.91
North Macedonia,MKD,2015,1325.8
North Macedonia,MKD,2016,1346.82
North Macedonia,MKD,2017,1334.87
North Macedonia,MKD,2018,1325.43
North Macedonia,MKD,2019,1299.95
North Macedonia,MKD,2020,1904
North Macedonia,MKD,2021,1887
North Macedonia,MKD,2022,1876.8
Palestine,PSE,1996,11975
Palestine,PSE,1997,5961
Palestine,PSE,1998,14998
Palestine,PSE,1999,3436
Palestine,PSE,2000,27062
Palestine,PSE,2001,5443
Palestine,PSE,2002,27744
Palestine,PSE,2003,11163
Palestine,PSE,2004,22106
Palestine,PSE,2005,6790
Palestine,PSE,2006,34002
Palestine,PSE,2007,8870
Palestine,PSE,2008,17584
Palestine,PSE,2009,4771
Palestine,PSE,2010,23754
Palestine,PSE,2011,20754
Palestine,PSE,2012,22951
Palestine,PSE,2013,17642
Palestine,PSE,2014,24759
Palestine,PSE,2015,21084
Palestine,PSE,2016,20135
Palestine,PSE,2017,19533
Palestine,PSE,2018,14740
Palestine,PSE,2019,39610
Palestine,PSE,2020,14408
Palestine,PSE,2021,17477
Palestine,PSE,2022,36000
Peru,PER,2003,214
Peru,PER,2004,266
Peru,PER,2005,389
Peru,PER,2006,390
Peru,PER,2007,350
Peru,PER,2008,468
Peru,PER,2009,213
Peru,PER,2010,360
Peru,PER,2011,271
Peru,PER,2012,357
Peru,PER,2013,433.64
Peru,PER,2014,1976
Peru,PER,2015,676
Peru,PER,2016,697
Peru,PER,2017,1105
Peru,PER,2018,1400
Peru,PER,2019,2144.6
Peru,PER,2020,1551
Peru,PER,2021,1190.4
Peru,PER,2022,781.5
Portugal,PRT,1961,123431
Portugal,PRT,1962,57971
Portugal,PRT,1963,108437
Portugal,PRT,1964,45040
Portugal,PRT,1965,77711
Portugal,PRT,1966,41426
Portugal,PRT,1967,87922
Portugal,PRT,1968,58080
Portugal,PRT,1969,79050
Portugal,PRT,1970,73480
Portugal,PRT,1971,45780
Portugal,PRT,1972,58820
Portugal,PRT,1973,45750
Portugal,PRT,1974,52560
Portugal,PRT,1975,53890
Portugal,PRT,1976,39150
Portugal,PRT,1977,32520
Portugal,PRT,1978,43897
Portugal,PRT,1979,62475
Portugal,PRT,1980,34925
Portugal,PRT,1981,25110
Portugal,PRT,1982,79510
Portugal,PRT,1983,8800
Portugal,PRT,1984,47570
Portugal,PRT,1985,33195
Portugal,PRT,1986,51220
Portugal,PRT,1987,39080
Portugal,PRT,1988,14471
Portugal,PRT,1989,41064
Portugal,PRT,1990,24222
Portugal,PRT,1991,61520
Portugal,PRT,1992,20623
Portugal,PRT,1993,32300
Portugal,PRT,1994,31780
Portugal,PRT,1995,43950
Portugal,PRT,1996,41588
Portugal,PRT,1997,38970
Portugal,PRT,1998,33207
Portugal,PRT,1999,47130
Portugal,PRT,2000,25974
Portugal,PRT,2001,34950
Portugal,PRT,2002,31050
Portugal,PRT,2003,36498
Portugal,PRT,2004,50066
Portugal,PRT,2005,31817
Portugal,PRT,2006,51847
Portugal,PRT,2007,35257
Portugal,PRT,2008,58742
Portugal,PRT,2009,68185
Portugal,PRT,2010,62913.81
Portugal,PRT,2011,76203.32
Portugal,PRT,2012,59116.72
Portugal,PRT,2013,91586.53
Portugal,PRT,2014,60943.77
Portugal,PRT,2015,109051.91
Portugal,PRT,2016,75737
Portugal,PRT,2017,147035
Portugal,PRT,2018,109443
Portugal,PRT,2019,154063
Portugal,PRT,2020,107000
Portugal,PRT,2021,228954
Portugal,PRT,2022,137753
Saudi Arabia,SAU,2021,3000
Saudi Arabia,SAU,2022,3000
Serbia and Montenegro,SCG,1992,225
Serbia and Montenegro,SCG,1993,200
Serbia and Montenegro,SCG,1994,19
Serbia and Montenegro,SCG,1995,120
Serbia and Montenegro,SCG,1996,30
Serbia and Montenegro,SCG,1997,38
Serbia and Montenegro,SCG,1998,631
Serbia and Montenegro,SCG,1999,369
Serbia and Montenegro,SCG,2000,285
Serbia and Montenegro,SCG,2001,300
Serbia and Montenegro,SCG,2002,100
Serbia and Montenegro,SCG,2003,140
Serbia and Montenegro,SCG,2004,150
Serbia and Montenegro,SCG,2005,158
Slovenia,SVN,1992,82
Slovenia,SVN,1993,96
Slovenia,SVN,1994,131
Slovenia,SVN,1995,224
Slovenia,SVN,1996,222
Slovenia,SVN,1997,47
Slovenia,SVN,1998,1428
Slovenia,SVN,1999,150
Slovenia,SVN,2000,154
Slovenia,SVN,2001,150
Slovenia,SVN,2002,300
Slovenia,SVN,2003,100
Slovenia,SVN,2004,400
Slovenia,SVN,2005,500
Slovenia,SVN,2006,350
Slovenia,SVN,2007,300
Slovenia,SVN,2008,400
Slovenia,SVN,2009,350
Slovenia,SVN,2010,440
Slovenia,SVN,2011,350
Slovenia,SVN,2012,150
Slovenia,SVN,2013,330
Slovenia,SVN,2014,400
Slovenia,SVN,2015,339.58
Slovenia,SVN,2016,353.44
Slovenia,SVN,2017,360.86
Slovenia,SVN,2018,839.55
Slovenia,SVN,2019,453.73
Slovenia,SVN,2020,698.66
Slovenia,SVN,2021,700
Slovenia,SVN,2022,400
Spain,ESP,1961,360768
Spain,ESP,1962,315929
Spain,ESP,1963,637954
Spain,ESP,1964,110074
Spain,ESP,1965,323891
Spain,ESP,1966,436700
Spain,ESP,1967,258600
Spain,ESP,1968,480000
Spain,ESP,1969,357600
Spain,ESP,1970,434300
Spain,ESP,1971,343900
Spain,ESP,1972,444900
Spain,ESP,1973,437600
Spain,ESP,1974,333500
Spain,ESP,1975,455300
Spain,ESP,1976,389600
Spain,ESP,1977,349900
Spain,ESP,1978,499894
Spain,ESP,1979,432786
Spain,ESP,1980,445700
Spain,ESP,1981,299280
Spain,ESP,1982,666134
Spain,ESP,1983,266240
Spain,ESP,1984,702741
Spain,ESP,1985,397184
Spain,ESP,1986,489800
Spain,ESP,1987,733700
Spain,ESP,1988,399400
Spain,ESP,1989,550800
Spain,ESP,1990,639400
Spain,ESP,1991,593000
Spain,ESP,1992,623081
Spain,ESP,1993,549064
Spain,ESP,1994,526930
Spain,ESP,1995,336100
Spain,ESP,1996,951452
Spain,ESP,1997,1122763
Spain,ESP,1998,846900
Spain,ESP,1999,650100
Spain,ESP,2000,962400
Spain,ESP,2001,1412100
Spain,ESP,2002,836902
Spain,ESP,2003,1449071
Spain,ESP,2004,1005461
Spain,ESP,2005,819428
Spain,ESP,2006,1092602
Spain,ESP,2007,1192664
Spain,ESP,2008,1044687
Spain,ESP,2009,1384383
Spain,ESP,2010,1395210
Spain,ESP,2011,1567523
Spain,ESP,2012,652687
Spain,ESP,2013,1765248
Spain,ESP,2014,839788
Spain,ESP,2015,1390865
Spain,ESP,2016,1281738
Spain,ESP,2017,1238629
Spain,ESP,2018,1790309
Spain,ESP,2019,1129233
Spain,ESP,2020,1356411
Spain,ESP,2021,1493008
Spain,ESP,2022,665709
Syria,SYR,1961,18000
Syria,SYR,1962,20447
Syria,SYR,1963,15093
Syria,SYR,1964,25512
Syria,SYR,1965,13598
Syria,SYR,1966,24620
Syria,SYR,1967,24155
Syria,SYR,1968,22444
Syria,SYR,1969,25648
Syria,SYR,1970,15495
Syria,SYR,1971,22247
Syria,SYR,1972,33394
Syria,SYR,1973,13715
Syria,SYR,1974,44412
Syria,SYR,1975,33244
Syria,SYR,1976,55898
Syria,SYR,1977,38056
Syria,SYR,1978,69573
Syria,SYR,1979,40428
Syria,SYR,1980,83385
Syria,SYR,1981,44520
Syria,SYR,1982,94838
Syria,SYR,1983,27264
Syria,SYR,1984,51000
Syria,SYR,1985,35000
Syria,SYR,1986,72000
Syria,SYR,1987,32000
Syria,SYR,1988,86000
Syria,SYR,1989,21000
Syria,SYR,1990,86000
Syria,SYR,1991,39000
Syria,SYR,1992,103000
Syria,SYR,1993,60139
Syria,SYR,1994,99895
Syria,SYR,1995,84852
Syria,SYR,1996,126613
Syria,SYR,1997,76924
Syria,SYR,1998,144820
Syria,SYR,1999,80104
Syria,SYR,2000,165354
Syria,SYR,2001,95384
Syria,SYR,2002,194599
Syria,SYR,2003,103947
Syria,SYR,2004,201964
Syria,SYR,2005,123143
Syria,SYR,2006,252353
Syria,SYR,2007,98294
Syria,SYR,2008,156338
Syria,SYR,2009,168163
Syria,SYR,2010,194995
Syria,SYR,2011,208329
Syria,SYR,2012,193829
Syria,SYR,2013,159595
Syria,SYR,2014,65414
Syria,SYR,2015,164529
Syria,SYR,2016,116735
Syria,SYR,2017,164339
Syria,SYR,2018,118281
Syria,SYR,2019,153829
Syria,SYR,2020,138217
Syria,SYR,2021,103892.68
Syria,SYR,2022,189423
Tunisia,TUN,1961,37530
Tunisia,TUN,1962,49570
Tunisia,TUN,1963,100076
Tunisia,TUN,1964,105840
Tunisia,TUN,1965,47750
Tunisia,TUN,1966,19500
Tunisia,TUN,1967,51000
Tunisia,TUN,1968,55000
Tunisia,TUN,1969,25000
Tunisia,TUN,1970,90000
Tunisia,TUN,1971,167000
Tunisia,TUN,1972,70000
Tunisia,TUN,1973,130000
Tunisia,TUN,1974,117000
Tunisia,TUN,1975,180000
Tunisia,TUN,1976,85000
Tunisia,TUN,1977,130000
Tunisia,TUN,1978,85000
Tunisia,TUN,1979,85000
Tunisia,TUN,1980,115000
Tunisia,TUN,1981,70000
Tunisia,TUN,1982,55000
Tunisia,TUN,1983,150000
Tunisia,TUN,1984,95000
Tunisia,TUN,1985,105000
Tunisia,TUN,1986,120000
Tunisia,TUN,1987,95000
Tunisia,TUN,1988,58000
Tunisia,TUN,1989,130000
Tunisia,TUN,1990,165000
Tunisia,TUN,1991,265000
Tunisia,TUN,1992,120000
Tunisia,TUN,1993,210000
Tunisia,TUN,1994,70000
Tunisia,TUN,1995,60000
Tunisia,TUN,1996,310000
Tunisia,TUN,1997,90000
Tunisia,TUN,1998,180000
Tunisia,TUN,1999,225000
Tunisia,TUN,2000,115000
Tunisia,TUN,2001,30000
Tunisia,TUN,2002,72000
Tunisia,TUN,2003,280000
Tunisia,TUN,2004,130000
Tunisia,TUN,2005,210000
Tunisia,TUN,2006,180000
Tunisia,TUN,2007,200000
Tunisia,TUN,2008,160000
Tunisia,TUN,2009,150000
Tunisia,TUN,2010,174600
Tunisia,TUN,2011,112400
Tunisia,TUN,2012,192600
Tunisia,TUN,2013,188500
Tunisia,TUN,2014,179700
Tunisia,TUN,2015,301400
Tunisia,TUN,2016,140800
Tunisia,TUN,2017,188600
Tunisia,TUN,2018,278300
Tunisia,TUN,2019,239500
Tunisia,TUN,2020,399900
Tunisia,TUN,2021,144200
Tunisia,TUN,2022,235200
Turkey,TUR,1961,119500
Turkey,TUR,1962,56370
Turkey,TUR,1963,102000
Turkey,TUR,1964,121900
Turkey,TUR,1965,60000
Turkey,TUR,1966,155000
Turkey,TUR,1967,80000
Turkey,TUR,1968,159000
Turkey,TUR,1969,54000
Turkey,TUR,1970,118000
Turkey,TUR,1971,51500
Turkey,TUR,1972,176000
Turkey,TUR,1973,53300
Turkey,TUR,1974,130000
Turkey,TUR,1975,94000
Turkey,TUR,1976,178000
Turkey,TUR,1977,75100
Turkey,TUR,1978,180000
Turkey,TUR,1979,60000
Turkey,TUR,1980,170000
Turkey,TUR,1981,55000
Turkey,TUR,1982,160000
Turkey,TUR,1983,40000
Turkey,TUR,1984,80000
Turkey,TUR,1985,70000
Turkey,TUR,1986,120000
Turkey,TUR,1987,55000
Turkey,TUR,1988,90000
Turkey,TUR,1989,35000
Turkey,TUR,1990,80000
Turkey,TUR,1991,60000
Turkey,TUR,1992,56000
Turkey,TUR,1993,50000
Turkey,TUR,1994,160000
Turkey,TUR,1995,45000
Turkey,TUR,1996,200000
Turkey,TUR,1997,40000
Turkey,TUR,1998,180000
Turkey,TUR,1999,55000
Turkey,TUR,2000,185000
Turkey,TUR,2001,65000
Turkey,TUR,2002,160000
Turkey,TUR,2003,80000
Turkey,TUR,2004,145000
Turkey,TUR,2005,115000
Turkey,TUR,2006,137000
Turkey,TUR,2007,142700
Turkey,TUR,2008,99500
Turkey,TUR,2009,145600
Turkey,TUR,2010,162600
Turkey,TUR,2011,184200
Turkey,TUR,2012,206300
Turkey,TUR,2013,187900
Turkey,TUR,2014,159800
Turkey,TUR,2015,170700
Turkey,TUR,2016,172900
Turkey,TUR,2017,220500
Turkey,TUR,2018,254700
Turkey,TUR,2019,217800
Turkey,TUR,2020,234700
Turkey,TUR,2021,222100
Turkey,TUR,2022,302400
Ukraine,UKR,2015,0
Ukraine,UKR,2016,0
Ukraine,UKR,2017,0
Ukraine,UKR,2018,0
Ukraine,UKR,2019,0
Ukraine,UKR,2020,0
Ukraine,UKR,2021,0
Ukraine,UKR,2022,0
United States,USA,1961,1400
United States,USA,1962,1000
United States,USA,1963,1400
United States,USA,1964,1100
United States,USA,1965,635
United States,USA,1966,680
United States,USA,1967,227
United States,USA,1968,900
United States,USA,1969,900
United States,USA,1970,580
United States,USA,1971,690
United States,USA,1972,98
United States,USA,1973,605
United States,USA,1974,436
United States,USA,1975,534
United States,USA,1976,520
United States,USA,1977,323
United States,USA,1978,1020
United States,USA,1979,218
United States,USA,1980,476
United States,USA,1981,272
United States,USA,1982,626
United States,USA,1983,558
United States,USA,1984,395
United States,USA,1985,789
United States,USA,1986,815
United States,USA,1987,410
United States,USA,1988,410
United States,USA,1989,750
United States,USA,1990,680
United States,USA,1991,245
United States,USA,1992,775
United States,USA,1993,730
United States,USA,1994,600
United States,USA,1995,550
United States,USA,1996,950
United States,USA,1997,490
United States,USA,1998,560
United States,USA,1999,685
United States,USA,2000,410
United States,USA,2001,400
United States,USA,2002,800
United States,USA,2003,1000
United States,USA,2004,1600
United States,USA,2005,1900
United States,USA,2006,1300
United States,USA,2007,1000
United States,USA,2008,2500
United States,USA,2009,3000
United States,USA,2010,3300
United States,USA,2011,4200
United States,USA,2012,5800
United States,USA,2013,10000
United States,USA,2014,8000
United States,USA,2015,14000
United States,USA,2016,15000
United States,USA,2017,16000
United States,USA,2018,16000
United States,USA,2019,16000
United States,USA,2020,16000
United States,USA,2021,16000
United States,USA,2022,16000
Uruguay,URY,2010,409.43
Uruguay,URY,2011,403.16
Uruguay,URY,2012,596.09
Uruguay,URY,2013,517.47
Uruguay,URY,2014,500
Uruguay,URY,2015,2324
Uruguay,URY,2016,600
Uruguay,URY,2017,900
Uruguay,URY,2018,300
Uruguay,URY,2019,2533
Uruguay,URY,2020,540
Uruguay,URY,2021,1780
Uruguay,URY,2022,1544
Yugoslavia,YUG,1961,4330
Yugoslavia,YUG,1962,2780
Yugoslavia,YUG,1963,10797
Yugoslavia,YUG,1964,2910
Yugoslavia,YUG,1965,3580
Yugoslavia,YUG,1966,4694
Yugoslavia,YUG,1967,6597
Yugoslavia,YUG,1968,1797
Yugoslavia,YUG,1969,1137
Yugoslavia,YUG,1970,1283
Yugoslavia,YUG,1971,2557
Yugoslavia,YUG,1972,1952
Yugoslavia,YUG,1973,2292
Yugoslavia,YUG,1974,1650
Yugoslavia,YUG,1975,3868
Yugoslavia,YUG,1976,1842
Yugoslavia,YUG,1977,1950
Yugoslavia,YUG,1978,2050
Yugoslavia,YUG,1979,2200
Yugoslavia,YUG,1980,1300
Yugoslavia,YUG,1981,5800
Yugoslavia,YUG,1982,638
Yugoslavia,YUG,1983,1923
Yugoslavia,YUG,1984,2545
Yugoslavia,YUG,1985,1461
Yugoslavia,YUG,1986,1253
Yugoslavia,YUG,1987,4806
Yugoslavia,YUG,1988,2791
Yugoslavia,YUG,1989,2715
Yugoslavia,YUG,1990,700
Yugoslavia,YUG,1991,5439
Zimbabwe,ZWE,2010,0
Zimbabwe,ZWE,2011,0
Zimbabwe,ZWE,2012,0
Zimbabwe,ZWE,2013,0
