Entity,Code,Year,Cherries | 00000531 || Production | 005510 || tonnes
Albania,ALB,1961,700
Albania,ALB,1962,500
Albania,ALB,1963,400
Albania,ALB,1964,400
Albania,ALB,1965,400
Albania,ALB,1966,500
Albania,ALB,1967,400
Albania,ALB,1968,500
Albania,ALB,1969,600
Albania,ALB,1970,700
Albania,ALB,1971,700
Albania,ALB,1972,700
Albania,ALB,1973,700
Albania,ALB,1974,800
Albania,ALB,1975,800
Albania,ALB,1976,850
Albania,ALB,1977,850
Albania,ALB,1978,900
Albania,ALB,1979,900
Albania,ALB,1980,800
Albania,ALB,1981,500
Albania,ALB,1982,500
Albania,ALB,1983,500
Albania,ALB,1984,400
Albania,ALB,1985,300
Albania,ALB,1986,700
Albania,ALB,1987,500
Albania,ALB,1988,500
Albania,ALB,1989,700
Albania,ALB,1990,500
Albania,ALB,1991,467.96
Albania,ALB,1992,496.33
Albania,ALB,1993,400
Albania,ALB,1994,1558.92
Albania,ALB,1995,3000
Albania,ALB,1996,5100
Albania,ALB,1997,4300
Albania,ALB,1998,4500
Albania,ALB,1999,4500
Albania,ALB,2000,5000
Albania,ALB,2001,6800
Albania,ALB,2002,6000
Albania,ALB,2003,6300
Albania,ALB,2004,6900
Albania,ALB,2005,7200
Albania,ALB,2006,7680
Albania,ALB,2007,7500
Albania,ALB,2008,8000
Albania,ALB,2009,10871
Albania,ALB,2010,12528
Albania,ALB,2011,14400
Albania,ALB,2012,16970
Albania,ALB,2013,18920
Albania,ALB,2014,17730
Albania,ALB,2015,20146.97
Albania,ALB,2016,19261
Albania,ALB,2017,19168.62
Albania,ALB,2018,19210
Albania,ALB,2019,19681
Albania,ALB,2020,20471
Albania,ALB,2021,22049.9
Albania,ALB,2022,24357
Albania,ALB,2023,19695.6
Algeria,DZA,1961,0
Algeria,DZA,1962,0
Algeria,DZA,1963,0
Algeria,DZA,1964,0
Algeria,DZA,1965,0
Algeria,DZA,1966,0
Algeria,DZA,1967,0
Algeria,DZA,1968,0
Algeria,DZA,1969,0
Algeria,DZA,1970,0
Algeria,DZA,1971,0
Algeria,DZA,1972,0
Algeria,DZA,1973,300
Algeria,DZA,1974,600
Algeria,DZA,1975,1000
Algeria,DZA,1976,1500
Algeria,DZA,1977,1925
Algeria,DZA,1978,1506
Algeria,DZA,1979,1450
Algeria,DZA,1980,2170
Algeria,DZA,1981,2508
Algeria,DZA,1982,1601
Algeria,DZA,1983,3012
Algeria,DZA,1984,2623
Algeria,DZA,1985,3051
Algeria,DZA,1986,5472
Algeria,DZA,1987,3733
Algeria,DZA,1988,3720
Algeria,DZA,1989,4459
Algeria,DZA,1990,2684
Algeria,DZA,1991,3095
Algeria,DZA,1992,4066
Algeria,DZA,1993,5056
Algeria,DZA,1994,3012
Algeria,DZA,1995,5296
Algeria,DZA,1996,3211
Algeria,DZA,1997,3345
Algeria,DZA,1998,2596
Algeria,DZA,1999,3875
Algeria,DZA,2000,4168
Algeria,DZA,2001,3000
Algeria,DZA,2002,4376
Algeria,DZA,2003,2565
Algeria,DZA,2004,3156
Algeria,DZA,2005,3081
Algeria,DZA,2006,5003
Algeria,DZA,2007,1681
Algeria,DZA,2008,4553
Algeria,DZA,2009,5839
Algeria,DZA,2010,5073
Algeria,DZA,2011,7243
Algeria,DZA,2012,7930.3
Algeria,DZA,2013,5983
Algeria,DZA,2014,8700
Algeria,DZA,2015,8949
Algeria,DZA,2016,6903
Algeria,DZA,2017,9193
Algeria,DZA,2018,8818
Algeria,DZA,2019,11237
Algeria,DZA,2020,11207
Algeria,DZA,2021,11178
Algeria,DZA,2022,11160.32
Algeria,DZA,2023,11584.51
Argentina,ARG,1961,2600
Argentina,ARG,1962,2300
Argentina,ARG,1963,2350
Argentina,ARG,1964,1870
Argentina,ARG,1965,2170
Argentina,ARG,1966,1760
Argentina,ARG,1967,1800
Argentina,ARG,1968,1860
Argentina,ARG,1969,1370
Argentina,ARG,1970,1900
Argentina,ARG,1971,1860
Argentina,ARG,1972,2800
Argentina,ARG,1973,990
Argentina,ARG,1974,2660
Argentina,ARG,1975,3030
Argentina,ARG,1976,2070
Argentina,ARG,1977,2400
Argentina,ARG,1978,2300
Argentina,ARG,1979,2700
Argentina,ARG,1980,3000
Argentina,ARG,1981,2700
Argentina,ARG,1982,1400
Argentina,ARG,1983,5000
Argentina,ARG,1984,5750
Argentina,ARG,1985,6700
Argentina,ARG,1986,3100
Argentina,ARG,1987,2300
Argentina,ARG,1988,5200
Argentina,ARG,1989,5800
Argentina,ARG,1990,5500
Argentina,ARG,1991,5600
Argentina,ARG,1992,5700
Argentina,ARG,1993,5800
Argentina,ARG,1994,6000
Argentina,ARG,1995,6061.36
Argentina,ARG,1996,6162.05
Argentina,ARG,1997,6263.96
Argentina,ARG,1998,6500
Argentina,ARG,1999,6446.01
Argentina,ARG,2000,6504.71
Argentina,ARG,2001,6560.65
Argentina,ARG,2002,6800
Argentina,ARG,2003,6668.14
Argentina,ARG,2004,6700
Argentina,ARG,2005,6731.4
Argentina,ARG,2006,6750
Argentina,ARG,2007,6800
Argentina,ARG,2008,6894.17
Argentina,ARG,2009,6992.55
Argentina,ARG,2010,7575.97
Argentina,ARG,2011,7069.84
Argentina,ARG,2012,6500
Argentina,ARG,2013,6939.63
Argentina,ARG,2014,7086.9
Argentina,ARG,2015,7114.62
Argentina,ARG,2016,7175.98
Argentina,ARG,2017,7246.45
Argentina,ARG,2018,7308.21
Argentina,ARG,2019,7364.49
Argentina,ARG,2020,7406.24
Argentina,ARG,2021,7407.4
Argentina,ARG,2022,7446.85
Argentina,ARG,2023,7486.31
Armenia,ARM,1996,3600
Armenia,ARM,1997,2700
Armenia,ARM,1998,4300
Armenia,ARM,1999,3500
Armenia,ARM,2000,3000
Armenia,ARM,2001,2000
Armenia,ARM,2002,2800
Armenia,ARM,2003,2300
Armenia,ARM,2004,3635
Armenia,ARM,2005,5059
Armenia,ARM,2006,6763
Armenia,ARM,2007,3901
Armenia,ARM,2008,6598
Armenia,ARM,2009,7682
Armenia,ARM,2010,1672
Armenia,ARM,2011,7532
Armenia,ARM,2012,10113
Armenia,ARM,2013,10212
Armenia,ARM,2014,9090
Armenia,ARM,2015,14366
Armenia,ARM,2016,12059
Armenia,ARM,2017,8414
Armenia,ARM,2018,12517
Armenia,ARM,2019,12813
Armenia,ARM,2020,10927
Armenia,ARM,2021,9609.6
Armenia,ARM,2022,11821.4
Armenia,ARM,2023,12010.8
Australia,AUS,1961,7710
Australia,AUS,1962,7710
Australia,AUS,1963,6669
Australia,AUS,1964,8065
Australia,AUS,1965,7699
Australia,AUS,1966,8615
Australia,AUS,1967,6257
Australia,AUS,1968,7649
Australia,AUS,1969,6882
Australia,AUS,1970,7336
Australia,AUS,1971,8918
Australia,AUS,1972,10946
Australia,AUS,1973,10536
Australia,AUS,1974,9266
Australia,AUS,1975,10492
Australia,AUS,1976,9709
Australia,AUS,1977,6688
Australia,AUS,1978,7263
Australia,AUS,1979,6752
Australia,AUS,1980,3900
Australia,AUS,1981,6526
Australia,AUS,1982,5447
Australia,AUS,1983,4185
Australia,AUS,1984,3467
Australia,AUS,1985,3828
Australia,AUS,1986,3948
Australia,AUS,1987,4044
Australia,AUS,1988,4567
Australia,AUS,1989,3881
Australia,AUS,1990,4708
Australia,AUS,1991,5397
Australia,AUS,1992,4761
Australia,AUS,1993,5043
Australia,AUS,1994,6400
Australia,AUS,1995,5766
Australia,AUS,1996,4783
Australia,AUS,1997,6683
Australia,AUS,1998,6985
Australia,AUS,1999,6020
Australia,AUS,2000,5835
Australia,AUS,2001,8485
Australia,AUS,2002,6702
Australia,AUS,2003,9460
Australia,AUS,2004,8174
Australia,AUS,2005,8197
Australia,AUS,2006,9783
Australia,AUS,2007,9730
Australia,AUS,2008,9800
Australia,AUS,2009,13727
Australia,AUS,2010,11810.9
Australia,AUS,2011,10475
Australia,AUS,2012,11605
Australia,AUS,2013,17720
Australia,AUS,2014,12694
Australia,AUS,2015,15547
Australia,AUS,2016,18374
Australia,AUS,2017,11532
Australia,AUS,2018,15964
Australia,AUS,2019,15941
Australia,AUS,2020,14475.3
Australia,AUS,2021,21309.94
Australia,AUS,2022,17655.96
Australia,AUS,2023,15114
Austria,AUT,1961,36029
Austria,AUT,1962,30722
Austria,AUT,1963,31126
Austria,AUT,1964,30808
Austria,AUT,1965,19638
Austria,AUT,1966,22706
Austria,AUT,1967,21418
Austria,AUT,1968,28900
Austria,AUT,1969,25709
Austria,AUT,1970,25135
Austria,AUT,1971,24513
Austria,AUT,1972,17337
Austria,AUT,1973,28562
Austria,AUT,1974,24882
Austria,AUT,1975,23590
Austria,AUT,1976,20792
Austria,AUT,1977,15541
Austria,AUT,1978,22048
Austria,AUT,1979,23470
Austria,AUT,1980,23500
Austria,AUT,1981,13028
Austria,AUT,1982,24835
Austria,AUT,1983,26701
Austria,AUT,1984,24580
Austria,AUT,1985,22818
Austria,AUT,1986,24725
Austria,AUT,1987,20584
Austria,AUT,1988,17308
Austria,AUT,1989,26731
Austria,AUT,1990,20236
Austria,AUT,1991,21623
Austria,AUT,1992,25923.8
Austria,AUT,1993,28964.12
Austria,AUT,1994,24288
Austria,AUT,1995,28683
Austria,AUT,1996,21574
Austria,AUT,1997,21329
Austria,AUT,1998,30679
Austria,AUT,1999,24946.76
Austria,AUT,2000,30012
Austria,AUT,2001,32069
Austria,AUT,2002,21736.37
Austria,AUT,2003,29384
Austria,AUT,2004,27250
Austria,AUT,2005,25909
Austria,AUT,2006,27243
Austria,AUT,2007,33890
Austria,AUT,2008,26790
Austria,AUT,2009,30276
Austria,AUT,2010,5103
Austria,AUT,2011,9252
Austria,AUT,2012,5028.47
Austria,AUT,2013,7851.44
Austria,AUT,2014,7397.44
Austria,AUT,2015,6732.11
Austria,AUT,2016,3533.13
Austria,AUT,2017,5548
Austria,AUT,2018,10940
Austria,AUT,2019,7510
Austria,AUT,2020,6610
Austria,AUT,2021,6210
Austria,AUT,2022,7600
Austria,AUT,2023,4480
Azerbaijan,AZE,1992,6955
Azerbaijan,AZE,1993,6009
Azerbaijan,AZE,1994,5612
Azerbaijan,AZE,1995,5628
Azerbaijan,AZE,1996,5572
Azerbaijan,AZE,1997,5324
Azerbaijan,AZE,1998,6760
Azerbaijan,AZE,1999,6425
Azerbaijan,AZE,2000,6290
Azerbaijan,AZE,2001,6222
Azerbaijan,AZE,2002,4863
Azerbaijan,AZE,2003,6568
Azerbaijan,AZE,2004,5256
Azerbaijan,AZE,2005,8064
Azerbaijan,AZE,2006,6657
Azerbaijan,AZE,2007,6606
Azerbaijan,AZE,2008,6845
Azerbaijan,AZE,2009,6877
Azerbaijan,AZE,2010,6327
Azerbaijan,AZE,2011,6347
Azerbaijan,AZE,2012,7151
Azerbaijan,AZE,2013,7586
Azerbaijan,AZE,2014,7721
Azerbaijan,AZE,2015,9053
Azerbaijan,AZE,2016,9835.6
Azerbaijan,AZE,2017,10281.8
Azerbaijan,AZE,2018,11062.2
Azerbaijan,AZE,2019,11236
Azerbaijan,AZE,2020,11232.2
Azerbaijan,AZE,2021,11527
Azerbaijan,AZE,2022,11510.5
Azerbaijan,AZE,2023,10910.4
Belarus,BLR,2003,2000
Belarus,BLR,2004,1993
Belarus,BLR,2005,729
Belarus,BLR,2006,729
Belarus,BLR,2007,523
Belarus,BLR,2008,1200
Belarus,BLR,2009,1800
Belarus,BLR,2010,3900
Belarus,BLR,2011,3500
Belarus,BLR,2012,3000
Belarus,BLR,2013,3000
Belarus,BLR,2014,3000
Belarus,BLR,2015,6600
Belarus,BLR,2016,4200
Belarus,BLR,2017,4747.27
Belarus,BLR,2018,4925.44
Belarus,BLR,2019,4624.24
Belarus,BLR,2020,4765.65
Belarus,BLR,2021,4771.77
Belarus,BLR,2022,4720.55
Belarus,BLR,2023,4752.66
Belgium,BEL,2000,7600
Belgium,BEL,2001,3000
Belgium,BEL,2002,6800
Belgium,BEL,2003,6500
Belgium,BEL,2004,6400
Belgium,BEL,2005,6800
Belgium,BEL,2006,7200
Belgium,BEL,2007,7200
Belgium,BEL,2008,2600
Belgium,BEL,2009,5200
Belgium,BEL,2010,7600
Belgium,BEL,2011,7600
Belgium,BEL,2012,3800
Belgium,BEL,2013,6800
Belgium,BEL,2014,8300
Belgium,BEL,2015,7960
Belgium,BEL,2016,5647
Belgium,BEL,2017,4300
Belgium,BEL,2018,4800
Belgium,BEL,2019,9920
Belgium,BEL,2020,5350
Belgium,BEL,2021,3190
Belgium,BEL,2022,8280
Belgium,BEL,2023,7500
Bolivia,BOL,1961,220
Bolivia,BOL,1962,230
Bolivia,BOL,1963,250
Bolivia,BOL,1964,270
Bolivia,BOL,1965,290
Bolivia,BOL,1966,300
Bolivia,BOL,1967,300
Bolivia,BOL,1968,300
Bolivia,BOL,1969,300
Bolivia,BOL,1970,300
Bolivia,BOL,1971,300
Bolivia,BOL,1972,300
Bolivia,BOL,1973,300
Bolivia,BOL,1974,300
Bolivia,BOL,1975,260
Bolivia,BOL,1976,260
Bolivia,BOL,1977,260
Bolivia,BOL,1978,250
Bolivia,BOL,1979,275
Bolivia,BOL,1980,280
Bolivia,BOL,1981,375
Bolivia,BOL,1982,513
Bolivia,BOL,1983,377
Bolivia,BOL,1984,301
Bolivia,BOL,1985,311
Bolivia,BOL,1986,358
Bolivia,BOL,1987,400
Bolivia,BOL,1988,450
Bolivia,BOL,1989,445
Bolivia,BOL,1990,450
Bolivia,BOL,1991,477
Bolivia,BOL,1992,435
Bolivia,BOL,1993,515
Bolivia,BOL,1994,550
Bolivia,BOL,1995,610
Bolivia,BOL,1996,630
Bolivia,BOL,1997,650
Bolivia,BOL,1998,650
Bolivia,BOL,1999,670
Bolivia,BOL,2000,700
Bolivia,BOL,2001,705
Bolivia,BOL,2002,708
Bolivia,BOL,2003,705
Bolivia,BOL,2004,710
Bolivia,BOL,2005,723.07
Bolivia,BOL,2006,730
Bolivia,BOL,2007,741.97
Bolivia,BOL,2008,772.57
Bolivia,BOL,2009,779.05
Bolivia,BOL,2010,790.29
Bolivia,BOL,2011,801.53
Bolivia,BOL,2012,812.76
Bolivia,BOL,2013,824
Bolivia,BOL,2014,838.39
Bolivia,BOL,2015,868.34
Bolivia,BOL,2016,873.29
Bolivia,BOL,2017,882.89
Bolivia,BOL,2018,893.71
Bolivia,BOL,2019,905.6
Bolivia,BOL,2020,894.07
Bolivia,BOL,2021,897.79
Bolivia,BOL,2022,899.15
Bolivia,BOL,2023,897
Bosnia and Herzegovina,BIH,1992,8804
Bosnia and Herzegovina,BIH,1993,6000
Bosnia and Herzegovina,BIH,1994,5000
Bosnia and Herzegovina,BIH,1995,2300
Bosnia and Herzegovina,BIH,1996,2200
Bosnia and Herzegovina,BIH,1997,6655
Bosnia and Herzegovina,BIH,1998,7370
Bosnia and Herzegovina,BIH,1999,6124
Bosnia and Herzegovina,BIH,2000,4652
Bosnia and Herzegovina,BIH,2001,3620
Bosnia and Herzegovina,BIH,2002,4293
Bosnia and Herzegovina,BIH,2003,6690
Bosnia and Herzegovina,BIH,2004,8974
Bosnia and Herzegovina,BIH,2005,8625
Bosnia and Herzegovina,BIH,2006,8852
Bosnia and Herzegovina,BIH,2007,10495
Bosnia and Herzegovina,BIH,2008,10089
Bosnia and Herzegovina,BIH,2009,10690
Bosnia and Herzegovina,BIH,2010,9838
Bosnia and Herzegovina,BIH,2011,11247
Bosnia and Herzegovina,BIH,2012,7911
Bosnia and Herzegovina,BIH,2013,10867
Bosnia and Herzegovina,BIH,2014,9010
Bosnia and Herzegovina,BIH,2015,10825
Bosnia and Herzegovina,BIH,2016,9854
Bosnia and Herzegovina,BIH,2017,8475
Bosnia and Herzegovina,BIH,2018,11832
Bosnia and Herzegovina,BIH,2019,9379
Bosnia and Herzegovina,BIH,2020,11406
Bosnia and Herzegovina,BIH,2021,9715
Bosnia and Herzegovina,BIH,2022,25364
Bosnia and Herzegovina,BIH,2023,21382
Bulgaria,BGR,1961,39312
Bulgaria,BGR,1962,34668
Bulgaria,BGR,1963,35496
Bulgaria,BGR,1964,35594
Bulgaria,BGR,1965,35975
Bulgaria,BGR,1966,45975
Bulgaria,BGR,1967,44261
Bulgaria,BGR,1968,45304
Bulgaria,BGR,1969,48211
Bulgaria,BGR,1970,54948
Bulgaria,BGR,1971,45142
Bulgaria,BGR,1972,41070
Bulgaria,BGR,1973,41721
Bulgaria,BGR,1974,39886
Bulgaria,BGR,1975,52106
Bulgaria,BGR,1976,45342
Bulgaria,BGR,1977,39840
Bulgaria,BGR,1978,51473
Bulgaria,BGR,1979,56565
Bulgaria,BGR,1980,55128
Bulgaria,BGR,1981,72522
Bulgaria,BGR,1982,49617
Bulgaria,BGR,1983,67649
Bulgaria,BGR,1984,71365
Bulgaria,BGR,1985,75398
Bulgaria,BGR,1986,83849
Bulgaria,BGR,1987,86194
Bulgaria,BGR,1988,72753
Bulgaria,BGR,1989,82883
Bulgaria,BGR,1990,71511
Bulgaria,BGR,1991,53479
Bulgaria,BGR,1992,65932
Bulgaria,BGR,1993,32272
Bulgaria,BGR,1994,48058
Bulgaria,BGR,1995,74790
Bulgaria,BGR,1996,56573
Bulgaria,BGR,1997,36367
Bulgaria,BGR,1998,33522
Bulgaria,BGR,1999,32206
Bulgaria,BGR,2000,28276
Bulgaria,BGR,2001,28487
Bulgaria,BGR,2002,15654
Bulgaria,BGR,2003,17243
Bulgaria,BGR,2004,21369
Bulgaria,BGR,2005,18235
Bulgaria,BGR,2006,20504
Bulgaria,BGR,2007,18427
Bulgaria,BGR,2008,16067
Bulgaria,BGR,2009,17456
Bulgaria,BGR,2010,24951
Bulgaria,BGR,2011,30063
Bulgaria,BGR,2012,19512
Bulgaria,BGR,2013,38162
Bulgaria,BGR,2014,33294
Bulgaria,BGR,2015,49423
Bulgaria,BGR,2016,38496
Bulgaria,BGR,2017,48391
Bulgaria,BGR,2018,55310
Bulgaria,BGR,2019,54960
Bulgaria,BGR,2020,52330
Bulgaria,BGR,2021,52620
Bulgaria,BGR,2022,53920
Bulgaria,BGR,2023,46230
Canada,CAN,1961,6934
Canada,CAN,1962,9560
Canada,CAN,1963,8933
Canada,CAN,1964,12678
Canada,CAN,1965,5466
Canada,CAN,1966,9367
Canada,CAN,1967,12065
Canada,CAN,1968,7802
Canada,CAN,1969,7552
Canada,CAN,1970,8732
Canada,CAN,1971,10954
Canada,CAN,1972,7254
Canada,CAN,1973,10434
Canada,CAN,1974,8477
Canada,CAN,1975,12525
Canada,CAN,1976,8722
Canada,CAN,1977,10160
Canada,CAN,1978,8965
Canada,CAN,1979,10513
Canada,CAN,1980,9119
Canada,CAN,1981,7219
Canada,CAN,1982,3632
Canada,CAN,1983,8415
Canada,CAN,1984,8148
Canada,CAN,1985,8690
Canada,CAN,1986,3973
Canada,CAN,1987,7857
Canada,CAN,1988,5917
Canada,CAN,1989,6268
Canada,CAN,1990,3828
Canada,CAN,1991,4383
Canada,CAN,1992,2566
Canada,CAN,1993,2934
Canada,CAN,1994,5708
Canada,CAN,1995,5016
Canada,CAN,1996,3703
Canada,CAN,1997,3606
Canada,CAN,1998,5938
Canada,CAN,1999,4604
Canada,CAN,2000,4647
Canada,CAN,2001,7305
Canada,CAN,2002,5532
Canada,CAN,2003,8117
Canada,CAN,2004,7951
Canada,CAN,2005,8321
Canada,CAN,2006,8881
Canada,CAN,2007,8899
Canada,CAN,2008,7126
Canada,CAN,2009,15036
Canada,CAN,2010,9982
Canada,CAN,2011,11214
Canada,CAN,2012,16319
Canada,CAN,2013,12311
Canada,CAN,2014,16036
Canada,CAN,2015,18078
Canada,CAN,2016,18321
Canada,CAN,2017,26797
Canada,CAN,2018,26182
Canada,CAN,2019,22079
Canada,CAN,2020,19355
Canada,CAN,2021,16404
Canada,CAN,2022,20816
Canada,CAN,2023,22350
Chile,CHL,1961,3000
Chile,CHL,1962,3000
Chile,CHL,1963,3000
Chile,CHL,1964,4000
Chile,CHL,1965,3000
Chile,CHL,1966,3538
Chile,CHL,1967,3810
Chile,CHL,1968,3600
Chile,CHL,1969,3500
Chile,CHL,1970,3400
Chile,CHL,1971,3400
Chile,CHL,1972,3400
Chile,CHL,1973,3100
Chile,CHL,1974,4903
Chile,CHL,1975,4707
Chile,CHL,1976,4707
Chile,CHL,1977,4707
Chile,CHL,1978,5800
Chile,CHL,1979,5463
Chile,CHL,1980,5303
Chile,CHL,1981,5910
Chile,CHL,1982,6350
Chile,CHL,1983,7000
Chile,CHL,1984,7850
Chile,CHL,1985,8900
Chile,CHL,1986,9500
Chile,CHL,1987,6250
Chile,CHL,1988,10550
Chile,CHL,1989,12600
Chile,CHL,1990,13700
Chile,CHL,1991,14500
Chile,CHL,1992,13000
Chile,CHL,1993,16000
Chile,CHL,1994,18000
Chile,CHL,1995,20000
Chile,CHL,1996,22000
Chile,CHL,1997,23000
Chile,CHL,1998,18000
Chile,CHL,1999,27000
Chile,CHL,2000,31050
Chile,CHL,2001,27950
Chile,CHL,2002,29000
Chile,CHL,2003,29500
Chile,CHL,2004,32000
Chile,CHL,2005,32000
Chile,CHL,2006,41000
Chile,CHL,2007,45000
Chile,CHL,2008,70364
Chile,CHL,2009,41095
Chile,CHL,2010,60356
Chile,CHL,2011,85793
Chile,CHL,2012,90000
Chile,CHL,2013,100000
Chile,CHL,2014,114000
Chile,CHL,2015,117000
Chile,CHL,2016,155000
Chile,CHL,2017,120000
Chile,CHL,2018,228000
Chile,CHL,2019,270000
Chile,CHL,2020,276000
Chile,CHL,2021,392000
Chile,CHL,2022,465000
Chile,CHL,2023,465348.22
China,CHN,1996,3800
China,CHN,1997,6000
China,CHN,1998,8000
China,CHN,1999,10000
China,CHN,2000,8500
China,CHN,2001,12000
China,CHN,2002,12500
China,CHN,2003,14000
China,CHN,2004,20000
China,CHN,2005,25000
China,CHN,2006,19000
China,CHN,2007,22000
China,CHN,2008,25000
China,CHN,2009,27000
China,CHN,2010,28816.15
China,CHN,2011,30540.08
China,CHN,2012,31198.68
China,CHN,2013,32738.36
China,CHN,2014,34393.15
China,CHN,2015,36509.02
China,CHN,2016,34546.84
China,CHN,2017,36324.59
China,CHN,2018,35793.49
China,CHN,2019,35554.98
China,CHN,2020,35891.02
China,CHN,2021,35746.49
China,CHN,2022,35730.83
China,CHN,2023,35789.45
Croatia,HRV,1992,7596
Croatia,HRV,1993,6887
Croatia,HRV,1994,6619
Croatia,HRV,1995,6492
Croatia,HRV,1996,6867
Croatia,HRV,1997,4715
Croatia,HRV,1998,6264
Croatia,HRV,1999,6370
Croatia,HRV,2000,2920
Croatia,HRV,2001,2233
Croatia,HRV,2002,2943
Croatia,HRV,2003,2516
Croatia,HRV,2004,2307
Croatia,HRV,2005,3498
Croatia,HRV,2006,3141
Croatia,HRV,2007,2723
Croatia,HRV,2008,3863
Croatia,HRV,2009,2126
Croatia,HRV,2010,1115
Croatia,HRV,2011,2120
Croatia,HRV,2012,2342
Croatia,HRV,2013,3927
Croatia,HRV,2014,795
Croatia,HRV,2015,1907
Croatia,HRV,2016,1482
Croatia,HRV,2017,1436
Croatia,HRV,2018,1200
Croatia,HRV,2019,1090
Croatia,HRV,2020,1090
Croatia,HRV,2021,570
Croatia,HRV,2022,1800
Croatia,HRV,2023,800
Cyprus,CYP,1961,609
Cyprus,CYP,1962,558
Cyprus,CYP,1963,635
Cyprus,CYP,1964,711
Cyprus,CYP,1965,325
Cyprus,CYP,1966,1422
Cyprus,CYP,1967,1625
Cyprus,CYP,1968,1828
Cyprus,CYP,1969,1016
Cyprus,CYP,1970,2540
Cyprus,CYP,1971,1524
Cyprus,CYP,1972,2286
Cyprus,CYP,1973,2032
Cyprus,CYP,1974,1219
Cyprus,CYP,1975,1625
Cyprus,CYP,1976,1118
Cyprus,CYP,1977,1727
Cyprus,CYP,1978,1118
Cyprus,CYP,1979,1575
Cyprus,CYP,1980,1219
Cyprus,CYP,1981,1016
Cyprus,CYP,1982,1524
Cyprus,CYP,1983,1600
Cyprus,CYP,1984,1100
Cyprus,CYP,1985,1000
Cyprus,CYP,1986,1200
Cyprus,CYP,1987,800
Cyprus,CYP,1988,1300
Cyprus,CYP,1989,700
Cyprus,CYP,1990,900
Cyprus,CYP,1991,1200
Cyprus,CYP,1992,800
Cyprus,CYP,1993,1800
Cyprus,CYP,1994,1400
Cyprus,CYP,1995,1300
Cyprus,CYP,1996,1300
Cyprus,CYP,1997,1000
Cyprus,CYP,1998,1700
Cyprus,CYP,1999,1100
Cyprus,CYP,2000,1070
Cyprus,CYP,2001,1100
Cyprus,CYP,2002,600
Cyprus,CYP,2003,680
Cyprus,CYP,2004,634
Cyprus,CYP,2005,588
Cyprus,CYP,2006,579
Cyprus,CYP,2007,582
Cyprus,CYP,2008,501
Cyprus,CYP,2009,460
Cyprus,CYP,2010,443
Cyprus,CYP,2011,416
Cyprus,CYP,2012,457
Cyprus,CYP,2013,427
Cyprus,CYP,2014,396
Cyprus,CYP,2015,431
Cyprus,CYP,2016,399
Cyprus,CYP,2017,391
Cyprus,CYP,2018,342
Cyprus,CYP,2019,353
Cyprus,CYP,2020,375
Cyprus,CYP,2021,387
Cyprus,CYP,2022,391
Czechia,CZE,1993,18787
Czechia,CZE,1994,18431
Czechia,CZE,1995,17062
Czechia,CZE,1996,12173
Czechia,CZE,1997,10457
Czechia,CZE,1998,13488
Czechia,CZE,1999,14050
Czechia,CZE,2000,13613
Czechia,CZE,2001,12194
Czechia,CZE,2002,1871
Czechia,CZE,2003,2821
Czechia,CZE,2004,2977
Czechia,CZE,2005,2053
Czechia,CZE,2006,2271
Czechia,CZE,2007,2777
Czechia,CZE,2008,2342
Czechia,CZE,2009,2404
Czechia,CZE,2010,2107
Czechia,CZE,2011,2662
Czechia,CZE,2012,1539
Czechia,CZE,2013,1716
Czechia,CZE,2014,2434
Czechia,CZE,2015,2443
Czechia,CZE,2016,2535
Czechia,CZE,2017,1998.8
Czechia,CZE,2018,2710
Czechia,CZE,2019,2650
Czechia,CZE,2020,880
Czechia,CZE,2021,1370
Czechia,CZE,2022,1840
Czechia,CZE,2023,1490
Czechoslovakia,CSK,1961,70242
Czechoslovakia,CSK,1962,39336
Czechoslovakia,CSK,1963,49050
Czechoslovakia,CSK,1964,60921
Czechoslovakia,CSK,1965,25393
Czechoslovakia,CSK,1966,63434
Czechoslovakia,CSK,1967,41777
Czechoslovakia,CSK,1968,57414
Czechoslovakia,CSK,1969,56517
Czechoslovakia,CSK,1970,52988
Czechoslovakia,CSK,1971,17968
Czechoslovakia,CSK,1972,9154
Czechoslovakia,CSK,1973,42751
Czechoslovakia,CSK,1974,11483
Czechoslovakia,CSK,1975,31750
Czechoslovakia,CSK,1976,26902
Czechoslovakia,CSK,1977,14122
Czechoslovakia,CSK,1978,15867
Czechoslovakia,CSK,1979,15683
Czechoslovakia,CSK,1980,15809
Czechoslovakia,CSK,1981,8325
Czechoslovakia,CSK,1982,36762
Czechoslovakia,CSK,1983,36418
Czechoslovakia,CSK,1984,24987
Czechoslovakia,CSK,1985,22567
Czechoslovakia,CSK,1986,22050
Czechoslovakia,CSK,1987,20437
Czechoslovakia,CSK,1988,22817
Czechoslovakia,CSK,1989,29012
Czechoslovakia,CSK,1990,20200
Czechoslovakia,CSK,1991,21810
Czechoslovakia,CSK,1992,29839
Denmark,DNK,1961,7000
Denmark,DNK,1962,6000
Denmark,DNK,1963,3551
Denmark,DNK,1964,4066
Denmark,DNK,1965,3195
Denmark,DNK,1966,2289
Denmark,DNK,1967,2760
Denmark,DNK,1968,3573
Denmark,DNK,1969,3994
Denmark,DNK,1970,7889
Denmark,DNK,1971,3014
Denmark,DNK,1972,2753
Denmark,DNK,1973,2264
Denmark,DNK,1974,5555
Denmark,DNK,1975,2628
Denmark,DNK,1976,8160
Denmark,DNK,1977,5135
Denmark,DNK,1978,6745
Denmark,DNK,1979,5302
Denmark,DNK,1980,7182
Denmark,DNK,1981,6574
Denmark,DNK,1982,5961
Denmark,DNK,1983,8879
Denmark,DNK,1984,7000
Denmark,DNK,1985,10332
Denmark,DNK,1986,9000
Denmark,DNK,1987,10433
Denmark,DNK,1988,10500
Denmark,DNK,1989,10500
Denmark,DNK,1990,10000
Denmark,DNK,1991,9000
Denmark,DNK,1992,10000
Denmark,DNK,1993,12000
Denmark,DNK,1994,12000
Denmark,DNK,1995,12000
Denmark,DNK,1996,8656
Denmark,DNK,1997,221
Denmark,DNK,1998,300
Denmark,DNK,1999,300
Denmark,DNK,2000,409.51
Denmark,DNK,2001,342.11
Denmark,DNK,2002,290
Denmark,DNK,2003,158
Denmark,DNK,2004,209
Denmark,DNK,2005,150
Denmark,DNK,2006,210
Denmark,DNK,2007,200
Denmark,DNK,2008,258.66
Denmark,DNK,2009,257
Denmark,DNK,2010,91
Denmark,DNK,2011,182
Denmark,DNK,2012,182
Denmark,DNK,2013,581
Denmark,DNK,2014,776
Denmark,DNK,2015,934
Denmark,DNK,2016,1010
Denmark,DNK,2017,631
Denmark,DNK,2018,1000
Denmark,DNK,2019,1060
Denmark,DNK,2020,730
Denmark,DNK,2021,700
Denmark,DNK,2022,730
Denmark,DNK,2023,690
Dominican Republic,DOM,2021,5410
Dominican Republic,DOM,2022,7533
Dominican Republic,DOM,2023,9199
Estonia,EST,1992,743
Estonia,EST,1993,1155
Estonia,EST,1994,709
Estonia,EST,1995,635
Estonia,EST,1996,330
Estonia,EST,1997,440
Estonia,EST,1998,351
Estonia,EST,1999,201
Estonia,EST,2000,593
Estonia,EST,2001,804
Estonia,EST,2002,1435
Estonia,EST,2003,662.9
Estonia,EST,2004,96
Estonia,EST,2005,181
Estonia,EST,2006,191
Estonia,EST,2007,108
Estonia,EST,2008,98
Estonia,EST,2009,108
Estonia,EST,2010,126
Estonia,EST,2011,105
Estonia,EST,2012,111
Estonia,EST,2013,63
Estonia,EST,2014,19
Estonia,EST,2015,117
Estonia,EST,2016,111
Estonia,EST,2017,79
Estonia,EST,2018,0
Estonia,EST,2019,0
Estonia,EST,2020,0
Estonia,EST,2021,0
Estonia,EST,2022,0
Estonia,EST,2023,0
Finland,FIN,2018,0
Finland,FIN,2019,0
Finland,FIN,2020,0
Finland,FIN,2021,0
Finland,FIN,2022,0
Finland,FIN,2023,0
France,FRA,1961,92500
France,FRA,1962,99200
France,FRA,1963,125900
France,FRA,1964,114680
France,FRA,1965,117710
France,FRA,1966,108250
France,FRA,1967,123250
France,FRA,1968,135140
France,FRA,1969,118630
France,FRA,1970,120750
France,FRA,1971,121240
France,FRA,1972,112630
France,FRA,1973,112770
France,FRA,1974,124350
France,FRA,1975,89220
France,FRA,1976,136100
France,FRA,1977,58900
France,FRA,1978,98900
France,FRA,1979,138000
France,FRA,1980,112700
France,FRA,1981,98300
France,FRA,1982,123200
France,FRA,1983,98200
France,FRA,1984,114800
France,FRA,1985,100800
France,FRA,1986,91800
France,FRA,1987,101200
France,FRA,1988,77400
France,FRA,1989,101600
France,FRA,1990,82422
France,FRA,1991,49336.3
France,FRA,1992,66541
France,FRA,1993,64674.7
France,FRA,1994,70718.4
France,FRA,1995,56113.2
France,FRA,1996,67457.4
France,FRA,1997,60666.5
France,FRA,1998,31387.3
France,FRA,1999,65639.6
France,FRA,2000,66520.4
France,FRA,2001,55420.4
France,FRA,2002,64697.4
France,FRA,2003,52559.1
France,FRA,2004,58225.3
France,FRA,2005,62905.8
France,FRA,2006,65494.2
France,FRA,2007,45810.3
France,FRA,2008,40356
France,FRA,2009,53574.7
France,FRA,2010,44098.6
France,FRA,2011,45144.7
France,FRA,2012,27835.9
France,FRA,2013,35788
France,FRA,2014,47291
France,FRA,2015,41726
France,FRA,2016,34685.3
France,FRA,2017,40464.4
France,FRA,2018,29370
France,FRA,2019,32120
France,FRA,2020,31840
France,FRA,2021,12490
France,FRA,2022,34990
France,FRA,2023,31080
Georgia,GEO,1992,17000
Georgia,GEO,1993,14000
Georgia,GEO,1994,14500
Georgia,GEO,1995,17000
Georgia,GEO,1996,18000
Georgia,GEO,1997,12000
Georgia,GEO,1998,14235
Georgia,GEO,1999,15024
Georgia,GEO,2000,12683
Georgia,GEO,2001,10146
Georgia,GEO,2002,6081
Georgia,GEO,2003,13420
Georgia,GEO,2004,5849
Georgia,GEO,2005,10865
Georgia,GEO,2006,4800
Georgia,GEO,2007,5500
Georgia,GEO,2008,4000
Georgia,GEO,2009,4000
Georgia,GEO,2010,3000
Georgia,GEO,2011,2700
Georgia,GEO,2012,5100
Georgia,GEO,2013,5600
Georgia,GEO,2014,5400
Georgia,GEO,2015,2500
Georgia,GEO,2016,3700
Georgia,GEO,2017,2100
Georgia,GEO,2018,4400
Georgia,GEO,2019,3000
Georgia,GEO,2020,5400
Georgia,GEO,2021,6900
Georgia,GEO,2022,7100
Georgia,GEO,2023,5800
Germany,DEU,1961,184246
Germany,DEU,1962,184657
Germany,DEU,1963,220141
Germany,DEU,1964,221590
Germany,DEU,1965,140330
Germany,DEU,1966,215656
Germany,DEU,1967,169556
Germany,DEU,1968,268262
Germany,DEU,1969,201236
Germany,DEU,1970,255584
Germany,DEU,1971,224855
Germany,DEU,1972,132552
Germany,DEU,1973,181385
Germany,DEU,1974,131622
Germany,DEU,1975,169155
Germany,DEU,1976,168334
Germany,DEU,1977,117063
Germany,DEU,1978,166319
Germany,DEU,1979,193641
Germany,DEU,1980,141647
Germany,DEU,1981,54273
Germany,DEU,1982,213257
Germany,DEU,1983,211774
Germany,DEU,1984,213498
Germany,DEU,1985,194250
Germany,DEU,1986,181772
Germany,DEU,1987,172680
Germany,DEU,1988,161172
Germany,DEU,1989,147561
Germany,DEU,1990,140896
Germany,DEU,1991,55943
Germany,DEU,1992,220000
Germany,DEU,1993,186400
Germany,DEU,1994,145400
Germany,DEU,1995,141600
Germany,DEU,1996,155700
Germany,DEU,1997,64300
Germany,DEU,1998,122053
Germany,DEU,1999,156500
Germany,DEU,2000,169700
Germany,DEU,2001,139900
Germany,DEU,2002,70000
Germany,DEU,2003,33386
Germany,DEU,2004,39076
Germany,DEU,2005,27911
Germany,DEU,2006,31637
Germany,DEU,2007,34452
Germany,DEU,2008,25166
Germany,DEU,2009,39463
Germany,DEU,2010,30831
Germany,DEU,2011,37035
Germany,DEU,2012,23005
Germany,DEU,2013,24462
Germany,DEU,2014,39571
Germany,DEU,2015,31446
Germany,DEU,2016,29373
Germany,DEU,2017,16536
Germany,DEU,2018,44220
Germany,DEU,2019,44550
Germany,DEU,2020,36800
Germany,DEU,2021,27340
Germany,DEU,2022,38470
Germany,DEU,2023,32350
Greece,GRC,1961,17351
Greece,GRC,1962,19174
Greece,GRC,1963,17973
Greece,GRC,1964,21041
Greece,GRC,1965,19178
Greece,GRC,1966,23464
Greece,GRC,1967,23537
Greece,GRC,1968,24649
Greece,GRC,1969,23127
Greece,GRC,1970,24835
Greece,GRC,1971,24186
Greece,GRC,1972,20304
Greece,GRC,1973,25789
Greece,GRC,1974,22202
Greece,GRC,1975,25361
Greece,GRC,1976,24351
Greece,GRC,1977,21746
Greece,GRC,1978,21025
Greece,GRC,1979,18840
Greece,GRC,1980,17800
Greece,GRC,1981,27223
Greece,GRC,1982,24255
Greece,GRC,1983,28563
Greece,GRC,1984,28643
Greece,GRC,1985,27786
Greece,GRC,1986,31197
Greece,GRC,1987,34869
Greece,GRC,1988,34968
Greece,GRC,1989,35626
Greece,GRC,1990,47065
Greece,GRC,1991,30314
Greece,GRC,1992,48085
Greece,GRC,1993,44973.07
Greece,GRC,1994,49283.2
Greece,GRC,1995,49615
Greece,GRC,1996,57971.08
Greece,GRC,1997,46379.36
Greece,GRC,1998,41186
Greece,GRC,1999,52425.61
Greece,GRC,2000,57374.24
Greece,GRC,2001,40015
Greece,GRC,2002,47090
Greece,GRC,2003,44618
Greece,GRC,2004,46714
Greece,GRC,2005,44201
Greece,GRC,2006,43700
Greece,GRC,2007,52579.84
Greece,GRC,2008,55472.52
Greece,GRC,2009,48401.78
Greece,GRC,2010,44910.2
Greece,GRC,2011,49413.08
Greece,GRC,2012,47319.03
Greece,GRC,2013,48133.95
Greece,GRC,2014,70042.04
Greece,GRC,2015,75191.17
Greece,GRC,2016,83194.23
Greece,GRC,2017,80510
Greece,GRC,2018,89380
Greece,GRC,2019,81600
Greece,GRC,2020,93740
Greece,GRC,2021,80970
Greece,GRC,2022,85070
Greece,GRC,2023,113580
Guyana,GUY,1999,700
Guyana,GUY,2000,876
Guyana,GUY,2001,1161
Guyana,GUY,2002,1000
Guyana,GUY,2003,800
Guyana,GUY,2004,700
Guyana,GUY,2005,678.18
Guyana,GUY,2006,684.92
Guyana,GUY,2007,670.4
Guyana,GUY,2008,600.3
Guyana,GUY,2009,574.89
Guyana,GUY,2010,532.7
Guyana,GUY,2011,232
Guyana,GUY,2012,89
Guyana,GUY,2013,1249
Guyana,GUY,2014,2009
Guyana,GUY,2015,3150.93
Guyana,GUY,2016,2209.9
Guyana,GUY,2017,2700.72
Guyana,GUY,2018,2358.8
Guyana,GUY,2019,2235.69
Guyana,GUY,2020,2175.42
Guyana,GUY,2021,2149.49
Guyana,GUY,2022,2323.25
Guyana,GUY,2023,2404.11
Hungary,HUN,1961,45500
Hungary,HUN,1962,40100
Hungary,HUN,1963,34100
Hungary,HUN,1964,28800
Hungary,HUN,1965,26511
Hungary,HUN,1966,30019
Hungary,HUN,1967,28361
Hungary,HUN,1968,29350
Hungary,HUN,1969,24993
Hungary,HUN,1970,30930
Hungary,HUN,1971,32240
Hungary,HUN,1972,25064
Hungary,HUN,1973,34533
Hungary,HUN,1974,29677
Hungary,HUN,1975,26944
Hungary,HUN,1976,25862
Hungary,HUN,1977,18889
Hungary,HUN,1978,31296
Hungary,HUN,1979,31676
Hungary,HUN,1980,22511
Hungary,HUN,1981,35580
Hungary,HUN,1982,35657
Hungary,HUN,1983,33372
Hungary,HUN,1984,28342
Hungary,HUN,1985,29501
Hungary,HUN,1986,24164
Hungary,HUN,1987,29859
Hungary,HUN,1988,31132
Hungary,HUN,1989,31253
Hungary,HUN,1990,26768
Hungary,HUN,1991,26095
Hungary,HUN,1992,27511
Hungary,HUN,1993,24427
Hungary,HUN,1994,23649
Hungary,HUN,1995,20100
Hungary,HUN,1996,21753
Hungary,HUN,1997,21795
Hungary,HUN,1998,19290
Hungary,HUN,1999,19686
Hungary,HUN,2000,18274
Hungary,HUN,2001,16237
Hungary,HUN,2002,6597
Hungary,HUN,2003,7108
Hungary,HUN,2004,12635
Hungary,HUN,2005,6159
Hungary,HUN,2006,8536
Hungary,HUN,2007,6572
Hungary,HUN,2008,7744
Hungary,HUN,2009,8126
Hungary,HUN,2010,5758
Hungary,HUN,2011,7722
Hungary,HUN,2012,4830
Hungary,HUN,2013,10090
Hungary,HUN,2014,9430
Hungary,HUN,2015,11312
Hungary,HUN,2016,10660
Hungary,HUN,2017,10551
Hungary,HUN,2018,12020
Hungary,HUN,2019,10470
Hungary,HUN,2020,8610
Hungary,HUN,2021,8850
Hungary,HUN,2022,11610
Hungary,HUN,2023,9110
India,IND,1961,3000
India,IND,1962,3100
India,IND,1963,3200
India,IND,1964,3300
India,IND,1965,3400
India,IND,1966,3500
India,IND,1967,3600
India,IND,1968,3700
India,IND,1969,3800
India,IND,1970,3900
India,IND,1971,4000
India,IND,1972,4000
India,IND,1973,4000
India,IND,1974,4000
India,IND,1975,4000
India,IND,1976,4000
India,IND,1977,4000
India,IND,1978,3000
India,IND,1979,3000
India,IND,1980,2000
India,IND,1981,2000
India,IND,1982,2000
India,IND,1983,3000
India,IND,1984,3000
India,IND,1985,3000
India,IND,1986,1100
India,IND,1987,1013
India,IND,1988,2000
India,IND,1989,3500
India,IND,1990,3200
India,IND,1991,3700
India,IND,1992,3800
India,IND,1993,4000
India,IND,1994,4200
India,IND,1995,4400
India,IND,1996,4800
India,IND,1997,4900
India,IND,1998,5100
India,IND,1999,7400
India,IND,2000,7800
India,IND,2001,8000
India,IND,2002,8054.35
India,IND,2003,8301.07
India,IND,2004,8540.13
India,IND,2005,8770.79
India,IND,2006,8916.86
India,IND,2007,9114.25
India,IND,2008,9261.07
India,IND,2009,9374.42
India,IND,2010,9553.86
India,IND,2011,9733.01
India,IND,2012,9897.75
India,IND,2013,9959.88
India,IND,2014,10585.56
India,IND,2015,10945.25
India,IND,2016,10496.9
India,IND,2017,10289.08
India,IND,2018,10158.78
India,IND,2019,10096.92
India,IND,2020,10739.53
India,IND,2021,10772.1
India,IND,2022,10536.18
India,IND,2023,10682.6
Iran,IRN,1961,30000
Iran,IRN,1962,31000
Iran,IRN,1963,32000
Iran,IRN,1964,33000
Iran,IRN,1965,34000
Iran,IRN,1966,35000
Iran,IRN,1967,36000
Iran,IRN,1968,37000
Iran,IRN,1969,38000
Iran,IRN,1970,39000
Iran,IRN,1971,40000
Iran,IRN,1972,41000
Iran,IRN,1973,42000
Iran,IRN,1974,43000
Iran,IRN,1975,45000
Iran,IRN,1976,47000
Iran,IRN,1977,49000
Iran,IRN,1978,52000
Iran,IRN,1979,49000
Iran,IRN,1980,53000
Iran,IRN,1981,56000
Iran,IRN,1982,58000
Iran,IRN,1983,60000
Iran,IRN,1984,62000
Iran,IRN,1985,65000
Iran,IRN,1986,70000
Iran,IRN,1987,73000
Iran,IRN,1988,75000
Iran,IRN,1989,83328
Iran,IRN,1990,85411
Iran,IRN,1991,91482.5
Iran,IRN,1992,91854
Iran,IRN,1993,118545.8
Iran,IRN,1994,141926.1
Iran,IRN,1995,156755
Iran,IRN,1996,173280
Iran,IRN,1997,228195
Iran,IRN,1998,229079
Iran,IRN,1999,228056
Iran,IRN,2000,213251
Iran,IRN,2001,218584
Iran,IRN,2002,653918.9
Iran,IRN,2003,225075.3
Iran,IRN,2004,174576
Iran,IRN,2005,224892
Iran,IRN,2006,268757.5
Iran,IRN,2007,247083.6
Iran,IRN,2008,215381.9
Iran,IRN,2009,208430
Iran,IRN,2010,228093
Iran,IRN,2011,244927
Iran,IRN,2012,253496
Iran,IRN,2013,279429.7
Iran,IRN,2014,133987
Iran,IRN,2015,136000
Iran,IRN,2016,140081
Iran,IRN,2017,135723
Iran,IRN,2018,88906.25
Iran,IRN,2019,128353.51
Iran,IRN,2020,153745.48
Iran,IRN,2021,119779.37
Iran,IRN,2022,105389.53
Iran,IRN,2023,144876.58
Israel,ISR,1961,0
Israel,ISR,1962,0
Israel,ISR,1963,0
Israel,ISR,1964,0
Israel,ISR,1965,0
Israel,ISR,1966,0
Israel,ISR,1967,0
Israel,ISR,1968,0
Israel,ISR,1969,0
Israel,ISR,1970,0
Israel,ISR,1971,0
Israel,ISR,1972,0
Israel,ISR,1973,100
Israel,ISR,1974,100
Israel,ISR,1975,200
Israel,ISR,1976,150
Israel,ISR,1977,100
Israel,ISR,1978,150
Israel,ISR,1979,150
Israel,ISR,1980,200
Israel,ISR,1981,250
Israel,ISR,1982,300
Israel,ISR,1983,450
Israel,ISR,1984,400
Israel,ISR,1985,450
Israel,ISR,1986,500
Israel,ISR,1987,450
Israel,ISR,1988,750
Israel,ISR,1989,700
Israel,ISR,1990,800
Israel,ISR,1991,850
Israel,ISR,1992,940
Israel,ISR,1993,1500
Israel,ISR,1994,1343.76
Israel,ISR,1995,1260
Israel,ISR,1996,1690
Israel,ISR,1997,931
Israel,ISR,1998,1500
Israel,ISR,1999,2100
Israel,ISR,2000,1581
Israel,ISR,2001,2154
Israel,ISR,2002,3075
Israel,ISR,2003,3530
Israel,ISR,2004,2960
Israel,ISR,2005,2975
Israel,ISR,2006,2431
Israel,ISR,2007,2218
Israel,ISR,2008,2500
Israel,ISR,2009,2484
Israel,ISR,2010,1294
Israel,ISR,2011,2606
Israel,ISR,2012,3900
Israel,ISR,2013,2400
Israel,ISR,2014,3000
Israel,ISR,2015,2500
Israel,ISR,2016,3500
Israel,ISR,2017,4000
Israel,ISR,2018,3001
Israel,ISR,2019,3503
Israel,ISR,2020,3702
Israel,ISR,2021,2002
Israel,ISR,2022,4001
Israel,ISR,2023,4603
Italy,ITA,1961,202500
Italy,ITA,1962,216400
Italy,ITA,1963,219500
Italy,ITA,1964,230000
Italy,ITA,1965,196400
Italy,ITA,1966,226400
Italy,ITA,1967,213100
Italy,ITA,1968,196100
Italy,ITA,1969,170900
Italy,ITA,1970,210400
Italy,ITA,1971,227000
Italy,ITA,1972,204600
Italy,ITA,1973,178000
Italy,ITA,1974,139000
Italy,ITA,1975,190400
Italy,ITA,1976,156300
Italy,ITA,1977,129800
Italy,ITA,1978,95100
Italy,ITA,1979,156400
Italy,ITA,1980,119500
Italy,ITA,1981,135000
Italy,ITA,1982,143500
Italy,ITA,1983,136500
Italy,ITA,1984,158600
Italy,ITA,1985,157100
Italy,ITA,1986,126400
Italy,ITA,1987,144510
Italy,ITA,1988,127100
Italy,ITA,1989,121340
Italy,ITA,1990,100470
Italy,ITA,1991,104950
Italy,ITA,1992,140731
Italy,ITA,1993,131875
Italy,ITA,1994,140262
Italy,ITA,1995,120167
Italy,ITA,1996,136933
Italy,ITA,1997,114232
Italy,ITA,1998,117105
Italy,ITA,1999,121505
Italy,ITA,2000,145672
Italy,ITA,2001,111000
Italy,ITA,2002,126000
Italy,ITA,2003,102000
Italy,ITA,2004,95169
Italy,ITA,2005,101295
Italy,ITA,2006,110910
Italy,ITA,2007,106189
Italy,ITA,2008,134407
Italy,ITA,2009,116179
Italy,ITA,2010,115476
Italy,ITA,2011,112775
Italy,ITA,2012,104766.1
Italy,ITA,2013,131174.9
Italy,ITA,2014,110765.8
Italy,ITA,2015,111118.6
Italy,ITA,2016,94888
Italy,ITA,2017,118259
Italy,ITA,2018,114800
Italy,ITA,2019,98600
Italy,ITA,2020,104380
Italy,ITA,2021,93030
Italy,ITA,2022,107910
Italy,ITA,2023,87710
Japan,JPN,1961,7730
Japan,JPN,1962,7160
Japan,JPN,1963,6960
Japan,JPN,1964,6010
Japan,JPN,1965,7790
Japan,JPN,1966,7400
Japan,JPN,1967,8500
Japan,JPN,1968,8500
Japan,JPN,1969,11200
Japan,JPN,1970,13100
Japan,JPN,1971,6280
Japan,JPN,1972,10700
Japan,JPN,1973,16400
Japan,JPN,1974,17900
Japan,JPN,1975,13400
Japan,JPN,1976,17100
Japan,JPN,1977,16300
Japan,JPN,1978,15900
Japan,JPN,1979,17400
Japan,JPN,1980,15100
Japan,JPN,1981,12800
Japan,JPN,1982,15400
Japan,JPN,1983,24100
Japan,JPN,1984,15000
Japan,JPN,1985,23300
Japan,JPN,1986,16700
Japan,JPN,1987,18700
Japan,JPN,1988,18400
Japan,JPN,1989,14500
Japan,JPN,1990,16100
Japan,JPN,1991,15400
Japan,JPN,1992,15300
Japan,JPN,1993,17600
Japan,JPN,1994,13600
Japan,JPN,1995,15600
Japan,JPN,1996,13200
Japan,JPN,1997,18900
Japan,JPN,1998,19500
Japan,JPN,1999,16800
Japan,JPN,2000,17100
Japan,JPN,2001,19600
Japan,JPN,2002,21200
Japan,JPN,2003,19300
Japan,JPN,2004,16400
Japan,JPN,2005,19100
Japan,JPN,2006,20800
Japan,JPN,2007,16600
Japan,JPN,2008,17000
Japan,JPN,2009,16600
Japan,JPN,2010,19700
Japan,JPN,2011,20400
Japan,JPN,2012,17800
Japan,JPN,2013,18100
Japan,JPN,2014,19000
Japan,JPN,2015,18100
Japan,JPN,2016,19800
Japan,JPN,2017,19100
Japan,JPN,2018,18100
Japan,JPN,2019,16100
Japan,JPN,2020,17200
Japan,JPN,2021,13100
Japan,JPN,2022,16100
Japan,JPN,2023,17300
Jordan,JOR,1961,0
Jordan,JOR,1962,0
Jordan,JOR,1963,0
Jordan,JOR,1964,0
Jordan,JOR,1965,0
Jordan,JOR,1966,0
Jordan,JOR,1967,0
Jordan,JOR,1968,0
Jordan,JOR,1969,0
Jordan,JOR,1970,0
Jordan,JOR,1971,2
Jordan,JOR,1972,2
Jordan,JOR,1973,5
Jordan,JOR,1974,20
Jordan,JOR,1975,18
Jordan,JOR,1976,87
Jordan,JOR,1977,60
Jordan,JOR,1978,50
Jordan,JOR,1979,49
Jordan,JOR,1980,20
Jordan,JOR,1981,1
Jordan,JOR,1982,1
Jordan,JOR,1983,19
Jordan,JOR,1984,6
Jordan,JOR,1985,19
Jordan,JOR,1986,30
Jordan,JOR,1987,50
Jordan,JOR,1988,100
Jordan,JOR,1989,112
Jordan,JOR,1990,143
Jordan,JOR,1991,153
Jordan,JOR,1992,165
Jordan,JOR,1993,300
Jordan,JOR,1994,586
Jordan,JOR,1995,600
Jordan,JOR,1996,800
Jordan,JOR,1997,793
Jordan,JOR,1998,521
Jordan,JOR,1999,521
Jordan,JOR,2000,640
Jordan,JOR,2001,840
Jordan,JOR,2002,840
Jordan,JOR,2003,971
Jordan,JOR,2004,1625
Jordan,JOR,2005,1626
Jordan,JOR,2006,1325
Jordan,JOR,2007,1097
Jordan,JOR,2008,718
Jordan,JOR,2009,366
Jordan,JOR,2010,680
Jordan,JOR,2011,642
Jordan,JOR,2012,696
Jordan,JOR,2013,722
Jordan,JOR,2014,722
Jordan,JOR,2015,519
Jordan,JOR,2016,1228
Jordan,JOR,2017,968
Jordan,JOR,2018,881
Jordan,JOR,2019,952
Jordan,JOR,2020,770
Jordan,JOR,2021,1060
Jordan,JOR,2022,795
Jordan,JOR,2023,2453
Kazakhstan,KAZ,1992,11000
Kazakhstan,KAZ,1993,7000
Kazakhstan,KAZ,1994,10000
Kazakhstan,KAZ,1995,13000
Kazakhstan,KAZ,1996,17000
Kazakhstan,KAZ,1997,14500
Kazakhstan,KAZ,1998,6000
Kazakhstan,KAZ,1999,7300
Kazakhstan,KAZ,2000,12030
Kazakhstan,KAZ,2001,6400
Kazakhstan,KAZ,2002,14026
Kazakhstan,KAZ,2003,11024
Kazakhstan,KAZ,2004,14644
Kazakhstan,KAZ,2005,15000
Kazakhstan,KAZ,2006,10360
Kazakhstan,KAZ,2007,11370
Kazakhstan,KAZ,2008,9890
Kazakhstan,KAZ,2009,10770
Kazakhstan,KAZ,2010,9110
Kazakhstan,KAZ,2011,10938
Kazakhstan,KAZ,2012,11471
Kazakhstan,KAZ,2013,11006
Kazakhstan,KAZ,2014,11680
Kazakhstan,KAZ,2015,761
Kazakhstan,KAZ,2016,719
Kazakhstan,KAZ,2017,706
Kazakhstan,KAZ,2018,512.56
Kazakhstan,KAZ,2019,491.59
Kazakhstan,KAZ,2020,497
Kazakhstan,KAZ,2021,490
Kazakhstan,KAZ,2022,337
Kazakhstan,KAZ,2023,284.09
Kyrgyzstan,KGZ,1992,2400
Kyrgyzstan,KGZ,1993,2400
Kyrgyzstan,KGZ,1994,3000
Kyrgyzstan,KGZ,1995,2400
Kyrgyzstan,KGZ,1996,2500
Kyrgyzstan,KGZ,1997,4000
Kyrgyzstan,KGZ,1998,3000
Kyrgyzstan,KGZ,1999,3000
Kyrgyzstan,KGZ,2000,3500
Kyrgyzstan,KGZ,2001,4000
Kyrgyzstan,KGZ,2002,3600
Kyrgyzstan,KGZ,2003,4000
Kyrgyzstan,KGZ,2004,5000
Kyrgyzstan,KGZ,2005,4000
Kyrgyzstan,KGZ,2006,5100
Kyrgyzstan,KGZ,2007,4900
Kyrgyzstan,KGZ,2008,8000
Kyrgyzstan,KGZ,2009,14000
Kyrgyzstan,KGZ,2010,9400
Kyrgyzstan,KGZ,2011,7000
Kyrgyzstan,KGZ,2012,5300
Kyrgyzstan,KGZ,2013,4500
Kyrgyzstan,KGZ,2014,5000
Kyrgyzstan,KGZ,2015,4400
Kyrgyzstan,KGZ,2016,4463.36
Kyrgyzstan,KGZ,2017,4743.21
Kyrgyzstan,KGZ,2018,4535.52
Kyrgyzstan,KGZ,2019,4604.13
Kyrgyzstan,KGZ,2020,4627.62
Kyrgyzstan,KGZ,2021,4679.68
Kyrgyzstan,KGZ,2022,4638.57
Kyrgyzstan,KGZ,2023,4597.46
Latvia,LVA,1997,1900
Latvia,LVA,1998,2000
Latvia,LVA,1999,1400
Latvia,LVA,2000,1400
Latvia,LVA,2001,1700
Latvia,LVA,2002,1945
Latvia,LVA,2003,883
Latvia,LVA,2004,953
Latvia,LVA,2005,1863
Latvia,LVA,2006,1551
Latvia,LVA,2007,910
Latvia,LVA,2008,258
Latvia,LVA,2009,69
Latvia,LVA,2010,56
Latvia,LVA,2011,65
Latvia,LVA,2012,40
Latvia,LVA,2013,78
Latvia,LVA,2014,95
Latvia,LVA,2015,81
Latvia,LVA,2016,84
Latvia,LVA,2017,53
Lebanon,LBN,1961,7000
Lebanon,LBN,1962,5000
Lebanon,LBN,1963,5000
Lebanon,LBN,1964,6500
Lebanon,LBN,1965,6900
Lebanon,LBN,1966,4313
Lebanon,LBN,1967,10010
Lebanon,LBN,1968,15099
Lebanon,LBN,1969,8702
Lebanon,LBN,1970,11733
Lebanon,LBN,1971,9026
Lebanon,LBN,1972,12597
Lebanon,LBN,1973,11767
Lebanon,LBN,1974,21453
Lebanon,LBN,1975,14000
Lebanon,LBN,1976,15000
Lebanon,LBN,1977,16000
Lebanon,LBN,1978,17000
Lebanon,LBN,1979,18000
Lebanon,LBN,1980,19000
Lebanon,LBN,1981,20000
Lebanon,LBN,1982,24500
Lebanon,LBN,1983,25000
Lebanon,LBN,1984,27000
Lebanon,LBN,1985,28500
Lebanon,LBN,1986,30000
Lebanon,LBN,1987,33500
Lebanon,LBN,1988,36000
Lebanon,LBN,1989,39000
Lebanon,LBN,1990,42000
Lebanon,LBN,1991,55195
Lebanon,LBN,1992,60000
Lebanon,LBN,1993,65000
Lebanon,LBN,1994,72000
Lebanon,LBN,1995,78000
Lebanon,LBN,1996,85757
Lebanon,LBN,1997,39900
Lebanon,LBN,1998,44300
Lebanon,LBN,1999,47600
Lebanon,LBN,2000,45400
Lebanon,LBN,2001,42300
Lebanon,LBN,2002,33600
Lebanon,LBN,2003,36900
Lebanon,LBN,2004,30700
Lebanon,LBN,2005,29500
Lebanon,LBN,2006,23400
Lebanon,LBN,2007,30000
Lebanon,LBN,2008,31000
Lebanon,LBN,2009,30800
Lebanon,LBN,2010,24161.3
Lebanon,LBN,2011,21235.41
Lebanon,LBN,2012,23020.79
Lebanon,LBN,2013,21815.61
Lebanon,LBN,2014,24632.49
Lebanon,LBN,2015,26938.66
Lebanon,LBN,2016,32432
Lebanon,LBN,2017,44795
Lebanon,LBN,2018,36765.08
Lebanon,LBN,2019,33524.14
Lebanon,LBN,2020,32736.8
Lebanon,LBN,2021,33684
Lebanon,LBN,2022,31399.14
Lebanon,LBN,2023,31233.78
Lithuania,LTU,1999,500
Lithuania,LTU,2000,400
Lithuania,LTU,2001,600
Lithuania,LTU,2002,600
Lithuania,LTU,2003,744
Lithuania,LTU,2004,965
Lithuania,LTU,2005,906
Lithuania,LTU,2006,5855
Lithuania,LTU,2007,982
Lithuania,LTU,2008,1129
Lithuania,LTU,2009,1336
Lithuania,LTU,2010,324
Lithuania,LTU,2011,1086
Lithuania,LTU,2012,1360
Lithuania,LTU,2013,739
Lithuania,LTU,2014,611
Lithuania,LTU,2015,467
Lithuania,LTU,2016,1374
Lithuania,LTU,2017,661
Lithuania,LTU,2018,10
Lithuania,LTU,2019,10
Lithuania,LTU,2020,10
Lithuania,LTU,2021,10
Lithuania,LTU,2022,20
Lithuania,LTU,2023,10
Luxembourg,LUX,2000,175
Luxembourg,LUX,2001,75
Luxembourg,LUX,2002,280
Luxembourg,LUX,2003,224
Luxembourg,LUX,2004,260
Luxembourg,LUX,2005,260
Luxembourg,LUX,2006,150
Luxembourg,LUX,2007,14
Luxembourg,LUX,2008,7
Luxembourg,LUX,2009,18
Luxembourg,LUX,2010,12
Luxembourg,LUX,2011,12
Luxembourg,LUX,2012,4
Luxembourg,LUX,2013,5
Luxembourg,LUX,2014,11
Luxembourg,LUX,2015,11
Luxembourg,LUX,2016,11
Luxembourg,LUX,2017,0
Luxembourg,LUX,2018,10
Luxembourg,LUX,2019,10
Luxembourg,LUX,2020,10
Luxembourg,LUX,2021,10
Luxembourg,LUX,2022,20
Luxembourg,LUX,2023,20
Malta,MLT,2018,0
Malta,MLT,2019,0
Malta,MLT,2020,0
Malta,MLT,2021,0
Malta,MLT,2022,0
Malta,MLT,2023,0
Mexico,MEX,1961,0
Mexico,MEX,1962,0
Mexico,MEX,1963,0
Mexico,MEX,1964,0
Mexico,MEX,1965,0
Mexico,MEX,1966,0
Mexico,MEX,1967,0
Mexico,MEX,1968,0
Mexico,MEX,1969,0
Mexico,MEX,1970,0
Mexico,MEX,1971,0
Mexico,MEX,1972,0
Mexico,MEX,1973,0
Mexico,MEX,1974,0
Mexico,MEX,1975,0
Mexico,MEX,1976,0
Mexico,MEX,1977,0
Mexico,MEX,1978,0
Mexico,MEX,1979,0
Mexico,MEX,1980,185
Mexico,MEX,1981,167
Mexico,MEX,1982,160
Mexico,MEX,1983,116
Mexico,MEX,1984,234
Mexico,MEX,1985,217
Mexico,MEX,1986,27
Mexico,MEX,1987,40
Mexico,MEX,1988,71
Mexico,MEX,1989,25
Mexico,MEX,1990,6
Mexico,MEX,1991,102
Mexico,MEX,1992,0
Mexico,MEX,1993,0
Mexico,MEX,1994,156.36
Mexico,MEX,1995,200
Mexico,MEX,1996,331
Mexico,MEX,1997,1109
Mexico,MEX,1998,464
Mexico,MEX,1999,731
Mexico,MEX,2000,442
Mexico,MEX,2001,2
Mexico,MEX,2002,0
Mexico,MEX,2003,0
Mexico,MEX,2004,0
Mexico,MEX,2005,0
Mexico,MEX,2006,0
Mexico,MEX,2007,0
Mexico,MEX,2008,0
Mexico,MEX,2009,0
Mexico,MEX,2010,6
Mexico,MEX,2011,0
Mexico,MEX,2012,18
Mexico,MEX,2013,62
Mexico,MEX,2014,142.1
Mexico,MEX,2015,148
Mexico,MEX,2016,207.1
Mexico,MEX,2017,72.22
Mexico,MEX,2018,177.7
Mexico,MEX,2019,92.43
Mexico,MEX,2020,143.5
Mexico,MEX,2021,155.7
Mexico,MEX,2022,144.45
Mexico,MEX,2023,129.76
Moldova,MDA,1992,6500
Moldova,MDA,1993,14000
Moldova,MDA,1994,10000
Moldova,MDA,1995,7000
Moldova,MDA,1996,9200
Moldova,MDA,1997,6599
Moldova,MDA,1998,8120
Moldova,MDA,1999,3920
Moldova,MDA,2000,5225
Moldova,MDA,2001,11165
Moldova,MDA,2002,8800
Moldova,MDA,2003,7000
Moldova,MDA,2004,6998
Moldova,MDA,2005,7644
Moldova,MDA,2006,6028
Moldova,MDA,2007,6680
Moldova,MDA,2008,7215
Moldova,MDA,2009,9751
Moldova,MDA,2010,7125
Moldova,MDA,2011,8485
Moldova,MDA,2012,8644
Moldova,MDA,2013,6542
Moldova,MDA,2014,7646
Moldova,MDA,2015,12361
Moldova,MDA,2016,7596
Moldova,MDA,2017,10622
Moldova,MDA,2018,12352
Moldova,MDA,2019,11296
Moldova,MDA,2020,10362
Moldova,MDA,2021,10236
Moldova,MDA,2022,13563
Moldova,MDA,2023,16051
Montenegro,MNE,2006,1916
Montenegro,MNE,2007,1779
Montenegro,MNE,2008,2003
Montenegro,MNE,2009,2250
Montenegro,MNE,2010,2186
Montenegro,MNE,2011,2072
Montenegro,MNE,2012,1932
Montenegro,MNE,2013,1997.51
Montenegro,MNE,2014,2017.61
Montenegro,MNE,2015,2047.03
Montenegro,MNE,2016,2070.56
Montenegro,MNE,2017,2077.58
Montenegro,MNE,2018,2077.82
Montenegro,MNE,2019,2079.72
Montenegro,MNE,2020,2087.16
Montenegro,MNE,2021,2086.12
Montenegro,MNE,2022,2091.82
Montenegro,MNE,2023,2097.52
Morocco,MAR,1961,20
Morocco,MAR,1962,30
Morocco,MAR,1963,30
Morocco,MAR,1964,40
Morocco,MAR,1965,40
Morocco,MAR,1966,60
Morocco,MAR,1967,80
Morocco,MAR,1968,100
Morocco,MAR,1969,120
Morocco,MAR,1970,140
Morocco,MAR,1971,160
Morocco,MAR,1972,180
Morocco,MAR,1973,200
Morocco,MAR,1974,230
Morocco,MAR,1975,250
Morocco,MAR,1976,300
Morocco,MAR,1977,310
Morocco,MAR,1978,340
Morocco,MAR,1979,360
Morocco,MAR,1980,380
Morocco,MAR,1981,400
Morocco,MAR,1982,600
Morocco,MAR,1983,800
Morocco,MAR,1984,700
Morocco,MAR,1985,900
Morocco,MAR,1986,1000
Morocco,MAR,1987,1100
Morocco,MAR,1988,1400
Morocco,MAR,1989,2600
Morocco,MAR,1990,2300
Morocco,MAR,1991,2700
Morocco,MAR,1992,7000
Morocco,MAR,1993,11000
Morocco,MAR,1994,2000
Morocco,MAR,1995,1400
Morocco,MAR,1996,4000
Morocco,MAR,1997,3200
Morocco,MAR,1998,7200
Morocco,MAR,1999,7166
Morocco,MAR,2000,6400
Morocco,MAR,2001,4500
Morocco,MAR,2002,2500
Morocco,MAR,2003,3700
Morocco,MAR,2004,5440
Morocco,MAR,2005,9800
Morocco,MAR,2006,5530
Morocco,MAR,2007,6090
Morocco,MAR,2008,6664
Morocco,MAR,2009,7501
Morocco,MAR,2010,8051
Morocco,MAR,2011,8210
Morocco,MAR,2012,7196
Morocco,MAR,2013,15199.4
Morocco,MAR,2014,15523.6
Morocco,MAR,2015,18728.6
Morocco,MAR,2016,8093
Morocco,MAR,2017,13405.7
Morocco,MAR,2018,13664.5
Morocco,MAR,2019,20348.7
Morocco,MAR,2020,10767.2
Morocco,MAR,2021,13804
Morocco,MAR,2022,15915.18
Morocco,MAR,2023,14144.76
Netherlands,NLD,1961,9308
Netherlands,NLD,1962,6215
Netherlands,NLD,1963,6940
Netherlands,NLD,1964,11198
Netherlands,NLD,1965,2684
Netherlands,NLD,1966,4058
Netherlands,NLD,1967,3701
Netherlands,NLD,1968,7437
Netherlands,NLD,1969,5353
Netherlands,NLD,1970,8008
Netherlands,NLD,1971,7556
Netherlands,NLD,1972,1600
Netherlands,NLD,1973,3100
Netherlands,NLD,1974,5900
Netherlands,NLD,1975,2200
Netherlands,NLD,1976,3300
Netherlands,NLD,1977,1350
Netherlands,NLD,1978,3100
Netherlands,NLD,1979,1400
Netherlands,NLD,1980,3800
Netherlands,NLD,1981,1100
Netherlands,NLD,1982,3900
Netherlands,NLD,1983,2800
Netherlands,NLD,1984,3600
Netherlands,NLD,1985,1800
Netherlands,NLD,1986,2900
Netherlands,NLD,1987,2800
Netherlands,NLD,1988,1700
Netherlands,NLD,1989,500
Netherlands,NLD,1990,900
Netherlands,NLD,1991,600
Netherlands,NLD,1992,800
Netherlands,NLD,1993,1300
Netherlands,NLD,1994,300
Netherlands,NLD,1995,900
Netherlands,NLD,1996,700
Netherlands,NLD,1997,500
Netherlands,NLD,1998,100
Netherlands,NLD,1999,200
Netherlands,NLD,2000,200
Netherlands,NLD,2001,200
Netherlands,NLD,2002,200
Netherlands,NLD,2003,220
Netherlands,NLD,2004,250
Netherlands,NLD,2005,300
Netherlands,NLD,2006,350
Netherlands,NLD,2007,360
Netherlands,NLD,2008,370
Netherlands,NLD,2009,316.97
Netherlands,NLD,2010,313.05
Netherlands,NLD,2011,334.73
Netherlands,NLD,2012,329.29
Netherlands,NLD,2013,346.74
Netherlands,NLD,2014,309.45
Netherlands,NLD,2015,317.95
Netherlands,NLD,2016,341.2
Netherlands,NLD,2017,337.5
Netherlands,NLD,2018,8200
Netherlands,NLD,2019,7940
Netherlands,NLD,2020,8200
Netherlands,NLD,2021,8210
Netherlands,NLD,2022,8200
Netherlands,NLD,2023,8220
New Zealand,NZL,1961,428
New Zealand,NZL,1962,400
New Zealand,NZL,1963,520
New Zealand,NZL,1964,410
New Zealand,NZL,1965,400
New Zealand,NZL,1966,419
New Zealand,NZL,1967,400
New Zealand,NZL,1968,430
New Zealand,NZL,1969,438
New Zealand,NZL,1970,552
New Zealand,NZL,1971,457
New Zealand,NZL,1972,472
New Zealand,NZL,1973,562
New Zealand,NZL,1974,532
New Zealand,NZL,1975,568
New Zealand,NZL,1976,556
New Zealand,NZL,1977,389
New Zealand,NZL,1978,498
New Zealand,NZL,1979,520
New Zealand,NZL,1980,540
New Zealand,NZL,1981,749
New Zealand,NZL,1982,829
New Zealand,NZL,1983,810
New Zealand,NZL,1984,800
New Zealand,NZL,1985,850
New Zealand,NZL,1986,900
New Zealand,NZL,1987,1100
New Zealand,NZL,1988,1200
New Zealand,NZL,1989,1345
New Zealand,NZL,1990,1698
New Zealand,NZL,1991,1624
New Zealand,NZL,1992,1160
New Zealand,NZL,1993,1450
New Zealand,NZL,1994,1500
New Zealand,NZL,1995,2000
New Zealand,NZL,1996,1558.14
New Zealand,NZL,1997,1382.71
New Zealand,NZL,1998,1350
New Zealand,NZL,1999,600
New Zealand,NZL,2000,470
New Zealand,NZL,2001,750
New Zealand,NZL,2002,634
New Zealand,NZL,2003,1220
New Zealand,NZL,2004,2017
New Zealand,NZL,2005,1598
New Zealand,NZL,2006,1650
New Zealand,NZL,2007,1900
New Zealand,NZL,2008,1696.45
New Zealand,NZL,2009,1850
New Zealand,NZL,2010,1833.92
New Zealand,NZL,2011,1804.36
New Zealand,NZL,2012,2063.9
New Zealand,NZL,2013,2152.01
New Zealand,NZL,2014,2255.19
New Zealand,NZL,2015,2351.43
New Zealand,NZL,2016,2425.36
New Zealand,NZL,2017,2336.92
New Zealand,NZL,2018,3750
New Zealand,NZL,2019,2764.88
New Zealand,NZL,2020,3141.8
New Zealand,NZL,2021,3150.38
New Zealand,NZL,2022,3619.24
New Zealand,NZL,2023,3589.31
North Macedonia,MKD,1992,4465
North Macedonia,MKD,1993,3420
North Macedonia,MKD,1994,3499
North Macedonia,MKD,1995,3343
North Macedonia,MKD,1996,3479
North Macedonia,MKD,1997,2852
North Macedonia,MKD,1998,3535
North Macedonia,MKD,1999,3725
North Macedonia,MKD,2000,3346
North Macedonia,MKD,2001,2400
North Macedonia,MKD,2002,3180
North Macedonia,MKD,2003,2782
North Macedonia,MKD,2004,4017
North Macedonia,MKD,2005,4358
North Macedonia,MKD,2006,4646
North Macedonia,MKD,2007,4966
North Macedonia,MKD,2008,5631
North Macedonia,MKD,2009,5587
North Macedonia,MKD,2010,5701
North Macedonia,MKD,2011,6019
North Macedonia,MKD,2012,5539
North Macedonia,MKD,2013,6037
North Macedonia,MKD,2014,6324
North Macedonia,MKD,2015,6248
North Macedonia,MKD,2016,5574
North Macedonia,MKD,2017,4061
North Macedonia,MKD,2018,5824
North Macedonia,MKD,2019,6045
North Macedonia,MKD,2020,6258
North Macedonia,MKD,2021,4716
North Macedonia,MKD,2022,5768
North Macedonia,MKD,2023,3928
Norway,NOR,1961,3700
Norway,NOR,1962,4100
Norway,NOR,1963,4365
Norway,NOR,1964,4100
Norway,NOR,1965,3013
Norway,NOR,1966,2722
Norway,NOR,1967,2217
Norway,NOR,1968,4851
Norway,NOR,1969,4495
Norway,NOR,1970,4468
Norway,NOR,1971,4807
Norway,NOR,1972,4674
Norway,NOR,1973,2775
Norway,NOR,1974,5395
Norway,NOR,1975,4671
Norway,NOR,1976,5740
Norway,NOR,1977,4658
Norway,NOR,1978,5678
Norway,NOR,1979,5374
Norway,NOR,1980,6945
Norway,NOR,1981,6888
Norway,NOR,1982,7863
Norway,NOR,1983,6105
Norway,NOR,1984,10126
Norway,NOR,1985,9963
Norway,NOR,1986,8019
Norway,NOR,1987,8060
Norway,NOR,1988,9462
Norway,NOR,1989,7636
Norway,NOR,1990,1164.3
Norway,NOR,1991,1382
Norway,NOR,1992,1022
Norway,NOR,1993,1482
Norway,NOR,1994,1023
Norway,NOR,1995,1190
Norway,NOR,1996,956
Norway,NOR,1997,647
Norway,NOR,1998,844
Norway,NOR,1999,746
Norway,NOR,2000,1006
Norway,NOR,2001,620
Norway,NOR,2002,1066
Norway,NOR,2003,764
Norway,NOR,2004,1183
Norway,NOR,2005,842
Norway,NOR,2006,1377
Norway,NOR,2007,662
Norway,NOR,2008,895
Norway,NOR,2009,1247
Norway,NOR,2010,893
Norway,NOR,2011,549
Norway,NOR,2012,572
Norway,NOR,2013,684
Norway,NOR,2014,857
Norway,NOR,2015,612
Norway,NOR,2016,686
Norway,NOR,2017,623
Norway,NOR,2018,956
Norway,NOR,2019,693
Norway,NOR,2020,643
Norway,NOR,2021,899
Norway,NOR,2022,1125
Norway,NOR,2023,1117
Pakistan,PAK,1961,0
Pakistan,PAK,1962,0
Pakistan,PAK,1963,0
Pakistan,PAK,1964,0
Pakistan,PAK,1965,0
Pakistan,PAK,1966,0
Pakistan,PAK,1967,0
Pakistan,PAK,1968,0
Pakistan,PAK,1969,0
Pakistan,PAK,1970,0
Pakistan,PAK,1971,0
Pakistan,PAK,1972,0
Pakistan,PAK,1973,0
Pakistan,PAK,1974,0
Pakistan,PAK,1975,0
Pakistan,PAK,1976,0
Pakistan,PAK,1977,0
Pakistan,PAK,1978,0
Pakistan,PAK,1979,0
Pakistan,PAK,1980,170
Pakistan,PAK,1981,210
Pakistan,PAK,1982,240
Pakistan,PAK,1983,300
Pakistan,PAK,1984,360
Pakistan,PAK,1985,440
Pakistan,PAK,1986,490
Pakistan,PAK,1987,549
Pakistan,PAK,1988,573
Pakistan,PAK,1989,628
Pakistan,PAK,1990,659
Pakistan,PAK,1991,714
Pakistan,PAK,1992,963
Pakistan,PAK,1993,1213
Pakistan,PAK,1994,1519
Pakistan,PAK,1995,1700
Pakistan,PAK,1996,2020
Pakistan,PAK,1997,2054
Pakistan,PAK,1998,2115
Pakistan,PAK,1999,1279
Pakistan,PAK,2000,1563
Pakistan,PAK,2001,1585
Pakistan,PAK,2002,1500
Pakistan,PAK,2003,1965
Pakistan,PAK,2004,2017
Pakistan,PAK,2005,2080
Pakistan,PAK,2006,1629
Pakistan,PAK,2007,2321
Pakistan,PAK,2008,2314
Pakistan,PAK,2009,1976
Pakistan,PAK,2010,1973
Pakistan,PAK,2011,1973
Pakistan,PAK,2012,1999
Pakistan,PAK,2013,1981
Pakistan,PAK,2014,2027
Pakistan,PAK,2015,2083
Pakistan,PAK,2016,2140
Pakistan,PAK,2017,2067
Pakistan,PAK,2018,2096
Pakistan,PAK,2019,2366
Pakistan,PAK,2020,2442
Pakistan,PAK,2021,2753
Pakistan,PAK,2022,2875
Pakistan,PAK,2023,2875.87
Palestine,PSE,2000,22.52
Palestine,PSE,2001,60
Palestine,PSE,2002,433
Palestine,PSE,2003,71
Palestine,PSE,2004,1787
Palestine,PSE,2005,785
Palestine,PSE,2006,975
Palestine,PSE,2007,1119
Palestine,PSE,2008,1196
Palestine,PSE,2009,1050
Palestine,PSE,2010,601.43
Palestine,PSE,2011,968.5
Palestine,PSE,2012,1096.94
Palestine,PSE,2013,1094.22
Palestine,PSE,2014,1169.3
Palestine,PSE,2015,1208.45
Palestine,PSE,2016,1157.32
Palestine,PSE,2017,1178.35
Palestine,PSE,2018,1142.52
Palestine,PSE,2019,1173.9
Palestine,PSE,2020,1180.22
Palestine,PSE,2021,1029
Palestine,PSE,2022,1208.33
Palestine,PSE,2023,1253.25
Peru,PER,1970,1140
Peru,PER,1971,1198
Peru,PER,1972,1070
Peru,PER,1973,1057
Peru,PER,1974,1078
Peru,PER,1975,1045
Peru,PER,1976,710
Peru,PER,1977,303
Peru,PER,1978,290
Peru,PER,1979,281
Peru,PER,1980,480
Peru,PER,1981,573
Peru,PER,1982,600
Peru,PER,1983,659
Peru,PER,1984,766
Peru,PER,1985,1050
Peru,PER,1986,911
Peru,PER,1987,985
Peru,PER,1988,1078
Peru,PER,1989,1022
Peru,PER,1990,947
Peru,PER,1991,1004
Peru,PER,1992,1127
Peru,PER,1993,1219
Peru,PER,1994,175
Peru,PER,1995,181
Peru,PER,1996,214
Peru,PER,1997,222
Peru,PER,1998,204
Peru,PER,1999,330
Peru,PER,2000,359
Peru,PER,2001,387
Peru,PER,2002,414
Peru,PER,2003,465
Peru,PER,2004,490
Peru,PER,2005,501
Peru,PER,2006,496
Peru,PER,2007,356
Peru,PER,2008,252
Peru,PER,2009,265
Peru,PER,2010,17
Peru,PER,2011,10
Peru,PER,2012,10.28
Peru,PER,2013,5.17
Peru,PER,2014,3.4
Peru,PER,2015,4
Peru,PER,2016,4
Peru,PER,2017,3
Peru,PER,2018,4
Peru,PER,2019,3
Peru,PER,2020,2.92
Peru,PER,2021,3.09
Peru,PER,2022,2.64
Peru,PER,2023,2.93
Poland,POL,1961,36700
Poland,POL,1962,30900
Poland,POL,1963,16600
Poland,POL,1964,39300
Poland,POL,1965,26100
Poland,POL,1966,41600
Poland,POL,1967,27000
Poland,POL,1968,42900
Poland,POL,1969,37000
Poland,POL,1970,29200
Poland,POL,1971,19700
Poland,POL,1972,11700
Poland,POL,1973,26400
Poland,POL,1974,11200
Poland,POL,1975,21949
Poland,POL,1976,45129
Poland,POL,1977,32991
Poland,POL,1978,23868
Poland,POL,1979,32100
Poland,POL,1980,25166
Poland,POL,1981,19713
Poland,POL,1982,28564
Poland,POL,1983,38643
Poland,POL,1984,36565
Poland,POL,1985,30884
Poland,POL,1986,27642
Poland,POL,1987,3840
Poland,POL,1988,21554
Poland,POL,1989,16807
Poland,POL,1990,9348
Poland,POL,1991,16263
Poland,POL,1992,25651
Poland,POL,1993,31629
Poland,POL,1994,28851
Poland,POL,1995,35637
Poland,POL,1996,37188
Poland,POL,1997,35626
Poland,POL,1998,41042
Poland,POL,1999,35081
Poland,POL,2000,38554
Poland,POL,2001,44645
Poland,POL,2002,40756
Poland,POL,2003,44122
Poland,POL,2004,48442
Poland,POL,2005,37508
Poland,POL,2006,38364
Poland,POL,2007,20186
Poland,POL,2008,40818
Poland,POL,2009,50505
Poland,POL,2010,40134
Poland,POL,2011,37984
Poland,POL,2012,41063
Poland,POL,2013,47552
Poland,POL,2014,48070
Poland,POL,2015,48138
Poland,POL,2016,53773
Poland,POL,2017,19666
Poland,POL,2018,59960
Poland,POL,2019,44430
Poland,POL,2020,51300
Poland,POL,2021,59100
Poland,POL,2022,76600
Poland,POL,2023,68800
Portugal,PRT,1961,29600
Portugal,PRT,1962,31300
Portugal,PRT,1963,30600
Portugal,PRT,1964,34700
Portugal,PRT,1965,37800
Portugal,PRT,1966,35000
Portugal,PRT,1967,30000
Portugal,PRT,1968,21700
Portugal,PRT,1969,24000
Portugal,PRT,1970,21400
Portugal,PRT,1971,24000
Portugal,PRT,1972,24160
Portugal,PRT,1973,15680
Portugal,PRT,1974,14999
Portugal,PRT,1975,15433
Portugal,PRT,1976,21298
Portugal,PRT,1977,11714
Portugal,PRT,1978,10191
Portugal,PRT,1979,12127
Portugal,PRT,1980,11157
Portugal,PRT,1981,10900
Portugal,PRT,1982,13080
Portugal,PRT,1983,12950
Portugal,PRT,1984,12303
Portugal,PRT,1985,12672
Portugal,PRT,1986,9757
Portugal,PRT,1987,8000
Portugal,PRT,1988,5000
Portugal,PRT,1989,10506
Portugal,PRT,1990,11310
Portugal,PRT,1991,13570
Portugal,PRT,1992,15119
Portugal,PRT,1993,13131
Portugal,PRT,1994,11624
Portugal,PRT,1995,9520
Portugal,PRT,1996,11530
Portugal,PRT,1997,11471
Portugal,PRT,1998,4131
Portugal,PRT,1999,16730
Portugal,PRT,2000,8006
Portugal,PRT,2001,12483
Portugal,PRT,2002,19422
Portugal,PRT,2003,13930
Portugal,PRT,2004,15658
Portugal,PRT,2005,16373
Portugal,PRT,2006,15231
Portugal,PRT,2007,9562
Portugal,PRT,2008,10772
Portugal,PRT,2009,11975
Portugal,PRT,2010,9836
Portugal,PRT,2011,13350
Portugal,PRT,2012,10416
Portugal,PRT,2013,10776
Portugal,PRT,2014,10577
Portugal,PRT,2015,17714
Portugal,PRT,2016,17362
Portugal,PRT,2017,19563
Portugal,PRT,2018,17420
Portugal,PRT,2019,22000
Portugal,PRT,2020,9240
Portugal,PRT,2021,23930
Portugal,PRT,2022,24680
Portugal,PRT,2023,11810
Romania,ROU,1961,51300
Romania,ROU,1962,52500
Romania,ROU,1963,51400
Romania,ROU,1964,48700
Romania,ROU,1965,35800
Romania,ROU,1966,78500
Romania,ROU,1967,68300
Romania,ROU,1968,59861
Romania,ROU,1969,71700
Romania,ROU,1970,61133
Romania,ROU,1971,50900
Romania,ROU,1972,58300
Romania,ROU,1973,53900
Romania,ROU,1974,56070
Romania,ROU,1975,59153
Romania,ROU,1976,52731
Romania,ROU,1977,57100
Romania,ROU,1978,66584
Romania,ROU,1979,96161
Romania,ROU,1980,67100
Romania,ROU,1981,62294
Romania,ROU,1982,87689
Romania,ROU,1983,93419
Romania,ROU,1984,96591
Romania,ROU,1985,88500
Romania,ROU,1986,82600
Romania,ROU,1987,73900
Romania,ROU,1988,79200
Romania,ROU,1989,79900
Romania,ROU,1990,67700
Romania,ROU,1991,59571
Romania,ROU,1992,73012
Romania,ROU,1993,106368
Romania,ROU,1994,70412
Romania,ROU,1995,60500
Romania,ROU,1996,89274
Romania,ROU,1997,73837
Romania,ROU,1998,77920
Romania,ROU,1999,71622
Romania,ROU,2000,73739
Romania,ROU,2001,91188
Romania,ROU,2002,66338
Romania,ROU,2003,98504
Romania,ROU,2004,50988
Romania,ROU,2005,117859
Romania,ROU,2006,104791
Romania,ROU,2007,65163
Romania,ROU,2008,67664
Romania,ROU,2009,67874
Romania,ROU,2010,70290
Romania,ROU,2011,81842
Romania,ROU,2012,70542
Romania,ROU,2013,80477
Romania,ROU,2014,82808
Romania,ROU,2015,75503
Romania,ROU,2016,73834
Romania,ROU,2017,58474
Romania,ROU,2018,49100
Romania,ROU,2019,39140
Romania,ROU,2020,37640
Romania,ROU,2021,40670
Romania,ROU,2022,34320
Romania,ROU,2023,36560
Russia,RUS,1992,78250
Russia,RUS,1993,79800
Russia,RUS,1994,59500
Russia,RUS,1995,62000
Russia,RUS,1996,85000
Russia,RUS,1997,80000
Russia,RUS,1998,52000
Russia,RUS,1999,54000
Russia,RUS,2000,85000
Russia,RUS,2001,88000
Russia,RUS,2002,85000
Russia,RUS,2003,90000
Russia,RUS,2004,100000
Russia,RUS,2005,93000
Russia,RUS,2006,50000
Russia,RUS,2007,100000
Russia,RUS,2008,73000
Russia,RUS,2009,76000
Russia,RUS,2010,66500
Russia,RUS,2011,76000
Russia,RUS,2012,72000
Russia,RUS,2013,78000
Russia,RUS,2014,77000
Russia,RUS,2015,41600
Russia,RUS,2016,42500
Russia,RUS,2017,37300
Russia,RUS,2018,46400
Russia,RUS,2019,48700
Russia,RUS,2020,51000
Russia,RUS,2021,55300
Russia,RUS,2022,59400
Russia,RUS,2023,56568.73
Serbia,SRB,2006,23302
Serbia,SRB,2007,28546
Serbia,SRB,2008,29551
Serbia,SRB,2009,29228
Serbia,SRB,2010,22201
Serbia,SRB,2011,28551
Serbia,SRB,2012,18183.72
Serbia,SRB,2013,22634.84
Serbia,SRB,2014,20008
Serbia,SRB,2015,23041.16
Serbia,SRB,2016,20696.55
Serbia,SRB,2017,27322.8
Serbia,SRB,2018,19153
Serbia,SRB,2019,17139
Serbia,SRB,2020,14961.47
Serbia,SRB,2021,15863
Serbia,SRB,2022,22947
Serbia,SRB,2023,15575.72
Serbia and Montenegro,SCG,1992,30919
Serbia and Montenegro,SCG,1993,30941
Serbia and Montenegro,SCG,1994,30644
Serbia and Montenegro,SCG,1995,24731
Serbia and Montenegro,SCG,1996,31929
Serbia and Montenegro,SCG,1997,20807
Serbia and Montenegro,SCG,1998,26117
Serbia and Montenegro,SCG,1999,27604
Serbia and Montenegro,SCG,2000,22690
Serbia and Montenegro,SCG,2001,21635
Serbia and Montenegro,SCG,2002,17257
Serbia and Montenegro,SCG,2003,27158
Serbia and Montenegro,SCG,2004,32295
Serbia and Montenegro,SCG,2005,21509
Slovakia,SVK,1993,6865
Slovakia,SVK,1994,7650
Slovakia,SVK,1995,4961
Slovakia,SVK,1996,5214
Slovakia,SVK,1997,5145
Slovakia,SVK,1998,7850
Slovakia,SVK,1999,5142
Slovakia,SVK,2000,3937
Slovakia,SVK,2001,3898
Slovakia,SVK,2002,3618
Slovakia,SVK,2003,1992
Slovakia,SVK,2004,1319
Slovakia,SVK,2005,1413
Slovakia,SVK,2006,1572
Slovakia,SVK,2007,1676
Slovakia,SVK,2008,1863
Slovakia,SVK,2009,1769
Slovakia,SVK,2010,1920
Slovakia,SVK,2011,1223.16
Slovakia,SVK,2012,413
Slovakia,SVK,2013,451
Slovakia,SVK,2014,934
Slovakia,SVK,2015,902
Slovakia,SVK,2016,603
Slovakia,SVK,2017,893
Slovakia,SVK,2018,910
Slovakia,SVK,2019,680
Slovakia,SVK,2022,680
Slovenia,SVN,1992,2255
Slovenia,SVN,1993,2304
Slovenia,SVN,1994,4536
Slovenia,SVN,1995,4058
Slovenia,SVN,1996,3314
Slovenia,SVN,1997,1936
Slovenia,SVN,1998,2345
Slovenia,SVN,1999,2679
Slovenia,SVN,2000,3272
Slovenia,SVN,2001,2384
Slovenia,SVN,2002,3501
Slovenia,SVN,2003,3007
Slovenia,SVN,2004,4103
Slovenia,SVN,2005,3124
Slovenia,SVN,2006,3659
Slovenia,SVN,2007,3483
Slovenia,SVN,2008,2635
Slovenia,SVN,2009,3951
Slovenia,SVN,2010,2958
Slovenia,SVN,2011,4235
Slovenia,SVN,2012,2786
Slovenia,SVN,2013,5390
Slovenia,SVN,2014,5258
Slovenia,SVN,2015,5580
Slovenia,SVN,2016,4079
Slovenia,SVN,2017,1195
Slovenia,SVN,2018,1210
Slovenia,SVN,2019,680
Slovenia,SVN,2020,1970
Slovenia,SVN,2021,180
Slovenia,SVN,2022,1700
Slovenia,SVN,2023,580
South Africa,ZAF,1961,446
South Africa,ZAF,1962,342
South Africa,ZAF,1963,299
South Africa,ZAF,1964,500
South Africa,ZAF,1965,706
South Africa,ZAF,1966,401
South Africa,ZAF,1967,551
South Africa,ZAF,1968,326
South Africa,ZAF,1969,764
South Africa,ZAF,1970,567
South Africa,ZAF,1971,420
South Africa,ZAF,1972,661
South Africa,ZAF,1973,643
South Africa,ZAF,1974,413
South Africa,ZAF,1975,473
South Africa,ZAF,1976,408
South Africa,ZAF,1977,263
South Africa,ZAF,1978,288
South Africa,ZAF,1979,138
South Africa,ZAF,1980,675
South Africa,ZAF,1981,439
South Africa,ZAF,1982,577
South Africa,ZAF,1983,810
South Africa,ZAF,1984,297
South Africa,ZAF,1985,535
South Africa,ZAF,1986,258
South Africa,ZAF,1987,281
South Africa,ZAF,1988,1811
South Africa,ZAF,1989,788
South Africa,ZAF,1990,260
South Africa,ZAF,1991,1823
South Africa,ZAF,1992,231
South Africa,ZAF,1993,1054
South Africa,ZAF,1994,328
South Africa,ZAF,1995,474
South Africa,ZAF,1996,309
South Africa,ZAF,1997,952
South Africa,ZAF,1998,931
South Africa,ZAF,1999,1066
South Africa,ZAF,2000,1279
South Africa,ZAF,2001,946
South Africa,ZAF,2002,932
South Africa,ZAF,2003,286
South Africa,ZAF,2004,538
South Africa,ZAF,2005,385
South Africa,ZAF,2006,177
South Africa,ZAF,2007,206
South Africa,ZAF,2008,272
South Africa,ZAF,2009,466
South Africa,ZAF,2010,290
South Africa,ZAF,2011,341
South Africa,ZAF,2012,302
South Africa,ZAF,2013,353
South Africa,ZAF,2014,299
South Africa,ZAF,2015,485
South Africa,ZAF,2016,425
South Africa,ZAF,2017,245
South Africa,ZAF,2018,410
South Africa,ZAF,2019,524
South Africa,ZAF,2020,836
South Africa,ZAF,2021,1132
South Africa,ZAF,2022,1726
South Africa,ZAF,2023,1796.86
Spain,ESP,1961,47400
Spain,ESP,1962,43900
Spain,ESP,1963,56800
Spain,ESP,1964,51900
Spain,ESP,1965,49600
Spain,ESP,1966,49400
Spain,ESP,1967,46700
Spain,ESP,1968,55424
Spain,ESP,1969,51700
Spain,ESP,1970,52600
Spain,ESP,1971,50500
Spain,ESP,1972,58000
Spain,ESP,1973,69200
Spain,ESP,1974,75400
Spain,ESP,1975,66400
Spain,ESP,1976,77800
Spain,ESP,1977,53000
Spain,ESP,1978,75600
Spain,ESP,1979,80800
Spain,ESP,1980,79700
Spain,ESP,1981,75300
Spain,ESP,1982,72400
Spain,ESP,1983,73600
Spain,ESP,1984,77800
Spain,ESP,1985,79579
Spain,ESP,1986,63900
Spain,ESP,1987,68700
Spain,ESP,1988,42900
Spain,ESP,1989,64700
Spain,ESP,1990,54900
Spain,ESP,1991,73100
Spain,ESP,1992,89200
Spain,ESP,1993,81900
Spain,ESP,1994,70200
Spain,ESP,1995,55500
Spain,ESP,1996,74500
Spain,ESP,1997,64400
Spain,ESP,1998,60280
Spain,ESP,1999,108650
Spain,ESP,2000,112900
Spain,ESP,2001,85600
Spain,ESP,2002,113100
Spain,ESP,2003,105700
Spain,ESP,2004,81300
Spain,ESP,2005,92600
Spain,ESP,2006,88200
Spain,ESP,2007,73200
Spain,ESP,2008,69700
Spain,ESP,2009,97645
Spain,ESP,2010,85192
Spain,ESP,2011,101945
Spain,ESP,2012,96946
Spain,ESP,2013,97200
Spain,ESP,2014,118220
Spain,ESP,2015,94145
Spain,ESP,2016,100503
Spain,ESP,2017,114433
Spain,ESP,2018,106580
Spain,ESP,2019,118380
Spain,ESP,2020,82130
Spain,ESP,2021,125810
Spain,ESP,2022,116070
Spain,ESP,2023,104470
Suriname,SUR,2010,260
Suriname,SUR,2011,601
Suriname,SUR,2012,572
Suriname,SUR,2013,693
Suriname,SUR,2014,692
Suriname,SUR,2015,907
Suriname,SUR,2016,902
Suriname,SUR,2017,916
Suriname,SUR,2018,1256
Suriname,SUR,2019,1241
Suriname,SUR,2020,1347
Suriname,SUR,2021,1807
Suriname,SUR,2022,1850.94
Suriname,SUR,2023,1983.99
Sweden,SWE,1961,998
Sweden,SWE,1962,1362
Sweden,SWE,1963,1523
Sweden,SWE,1964,1811
Sweden,SWE,1965,987
Sweden,SWE,1966,1060
Sweden,SWE,1967,1325
Sweden,SWE,1968,1376
Sweden,SWE,1969,1258
Sweden,SWE,1970,1900
Sweden,SWE,1971,1500
Sweden,SWE,1972,1400
Sweden,SWE,1973,1400
Sweden,SWE,1974,1000
Sweden,SWE,1975,1370
Sweden,SWE,1976,1410
Sweden,SWE,1977,1030
Sweden,SWE,1978,1030
Sweden,SWE,1979,1340
Sweden,SWE,1980,1340
Sweden,SWE,1981,1472
Sweden,SWE,1982,1300
Sweden,SWE,1983,1200
Sweden,SWE,1984,1100
Sweden,SWE,1985,1200
Sweden,SWE,1986,1306
Sweden,SWE,1987,826
Sweden,SWE,1988,1045
Sweden,SWE,1989,100
Sweden,SWE,1990,92
Switzerland,CHE,1961,62000
Switzerland,CHE,1962,55000
Switzerland,CHE,1963,55000
Switzerland,CHE,1964,52000
Switzerland,CHE,1965,46000
Switzerland,CHE,1966,52000
Switzerland,CHE,1967,45000
Switzerland,CHE,1968,51000
Switzerland,CHE,1969,45000
Switzerland,CHE,1970,47000
Switzerland,CHE,1971,49000
Switzerland,CHE,1972,32000
Switzerland,CHE,1973,40000
Switzerland,CHE,1974,37000
Switzerland,CHE,1975,49000
Switzerland,CHE,1976,54000
Switzerland,CHE,1977,26500
Switzerland,CHE,1978,44500
Switzerland,CHE,1979,63000
Switzerland,CHE,1980,39000
Switzerland,CHE,1981,27000
Switzerland,CHE,1982,56000
Switzerland,CHE,1983,39000
Switzerland,CHE,1984,46000
Switzerland,CHE,1985,37000
Switzerland,CHE,1986,35000
Switzerland,CHE,1987,34000
Switzerland,CHE,1988,26800
Switzerland,CHE,1989,24100
Switzerland,CHE,1990,24301
Switzerland,CHE,1991,13600
Switzerland,CHE,1992,32449
Switzerland,CHE,1993,22811
Switzerland,CHE,1994,18291
Switzerland,CHE,1995,24581
Switzerland,CHE,1996,22351
Switzerland,CHE,1997,12887
Switzerland,CHE,1998,24053
Switzerland,CHE,1999,15230
Switzerland,CHE,2000,19065
Switzerland,CHE,2001,9865
Switzerland,CHE,2002,15017
Switzerland,CHE,2003,13977
Switzerland,CHE,2004,14823
Switzerland,CHE,2005,9984
Switzerland,CHE,2006,7877
Switzerland,CHE,2007,12138
Switzerland,CHE,2008,6281
Switzerland,CHE,2009,12144
Switzerland,CHE,2010,7301
Switzerland,CHE,2011,14560
Switzerland,CHE,2012,4628
Switzerland,CHE,2013,5573
Switzerland,CHE,2014,13148
Switzerland,CHE,2015,7678
Switzerland,CHE,2016,5685
Switzerland,CHE,2017,4498
Switzerland,CHE,2018,11391
Switzerland,CHE,2019,10184
Switzerland,CHE,2020,8780
Switzerland,CHE,2021,4096.1
Switzerland,CHE,2022,5444.72
Switzerland,CHE,2023,4464.33
Syria,SYR,1961,675
Syria,SYR,1962,896
Syria,SYR,1963,628
Syria,SYR,1964,1306
Syria,SYR,1965,1222
Syria,SYR,1966,1785
Syria,SYR,1967,1472
Syria,SYR,1968,1529
Syria,SYR,1969,1019
Syria,SYR,1970,1889
Syria,SYR,1971,1455
Syria,SYR,1972,7005
Syria,SYR,1973,7336
Syria,SYR,1974,3739
Syria,SYR,1975,5124
Syria,SYR,1976,6514
Syria,SYR,1977,13784
Syria,SYR,1978,12923
Syria,SYR,1979,11455
Syria,SYR,1980,9756
Syria,SYR,1981,10733
Syria,SYR,1982,20792
Syria,SYR,1983,17000
Syria,SYR,1984,17500
Syria,SYR,1985,22111
Syria,SYR,1986,20700
Syria,SYR,1987,18900
Syria,SYR,1988,29100
Syria,SYR,1989,26500
Syria,SYR,1990,19400
Syria,SYR,1991,20200
Syria,SYR,1992,41814
Syria,SYR,1993,36400
Syria,SYR,1994,32344
Syria,SYR,1995,40800
Syria,SYR,1996,39973
Syria,SYR,1997,41315
Syria,SYR,1998,56003
Syria,SYR,1999,54112
Syria,SYR,2000,56285
Syria,SYR,2001,50795
Syria,SYR,2002,39728
Syria,SYR,2003,54800
Syria,SYR,2004,35400
Syria,SYR,2005,53441
Syria,SYR,2006,62966
Syria,SYR,2007,75034
Syria,SYR,2008,48300
Syria,SYR,2009,56886
Syria,SYR,2010,58084
Syria,SYR,2011,62195
Syria,SYR,2012,82341
Syria,SYR,2013,62373
Syria,SYR,2014,54211
Syria,SYR,2015,70242
Syria,SYR,2016,76268
Syria,SYR,2017,68106
Syria,SYR,2018,61117.07
Syria,SYR,2019,66039
Syria,SYR,2020,42206
Syria,SYR,2021,44342.9
Syria,SYR,2022,71546
Syria,SYR,2023,72694
Tunisia,TUN,1990,1000
Tunisia,TUN,1991,1100
Tunisia,TUN,1992,1200
Tunisia,TUN,1993,1300
Tunisia,TUN,1994,1400
Tunisia,TUN,1995,1500
Tunisia,TUN,1996,1700
Tunisia,TUN,1997,1900
Tunisia,TUN,1998,2100
Tunisia,TUN,1999,2300
Tunisia,TUN,2000,2600
Tunisia,TUN,2001,2900
Tunisia,TUN,2002,3100
Tunisia,TUN,2003,4000
Tunisia,TUN,2004,3100
Tunisia,TUN,2005,3500
Tunisia,TUN,2006,4550
Tunisia,TUN,2007,4500
Tunisia,TUN,2008,4200
Tunisia,TUN,2009,4900
Tunisia,TUN,2010,5500
Tunisia,TUN,2011,7000
Tunisia,TUN,2012,5250
Tunisia,TUN,2013,5300
Tunisia,TUN,2014,4000
Tunisia,TUN,2015,4471.9
Tunisia,TUN,2016,4590.63
Tunisia,TUN,2017,4354.18
Tunisia,TUN,2018,4536.39
Tunisia,TUN,2019,4707.21
Tunisia,TUN,2020,4661.99
Tunisia,TUN,2021,4514.75
Tunisia,TUN,2022,4472.92
Tunisia,TUN,2023,4431.08
Turkey,TUR,1961,48000
Turkey,TUR,1962,37600
Turkey,TUR,1963,40750
Turkey,TUR,1964,44000
Turkey,TUR,1965,47000
Turkey,TUR,1966,44000
Turkey,TUR,1967,50000
Turkey,TUR,1968,54000
Turkey,TUR,1969,54000
Turkey,TUR,1970,59000
Turkey,TUR,1971,55000
Turkey,TUR,1972,65000
Turkey,TUR,1973,66000
Turkey,TUR,1974,67000
Turkey,TUR,1975,73000
Turkey,TUR,1976,85000
Turkey,TUR,1977,91000
Turkey,TUR,1978,91000
Turkey,TUR,1979,92000
Turkey,TUR,1980,96000
Turkey,TUR,1981,95000
Turkey,TUR,1982,105000
Turkey,TUR,1983,110000
Turkey,TUR,1984,105000
Turkey,TUR,1985,130000
Turkey,TUR,1986,140000
Turkey,TUR,1987,120000
Turkey,TUR,1988,135000
Turkey,TUR,1989,134000
Turkey,TUR,1990,143000
Turkey,TUR,1991,150000
Turkey,TUR,1992,155000
Turkey,TUR,1993,155000
Turkey,TUR,1994,160000
Turkey,TUR,1995,186000
Turkey,TUR,1996,200000
Turkey,TUR,1997,215000
Turkey,TUR,1998,195000
Turkey,TUR,1999,250000
Turkey,TUR,2000,230000
Turkey,TUR,2001,250000
Turkey,TUR,2002,210000
Turkey,TUR,2003,265000
Turkey,TUR,2004,245000
Turkey,TUR,2005,280000
Turkey,TUR,2006,310254
Turkey,TUR,2007,398141
Turkey,TUR,2008,338361
Turkey,TUR,2009,417694
Turkey,TUR,2010,417905
Turkey,TUR,2011,438550
Turkey,TUR,2012,470887
Turkey,TUR,2013,494325
Turkey,TUR,2014,445556
Turkey,TUR,2015,535600
Turkey,TUR,2016,599650
Turkey,TUR,2017,627132
Turkey,TUR,2018,639564
Turkey,TUR,2019,664224
Turkey,TUR,2020,724944
Turkey,TUR,2021,689834
Turkey,TUR,2022,656041
Turkey,TUR,2023,736791
USSR,SUN,1961,45000
USSR,SUN,1962,48000
USSR,SUN,1963,61000
USSR,SUN,1964,68000
USSR,SUN,1965,70000
USSR,SUN,1966,53000
USSR,SUN,1967,66000
USSR,SUN,1968,86000
USSR,SUN,1969,53000
USSR,SUN,1970,91000
USSR,SUN,1971,110000
USSR,SUN,1972,61000
USSR,SUN,1973,93000
USSR,SUN,1974,106000
USSR,SUN,1975,119000
USSR,SUN,1976,122000
USSR,SUN,1977,122000
USSR,SUN,1978,116000
USSR,SUN,1979,116000
USSR,SUN,1980,95000
USSR,SUN,1981,117000
USSR,SUN,1982,120000
USSR,SUN,1983,145000
USSR,SUN,1984,120000
USSR,SUN,1985,125000
USSR,SUN,1986,156000
USSR,SUN,1987,135000
USSR,SUN,1988,135000
USSR,SUN,1989,138000
USSR,SUN,1990,135000
USSR,SUN,1991,124000
Ukraine,UKR,1992,68000
Ukraine,UKR,1993,75500
Ukraine,UKR,1994,40000
Ukraine,UKR,1995,46600
Ukraine,UKR,1996,66800
Ukraine,UKR,1997,50200
Ukraine,UKR,1998,50000
Ukraine,UKR,1999,38700
Ukraine,UKR,2000,76200
Ukraine,UKR,2001,54900
Ukraine,UKR,2002,72500
Ukraine,UKR,2003,73800
Ukraine,UKR,2004,85300
Ukraine,UKR,2005,100200
Ukraine,UKR,2006,48900
Ukraine,UKR,2007,68200
Ukraine,UKR,2008,74700
Ukraine,UKR,2009,53000
Ukraine,UKR,2010,73000
Ukraine,UKR,2011,72800
Ukraine,UKR,2012,72600
Ukraine,UKR,2013,81200
Ukraine,UKR,2014,67330
Ukraine,UKR,2015,76640
Ukraine,UKR,2016,63320
Ukraine,UKR,2017,70860
Ukraine,UKR,2018,84640
Ukraine,UKR,2019,68640
Ukraine,UKR,2020,63550
Ukraine,UKR,2021,61850
Ukraine,UKR,2022,58180
Ukraine,UKR,2023,53230
United Kingdom,GBR,1961,15139
United Kingdom,GBR,1962,22048
United Kingdom,GBR,1963,13107
United Kingdom,GBR,1964,14123
United Kingdom,GBR,1965,9754
United Kingdom,GBR,1966,5080
United Kingdom,GBR,1967,2641
United Kingdom,GBR,1968,3658
United Kingdom,GBR,1969,4400
United Kingdom,GBR,1970,14000
United Kingdom,GBR,1971,11500
United Kingdom,GBR,1972,12600
United Kingdom,GBR,1973,7700
United Kingdom,GBR,1974,9700
United Kingdom,GBR,1975,7100
United Kingdom,GBR,1976,8600
United Kingdom,GBR,1977,2900
United Kingdom,GBR,1978,3600
United Kingdom,GBR,1979,6200
United Kingdom,GBR,1980,7100
United Kingdom,GBR,1981,2800
United Kingdom,GBR,1982,6800
United Kingdom,GBR,1983,2900
United Kingdom,GBR,1984,5400
United Kingdom,GBR,1985,4788
United Kingdom,GBR,1986,3768
United Kingdom,GBR,1987,3630
United Kingdom,GBR,1988,1600
United Kingdom,GBR,1989,3433
United Kingdom,GBR,1990,1582
United Kingdom,GBR,1991,2246
United Kingdom,GBR,1992,4500
United Kingdom,GBR,1993,3000
United Kingdom,GBR,1994,1500
United Kingdom,GBR,1995,3500
United Kingdom,GBR,1996,3600
United Kingdom,GBR,1997,600
United Kingdom,GBR,1998,900
United Kingdom,GBR,1999,1300
United Kingdom,GBR,2000,400
United Kingdom,GBR,2001,1400
United Kingdom,GBR,2002,1300
United Kingdom,GBR,2003,1000
United Kingdom,GBR,2004,1100
United Kingdom,GBR,2005,1100
United Kingdom,GBR,2006,1100
United Kingdom,GBR,2007,1220
United Kingdom,GBR,2008,1200
United Kingdom,GBR,2009,1250
United Kingdom,GBR,2010,1200
United Kingdom,GBR,2011,1501
United Kingdom,GBR,2012,1662
United Kingdom,GBR,2013,3462
United Kingdom,GBR,2014,3990
United Kingdom,GBR,2015,4700
United Kingdom,GBR,2016,1700
United Kingdom,GBR,2017,6484
United Kingdom,GBR,2018,3568
United Kingdom,GBR,2019,5745
United Kingdom,GBR,2020,5647
United Kingdom,GBR,2021,3167.13
United Kingdom,GBR,2022,3817.48
United Kingdom,GBR,2023,3926.77
United States,USA,1961,93213
United States,USA,1962,100516
United States,USA,1963,63684
United States,USA,1964,108435
United States,USA,1965,79487
United States,USA,1966,105142
United States,USA,1967,99929
United States,USA,1968,82453
United States,USA,1969,116400
United States,USA,1970,110912
United States,USA,1971,128176
United States,USA,1972,87135
United States,USA,1973,143906
United States,USA,1974,133337
United States,USA,1975,141429
United States,USA,1976,156851
United States,USA,1977,135079
United States,USA,1978,142250
United States,USA,1979,165110
United States,USA,1980,155760
United States,USA,1981,140200
United States,USA,1982,142070
United States,USA,1983,164380
United States,USA,1984,164930
United States,USA,1985,120200
United States,USA,1986,125000
United States,USA,1987,195000
United States,USA,1988,168700
United States,USA,1989,175000
United States,USA,1990,142180
United States,USA,1991,134800
United States,USA,1992,186300
United States,USA,1993,152950
United States,USA,1994,188060
United States,USA,1995,150140
United States,USA,1996,139800
United States,USA,1997,205000
United States,USA,1998,178624
United States,USA,1999,196042
United States,USA,2000,185070
United States,USA,2001,209010
United States,USA,2002,164564
United States,USA,2003,160844
United States,USA,2004,256824
United States,USA,2005,227522
United States,USA,2006,266349
United States,USA,2007,281862
United States,USA,2008,225073
United States,USA,2009,401792
United States,USA,2010,284148
United States,USA,2011,303377
United States,USA,2012,384647
United States,USA,2013,301276
United States,USA,2014,329852
United States,USA,2015,306991
United States,USA,2016,315454
United States,USA,2017,396940
United States,USA,2018,312430
United States,USA,2019,319870
United States,USA,2020,294930
United States,USA,2021,333210
United States,USA,2022,202570
United States,USA,2023,321420
Uzbekistan,UZB,1992,18000
Uzbekistan,UZB,1993,16030.26
Uzbekistan,UZB,1994,17000
Uzbekistan,UZB,1995,18000
Uzbekistan,UZB,1996,20000
Uzbekistan,UZB,1997,17000
Uzbekistan,UZB,1998,15000
Uzbekistan,UZB,1999,12600
Uzbekistan,UZB,2000,19800
Uzbekistan,UZB,2001,20500
Uzbekistan,UZB,2002,21400
Uzbekistan,UZB,2003,19500
Uzbekistan,UZB,2004,14500
Uzbekistan,UZB,2005,22000
Uzbekistan,UZB,2006,53605
Uzbekistan,UZB,2007,55000
Uzbekistan,UZB,2008,61000
Uzbekistan,UZB,2009,67000
Uzbekistan,UZB,2010,75000
Uzbekistan,UZB,2011,56481
Uzbekistan,UZB,2012,62000
Uzbekistan,UZB,2013,70000
Uzbekistan,UZB,2014,80000
Uzbekistan,UZB,2015,90000
Uzbekistan,UZB,2016,111855.31
Uzbekistan,UZB,2017,136609
Uzbekistan,UZB,2018,172035
Uzbekistan,UZB,2019,175861
Uzbekistan,UZB,2020,185068
Uzbekistan,UZB,2021,213600
Uzbekistan,UZB,2022,216866.88
Uzbekistan,UZB,2023,218866.75
Yugoslavia,YUG,1961,67800
Yugoslavia,YUG,1962,61100
Yugoslavia,YUG,1963,58600
Yugoslavia,YUG,1964,56300
Yugoslavia,YUG,1965,41500
Yugoslavia,YUG,1966,51500
Yugoslavia,YUG,1967,47500
Yugoslavia,YUG,1968,49600
Yugoslavia,YUG,1969,49945
Yugoslavia,YUG,1970,53802
Yugoslavia,YUG,1971,59166
Yugoslavia,YUG,1972,50387
Yugoslavia,YUG,1973,51565
Yugoslavia,YUG,1974,55513
Yugoslavia,YUG,1975,55335
Yugoslavia,YUG,1976,50384
Yugoslavia,YUG,1977,40169
Yugoslavia,YUG,1978,42370
Yugoslavia,YUG,1979,46766
Yugoslavia,YUG,1980,36722
Yugoslavia,YUG,1981,60352
Yugoslavia,YUG,1982,56590
Yugoslavia,YUG,1983,68573
Yugoslavia,YUG,1984,53074
Yugoslavia,YUG,1985,53089
Yugoslavia,YUG,1986,48832
Yugoslavia,YUG,1987,57787
Yugoslavia,YUG,1988,60441
Yugoslavia,YUG,1989,66926
Yugoslavia,YUG,1990,61957
Yugoslavia,YUG,1991,57094
