Entity,Code,Year,Artichokes | 00000366 || Production | 005510 || tonnes
Algeria,DZA,1961,38000
Algeria,DZA,1962,37000
Algeria,DZA,1963,40000
Algeria,DZA,1964,28000
Algeria,DZA,1965,44000
Algeria,DZA,1966,31553
Algeria,DZA,1967,26945
Algeria,DZA,1968,31733
Algeria,DZA,1969,29838
Algeria,DZA,1970,39136
Algeria,DZA,1971,44974
Algeria,DZA,1972,18737
Algeria,DZA,1973,29361
Algeria,DZA,1974,29478
Algeria,DZA,1975,27068
Algeria,DZA,1976,34349
Algeria,DZA,1977,17768
Algeria,DZA,1978,20616
Algeria,DZA,1979,22248
Algeria,DZA,1980,13922
Algeria,DZA,1981,8054
Algeria,DZA,1982,3740
Algeria,DZA,1983,8770
Algeria,DZA,1984,10464
Algeria,DZA,1985,3100
Algeria,DZA,1986,4485
Algeria,DZA,1987,5980
Algeria,DZA,1988,6248
Algeria,DZA,1989,7615
Algeria,DZA,1990,6250
Algeria,DZA,1991,4703
Algeria,DZA,1992,7588
Algeria,DZA,1993,4872
Algeria,DZA,1994,5687
Algeria,DZA,1995,7169
Algeria,DZA,1996,19400
Algeria,DZA,1997,31052
Algeria,DZA,1998,45225
Algeria,DZA,1999,30132
Algeria,DZA,2000,39480
Algeria,DZA,2001,35207
Algeria,DZA,2002,34449
Algeria,DZA,2003,34721
Algeria,DZA,2004,50460
Algeria,DZA,2005,37030
Algeria,DZA,2006,25595
Algeria,DZA,2007,22856
Algeria,DZA,2008,34289
Algeria,DZA,2009,39535
Algeria,DZA,2010,47582
Algeria,DZA,2011,46808
Algeria,DZA,2012,53657
Algeria,DZA,2013,83374
Algeria,DZA,2014,81106
Algeria,DZA,2015,91592
Algeria,DZA,2016,97524
Algeria,DZA,2017,108560
Algeria,DZA,2018,124659.1
Algeria,DZA,2019,119636
Algeria,DZA,2020,126762.2
Algeria,DZA,2021,120932
Algeria,DZA,2022,124352.88
Algeria,DZA,2023,139912.08
Argentina,ARG,1961,18000
Argentina,ARG,1962,18300
Argentina,ARG,1963,14650
Argentina,ARG,1964,14050
Argentina,ARG,1965,19500
Argentina,ARG,1966,45850
Argentina,ARG,1967,52146
Argentina,ARG,1968,62400
Argentina,ARG,1969,65200
Argentina,ARG,1970,67600
Argentina,ARG,1971,69950
Argentina,ARG,1972,81500
Argentina,ARG,1973,75700
Argentina,ARG,1974,80800
Argentina,ARG,1975,83220
Argentina,ARG,1976,50000
Argentina,ARG,1977,51800
Argentina,ARG,1978,53300
Argentina,ARG,1979,55600
Argentina,ARG,1980,58800
Argentina,ARG,1981,61500
Argentina,ARG,1982,78300
Argentina,ARG,1983,76730
Argentina,ARG,1984,60900
Argentina,ARG,1985,76600
Argentina,ARG,1986,62900
Argentina,ARG,1987,76000
Argentina,ARG,1988,70000
Argentina,ARG,1989,70000
Argentina,ARG,1990,72000
Argentina,ARG,1991,71578.6
Argentina,ARG,1992,73000
Argentina,ARG,1993,73919.33
Argentina,ARG,1994,74000
Argentina,ARG,1995,75000
Argentina,ARG,1996,77573.94
Argentina,ARG,1997,77740.66
Argentina,ARG,1998,77551.14
Argentina,ARG,1999,77331.26
Argentina,ARG,2000,75425.44
Argentina,ARG,2001,73768.79
Argentina,ARG,2002,71989.13
Argentina,ARG,2003,70106.51
Argentina,ARG,2004,68140.66
Argentina,ARG,2005,66111.23
Argentina,ARG,2006,64037.8
Argentina,ARG,2007,61745.09
Argentina,ARG,2008,56698.6
Argentina,ARG,2009,54321.46
Argentina,ARG,2010,51948.33
Argentina,ARG,2011,49616.31
Argentina,ARG,2012,47356.26
Argentina,ARG,2013,45191.46
Argentina,ARG,2014,43143.14
Argentina,ARG,2015,41231.89
Argentina,ARG,2016,39478.25
Argentina,ARG,2017,37720.1
Argentina,ARG,2018,36223.82
Argentina,ARG,2019,35000
Argentina,ARG,2020,35500
Argentina,ARG,2021,35638.65
Argentina,ARG,2022,31112.01
Argentina,ARG,2023,29650.78
Belgium,BEL,2018,0
Belgium,BEL,2019,0
Belgium,BEL,2020,0
Belgium,BEL,2021,0
Belgium,BEL,2022,0
Belgium,BEL,2023,0
Bulgaria,BGR,2018,290
Bulgaria,BGR,2019,180
Bulgaria,BGR,2020,650
Bulgaria,BGR,2022,0
Chile,CHL,1961,22000
Chile,CHL,1962,24000
Chile,CHL,1963,24000
Chile,CHL,1964,25000
Chile,CHL,1965,25000
Chile,CHL,1966,26000
Chile,CHL,1967,23000
Chile,CHL,1968,21000
Chile,CHL,1969,19000
Chile,CHL,1970,17000
Chile,CHL,1971,14500
Chile,CHL,1972,13000
Chile,CHL,1973,11000
Chile,CHL,1974,11000
Chile,CHL,1975,15000
Chile,CHL,1976,14000
Chile,CHL,1977,12000
Chile,CHL,1978,12000
Chile,CHL,1979,18000
Chile,CHL,1980,18000
Chile,CHL,1981,19500
Chile,CHL,1982,20250
Chile,CHL,1983,23000
Chile,CHL,1984,29844
Chile,CHL,1985,15082
Chile,CHL,1986,16000
Chile,CHL,1987,19000
Chile,CHL,1988,15000
Chile,CHL,1989,14520
Chile,CHL,1990,20753
Chile,CHL,1991,17760
Chile,CHL,1992,15518
Chile,CHL,1993,19350
Chile,CHL,1994,17378
Chile,CHL,1995,17400
Chile,CHL,1996,17923.27
Chile,CHL,1997,20000
Chile,CHL,1998,23675
Chile,CHL,1999,24000
Chile,CHL,2000,23900
Chile,CHL,2001,24650
Chile,CHL,2002,26000
Chile,CHL,2003,28500
Chile,CHL,2004,30500
Chile,CHL,2005,32000
Chile,CHL,2006,33000
Chile,CHL,2007,38000
Chile,CHL,2008,37989.56
Chile,CHL,2009,44600
Chile,CHL,2010,35000
Chile,CHL,2011,33000
Chile,CHL,2012,22500
Chile,CHL,2013,13274.91
Chile,CHL,2014,12904.52
Chile,CHL,2015,10235
Chile,CHL,2016,11418.53
Chile,CHL,2017,11170.88
Chile,CHL,2018,12271.46
Chile,CHL,2019,10957.14
Chile,CHL,2020,10459.47
Chile,CHL,2021,11734.45
Chile,CHL,2022,10623.06
Chile,CHL,2023,9744.66
China,CHN,1992,8000
China,CHN,1993,10000
China,CHN,1994,12000
China,CHN,1995,14000
China,CHN,1996,16000
China,CHN,1997,18000
China,CHN,1998,20000
China,CHN,1999,29000
China,CHN,2000,31000
China,CHN,2001,36000
China,CHN,2002,43000
China,CHN,2003,45000
China,CHN,2004,52000
China,CHN,2005,60000
China,CHN,2006,62000
China,CHN,2007,65000
China,CHN,2008,62000
China,CHN,2009,63000
China,CHN,2010,64000
China,CHN,2011,75000
China,CHN,2012,77000
China,CHN,2013,77000
China,CHN,2014,78111.65
China,CHN,2015,83049.36
China,CHN,2016,79387
China,CHN,2017,80577.65
China,CHN,2018,82066.57
China,CHN,2019,83360.33
China,CHN,2020,82001.52
China,CHN,2021,82476.14
China,CHN,2022,82612.66
China,CHN,2023,82363.44
Costa Rica,CRI,1999,100
Costa Rica,CRI,2000,50
Costa Rica,CRI,2001,50
Costa Rica,CRI,2002,40
Costa Rica,CRI,2003,50
Costa Rica,CRI,2004,50
Costa Rica,CRI,2005,60
Costa Rica,CRI,2006,60
Costa Rica,CRI,2007,50
Costa Rica,CRI,2008,40
Costa Rica,CRI,2009,40
Costa Rica,CRI,2010,30
Costa Rica,CRI,2011,30
Costa Rica,CRI,2012,31.36
Costa Rica,CRI,2013,30.89
Costa Rica,CRI,2014,28.59
Costa Rica,CRI,2015,26.04
Costa Rica,CRI,2016,28.51
Costa Rica,CRI,2017,27.71
Costa Rica,CRI,2018,27.42
Costa Rica,CRI,2019,27.88
Costa Rica,CRI,2020,27.67
Costa Rica,CRI,2021,27.66
Costa Rica,CRI,2022,27.74
Costa Rica,CRI,2023,27.69
Cyprus,CYP,1961,3600
Cyprus,CYP,1962,3650
Cyprus,CYP,1963,3700
Cyprus,CYP,1964,3800
Cyprus,CYP,1965,3891
Cyprus,CYP,1966,4064
Cyprus,CYP,1967,4166
Cyprus,CYP,1968,4369
Cyprus,CYP,1969,4572
Cyprus,CYP,1970,5080
Cyprus,CYP,1971,5588
Cyprus,CYP,1972,5487
Cyprus,CYP,1973,4979
Cyprus,CYP,1974,5080
Cyprus,CYP,1975,2540
Cyprus,CYP,1976,2693
Cyprus,CYP,1977,2947
Cyprus,CYP,1978,3810
Cyprus,CYP,1979,4064
Cyprus,CYP,1980,2845
Cyprus,CYP,1981,2642
Cyprus,CYP,1982,3048
Cyprus,CYP,1983,3300
Cyprus,CYP,1984,3380
Cyprus,CYP,1985,3000
Cyprus,CYP,1986,3000
Cyprus,CYP,1987,3000
Cyprus,CYP,1988,3000
Cyprus,CYP,1989,3500
Cyprus,CYP,1990,2900
Cyprus,CYP,1991,2850
Cyprus,CYP,1992,3400
Cyprus,CYP,1993,3000
Cyprus,CYP,1994,3000
Cyprus,CYP,1995,2800
Cyprus,CYP,1996,2900
Cyprus,CYP,1997,2500
Cyprus,CYP,1998,3200
Cyprus,CYP,1999,3500
Cyprus,CYP,2000,3110
Cyprus,CYP,2001,3100
Cyprus,CYP,2002,3000
Cyprus,CYP,2003,2700
Cyprus,CYP,2004,2306
Cyprus,CYP,2005,2737
Cyprus,CYP,2006,2672
Cyprus,CYP,2007,2724
Cyprus,CYP,2008,2669
Cyprus,CYP,2009,2516
Cyprus,CYP,2010,2416
Cyprus,CYP,2011,2557
Cyprus,CYP,2012,2412
Cyprus,CYP,2013,2082
Cyprus,CYP,2014,2154
Cyprus,CYP,2015,2062
Cyprus,CYP,2016,2148
Cyprus,CYP,2017,1850
Cyprus,CYP,2018,1720
Cyprus,CYP,2019,1290
Cyprus,CYP,2020,1140
Cyprus,CYP,2021,960
Cyprus,CYP,2022,820
Cyprus,CYP,2023,770
Czechia,CZE,2018,0
Czechia,CZE,2019,0
Czechia,CZE,2020,0
Czechia,CZE,2021,0
Czechia,CZE,2022,0
Czechia,CZE,2023,0
Denmark,DNK,2018,0
Denmark,DNK,2019,0
Denmark,DNK,2020,0
Denmark,DNK,2021,0
Denmark,DNK,2022,0
Denmark,DNK,2023,0
Egypt,EGY,1961,8000
Egypt,EGY,1962,12000
Egypt,EGY,1963,16000
Egypt,EGY,1964,15000
Egypt,EGY,1965,16000
Egypt,EGY,1966,16155
Egypt,EGY,1967,12423
Egypt,EGY,1968,11000
Egypt,EGY,1969,12000
Egypt,EGY,1970,10000
Egypt,EGY,1971,11000
Egypt,EGY,1972,12000
Egypt,EGY,1973,16000
Egypt,EGY,1974,15000
Egypt,EGY,1975,14000
Egypt,EGY,1976,21451
Egypt,EGY,1977,8651
Egypt,EGY,1978,29000
Egypt,EGY,1979,29724
Egypt,EGY,1980,29000
Egypt,EGY,1981,35608
Egypt,EGY,1982,37429
Egypt,EGY,1983,26000
Egypt,EGY,1984,34000
Egypt,EGY,1985,41000
Egypt,EGY,1986,47000
Egypt,EGY,1987,53000
Egypt,EGY,1988,45000
Egypt,EGY,1989,83000
Egypt,EGY,1990,74000
Egypt,EGY,1991,67053
Egypt,EGY,1992,42820
Egypt,EGY,1993,28000
Egypt,EGY,1994,29000
Egypt,EGY,1995,40000
Egypt,EGY,1996,34982
Egypt,EGY,1997,53614
Egypt,EGY,1998,40270
Egypt,EGY,1999,43769
Egypt,EGY,2000,87968
Egypt,EGY,2001,65255
Egypt,EGY,2002,61022
Egypt,EGY,2003,110348
Egypt,EGY,2004,54505
Egypt,EGY,2005,70000
Egypt,EGY,2006,140000
Egypt,EGY,2007,172701
Egypt,EGY,2008,176372
Egypt,EGY,2009,209614
Egypt,EGY,2010,215534
Egypt,EGY,2011,202458
Egypt,EGY,2012,387704
Egypt,EGY,2013,304298
Egypt,EGY,2014,266196
Egypt,EGY,2015,220749
Egypt,EGY,2016,173306
Egypt,EGY,2017,339197
Egypt,EGY,2018,285913
Egypt,EGY,2019,307100
Egypt,EGY,2020,311000
Egypt,EGY,2021,502189
Egypt,EGY,2022,465579
Egypt,EGY,2023,449800.34
Estonia,EST,2018,0
Estonia,EST,2019,0
Estonia,EST,2020,0
Estonia,EST,2021,0
Estonia,EST,2022,0
Estonia,EST,2023,0
Finland,FIN,2018,0
Finland,FIN,2019,0
Finland,FIN,2020,0
Finland,FIN,2021,0
Finland,FIN,2022,0
Finland,FIN,2023,0
France,FRA,1961,160000
France,FRA,1962,146000
France,FRA,1963,125100
France,FRA,1964,153100
France,FRA,1965,160100
France,FRA,1966,145400
France,FRA,1967,127000
France,FRA,1968,132000
France,FRA,1969,140280
France,FRA,1970,125820
France,FRA,1971,136140
France,FRA,1972,135340
France,FRA,1973,136650
France,FRA,1974,129430
France,FRA,1975,101845
France,FRA,1976,96630
France,FRA,1977,112747
France,FRA,1978,101720
France,FRA,1979,109156
France,FRA,1980,102544
France,FRA,1981,101600
France,FRA,1982,87400
France,FRA,1983,74000
France,FRA,1984,78700
France,FRA,1985,55200
France,FRA,1986,70800
France,FRA,1987,35900
France,FRA,1988,88400
France,FRA,1989,96992
France,FRA,1990,97118
France,FRA,1991,89889.3
France,FRA,1992,71670.7
France,FRA,1993,67081.9
France,FRA,1994,70192.1
France,FRA,1995,62032.6
France,FRA,1996,74602.5
France,FRA,1997,74790.8
France,FRA,1998,83802.1
France,FRA,1999,73527.8
France,FRA,2000,63605
France,FRA,2001,61249.4
France,FRA,2002,71735
France,FRA,2003,49846.6
France,FRA,2004,59612
France,FRA,2005,50149
France,FRA,2006,53034.3
France,FRA,2007,52521.9
France,FRA,2008,50889.3
France,FRA,2009,51341.5
France,FRA,2010,48009
France,FRA,2011,50589
France,FRA,2012,41504.4
France,FRA,2013,36413
France,FRA,2014,38354
France,FRA,2015,43992
France,FRA,2016,38759.7
France,FRA,2017,47249.2
France,FRA,2018,47190
France,FRA,2019,38030
France,FRA,2020,26830
France,FRA,2021,29340
France,FRA,2022,21750
France,FRA,2023,23330
Greece,GRC,1961,24909
Greece,GRC,1962,31564
Greece,GRC,1963,41787
Greece,GRC,1964,41024
Greece,GRC,1965,46100
Greece,GRC,1966,42375
Greece,GRC,1967,39246
Greece,GRC,1968,36294
Greece,GRC,1969,44172
Greece,GRC,1970,43127
Greece,GRC,1971,44449
Greece,GRC,1972,47841
Greece,GRC,1973,59782
Greece,GRC,1974,54846
Greece,GRC,1975,42653
Greece,GRC,1976,32260
Greece,GRC,1977,32259
Greece,GRC,1978,41787
Greece,GRC,1979,37250
Greece,GRC,1980,44450
Greece,GRC,1981,43740
Greece,GRC,1982,33585
Greece,GRC,1983,33285
Greece,GRC,1984,30769
Greece,GRC,1985,32228
Greece,GRC,1986,31020
Greece,GRC,1987,31419
Greece,GRC,1988,32000
Greece,GRC,1989,30800
Greece,GRC,1990,33594
Greece,GRC,1991,27000
Greece,GRC,1992,32163
Greece,GRC,1993,32390.26
Greece,GRC,1994,33343.9
Greece,GRC,1995,31129.01
Greece,GRC,1996,28763.39
Greece,GRC,1997,31827.24
Greece,GRC,1998,32319.97
Greece,GRC,1999,35023.47
Greece,GRC,2000,31231.71
Greece,GRC,2001,32502.53
Greece,GRC,2002,32416.34
Greece,GRC,2003,28874.57
Greece,GRC,2004,29300
Greece,GRC,2005,27362
Greece,GRC,2006,28869
Greece,GRC,2007,27960.71
Greece,GRC,2008,27971.88
Greece,GRC,2009,26418.28
Greece,GRC,2010,26679.33
Greece,GRC,2011,25048.46
Greece,GRC,2012,21554.23
Greece,GRC,2013,21594.23
Greece,GRC,2014,13640.01
Greece,GRC,2015,12946.43
Greece,GRC,2016,10667.43
Greece,GRC,2017,11685
Greece,GRC,2018,18000
Greece,GRC,2019,15130
Greece,GRC,2020,15470
Greece,GRC,2021,7890
Greece,GRC,2022,7280
Greece,GRC,2023,4310
Hungary,HUN,2018,30
Hungary,HUN,2019,50
Hungary,HUN,2020,70
Hungary,HUN,2021,70
Hungary,HUN,2022,30
Hungary,HUN,2023,50
Iran,IRN,1990,10000
Iran,IRN,1991,10240.11
Iran,IRN,1992,10491.43
Iran,IRN,1993,10743.72
Iran,IRN,1994,10996.96
Iran,IRN,1995,11251.16
Iran,IRN,1996,11506.31
Iran,IRN,1997,11762.42
Iran,IRN,1998,12019.52
Iran,IRN,1999,12277.65
Iran,IRN,2000,12536.84
Iran,IRN,2001,12797.16
Iran,IRN,2002,13058.68
Iran,IRN,2003,13321.47
Iran,IRN,2004,13585.61
Iran,IRN,2005,13000
Iran,IRN,2006,14318.29
Iran,IRN,2007,14500
Iran,IRN,2008,15208.44
Iran,IRN,2009,15631.49
Iran,IRN,2010,16056.05
Iran,IRN,2011,17000
Iran,IRN,2012,18000
Iran,IRN,2013,16894.2
Iran,IRN,2014,17327.73
Iran,IRN,2015,18009.68
Iran,IRN,2016,17410.54
Iran,IRN,2017,17785.88
Iran,IRN,2018,18231.57
Iran,IRN,2019,18620.74
Iran,IRN,2020,18212.73
Iran,IRN,2021,18355.01
Iran,IRN,2022,18396.16
Iran,IRN,2023,18321.3
Israel,ISR,1961,1300
Israel,ISR,1962,1600
Israel,ISR,1963,1950
Israel,ISR,1964,2300
Israel,ISR,1965,3000
Israel,ISR,1966,3400
Israel,ISR,1967,3750
Israel,ISR,1968,4750
Israel,ISR,1969,4450
Israel,ISR,1970,6400
Israel,ISR,1971,6400
Israel,ISR,1972,4700
Israel,ISR,1973,3250
Israel,ISR,1974,2800
Israel,ISR,1975,2850
Israel,ISR,1976,2620
Israel,ISR,1977,2400
Israel,ISR,1978,2550
Israel,ISR,1979,2000
Israel,ISR,1980,1450
Israel,ISR,1981,1350
Israel,ISR,1982,2250
Israel,ISR,1983,2060
Israel,ISR,1984,1880
Israel,ISR,1985,1970
Israel,ISR,1986,2100
Israel,ISR,1987,2300
Israel,ISR,1988,2232
Israel,ISR,1989,4263
Israel,ISR,1990,5763
Israel,ISR,1991,3192
Israel,ISR,1992,3225
Israel,ISR,1993,4260
Israel,ISR,1994,5000
Israel,ISR,1995,5505
Israel,ISR,1996,6691
Israel,ISR,1997,5480
Israel,ISR,1998,5170
Israel,ISR,1999,4710
Israel,ISR,2000,4905
Israel,ISR,2001,4871
Israel,ISR,2002,4700
Israel,ISR,2003,4880
Israel,ISR,2004,5640
Israel,ISR,2005,5050
Israel,ISR,2006,5673
Israel,ISR,2007,5253
Israel,ISR,2008,3229
Israel,ISR,2009,3170
Israel,ISR,2010,2637.69
Israel,ISR,2011,2419
Israel,ISR,2012,2617
Israel,ISR,2013,2146
Israel,ISR,2014,2312
Israel,ISR,2015,2501
Israel,ISR,2016,2693
Israel,ISR,2017,2771
Israel,ISR,2018,2502
Israel,ISR,2019,2292
Israel,ISR,2020,1783
Israel,ISR,2021,2497
Israel,ISR,2022,2117
Israel,ISR,2023,2426
Italy,ITA,1961,416900
Italy,ITA,1962,342600
Italy,ITA,1963,248000
Italy,ITA,1964,468600
Italy,ITA,1965,542100
Italy,ITA,1966,580100
Italy,ITA,1967,631200
Italy,ITA,1968,563200
Italy,ITA,1969,637200
Italy,ITA,1970,670800
Italy,ITA,1971,734100
Italy,ITA,1972,751200
Italy,ITA,1973,661900
Italy,ITA,1974,687800
Italy,ITA,1975,680100
Italy,ITA,1976,676900
Italy,ITA,1977,578200
Italy,ITA,1978,614000
Italy,ITA,1979,423300
Italy,ITA,1980,597700
Italy,ITA,1981,523700
Italy,ITA,1982,553800
Italy,ITA,1983,526800
Italy,ITA,1984,512300
Italy,ITA,1985,417500
Italy,ITA,1986,495500
Italy,ITA,1987,453200
Italy,ITA,1988,499200
Italy,ITA,1989,453400
Italy,ITA,1990,487000
Italy,ITA,1991,565200
Italy,ITA,1992,509402
Italy,ITA,1993,475272
Italy,ITA,1994,534462
Italy,ITA,1995,517200
Italy,ITA,1996,447403
Italy,ITA,1997,521135
Italy,ITA,1998,508537
Italy,ITA,1999,472228
Italy,ITA,2000,512946
Italy,ITA,2001,464700
Italy,ITA,2002,455653
Italy,ITA,2003,391680
Italy,ITA,2004,489207
Italy,ITA,2005,469975
Italy,ITA,2006,468964
Italy,ITA,2007,474283
Italy,ITA,2008,483561
Italy,ITA,2009,486595
Italy,ITA,2010,480112
Italy,ITA,2011,474550
Italy,ITA,2012,364870.7
Italy,ITA,2013,457798.8
Italy,ITA,2014,451460.7
Italy,ITA,2015,401335.1
Italy,ITA,2016,365990.5
Italy,ITA,2017,387803
Italy,ITA,2018,389810
Italy,ITA,2019,378820
Italy,ITA,2020,367080
Italy,ITA,2021,376280
Italy,ITA,2022,378110
Italy,ITA,2023,369720
Jordan,JOR,1961,0
Jordan,JOR,1962,0
Jordan,JOR,1963,0
Jordan,JOR,1964,0
Jordan,JOR,1965,0
Jordan,JOR,1966,0
Jordan,JOR,1967,0
Jordan,JOR,1968,0
Jordan,JOR,1969,0
Jordan,JOR,1970,0
Jordan,JOR,1971,0
Jordan,JOR,1972,0
Jordan,JOR,1973,4
Jordan,JOR,1974,0
Jordan,JOR,1975,0
Jordan,JOR,1976,10
Jordan,JOR,1977,250
Jordan,JOR,1978,0
Jordan,JOR,1979,0
Jordan,JOR,1980,0
Jordan,JOR,1981,0
Jordan,JOR,1982,0
Jordan,JOR,1983,20
Jordan,JOR,1984,0
Jordan,JOR,1985,0
Jordan,JOR,1986,0
Jordan,JOR,1987,0
Jordan,JOR,1988,0
Jordan,JOR,1989,25
Jordan,JOR,1990,0
Jordan,JOR,1991,0
Jordan,JOR,1992,0
Jordan,JOR,1993,0
Jordan,JOR,1994,0
Jordan,JOR,1995,0
Jordan,JOR,1996,0
Jordan,JOR,1997,0
Jordan,JOR,1998,0
Jordan,JOR,1999,0
Jordan,JOR,2000,0
Jordan,JOR,2001,0
Jordan,JOR,2002,0
Jordan,JOR,2003,0
Jordan,JOR,2004,0
Jordan,JOR,2005,0
Jordan,JOR,2006,0
Jordan,JOR,2007,0
Jordan,JOR,2008,0
Jordan,JOR,2009,0
Jordan,JOR,2010,0
Jordan,JOR,2011,0
Jordan,JOR,2012,0
Jordan,JOR,2013,0
Jordan,JOR,2014,0
Jordan,JOR,2015,0
Jordan,JOR,2016,0
Jordan,JOR,2017,0
Jordan,JOR,2018,0
Jordan,JOR,2019,0
Jordan,JOR,2020,0
Jordan,JOR,2021,0
Jordan,JOR,2022,0
Jordan,JOR,2023,0
Kazakhstan,KAZ,2000,100
Kazakhstan,KAZ,2001,200
Kazakhstan,KAZ,2002,100
Kazakhstan,KAZ,2003,100
Kazakhstan,KAZ,2004,100
Kazakhstan,KAZ,2005,100
Kazakhstan,KAZ,2006,100
Kazakhstan,KAZ,2007,100
Kazakhstan,KAZ,2008,200
Kazakhstan,KAZ,2009,200
Kazakhstan,KAZ,2010,200
Kazakhstan,KAZ,2011,200
Kazakhstan,KAZ,2012,300
Kazakhstan,KAZ,2013,400
Kazakhstan,KAZ,2014,500
Kazakhstan,KAZ,2015,800
Kazakhstan,KAZ,2016,566.67
Kazakhstan,KAZ,2017,618.28
Kazakhstan,KAZ,2018,662.86
Kazakhstan,KAZ,2019,615.94
Kazakhstan,KAZ,2020,632.36
Kazakhstan,KAZ,2021,637.05
Kazakhstan,KAZ,2022,628.45
Kazakhstan,KAZ,2023,632.62
Kenya,KEN,2003,250
Kenya,KEN,2004,150
Kenya,KEN,2005,85
Kenya,KEN,2006,120
Kenya,KEN,2007,20
Kenya,KEN,2008,18.29
Kenya,KEN,2009,25
Kenya,KEN,2010,26.74
Kenya,KEN,2011,25
Kenya,KEN,2012,28
Kenya,KEN,2013,28
Kenya,KEN,2014,30
Kenya,KEN,2015,24.37
Kenya,KEN,2016,27.46
Kenya,KEN,2017,27.27
Kenya,KEN,2018,26.37
Kenya,KEN,2019,27.03
Kenya,KEN,2020,26.89
Kenya,KEN,2021,26.76
Kenya,KEN,2022,26.9
Kenya,KEN,2023,26.85
Lebanon,LBN,1961,3200
Lebanon,LBN,1962,3200
Lebanon,LBN,1963,3200
Lebanon,LBN,1964,3300
Lebanon,LBN,1965,750
Lebanon,LBN,1966,800
Lebanon,LBN,1967,720
Lebanon,LBN,1968,518
Lebanon,LBN,1969,518
Lebanon,LBN,1970,486
Lebanon,LBN,1971,591
Lebanon,LBN,1972,575
Lebanon,LBN,1973,610
Lebanon,LBN,1974,813
Lebanon,LBN,1975,600
Lebanon,LBN,1976,600
Lebanon,LBN,1977,600
Lebanon,LBN,1978,650
Lebanon,LBN,1979,650
Lebanon,LBN,1980,650
Lebanon,LBN,1981,700
Lebanon,LBN,1982,700
Lebanon,LBN,1983,1000
Lebanon,LBN,1984,1300
Lebanon,LBN,1985,1600
Lebanon,LBN,1986,2000
Lebanon,LBN,1987,2500
Lebanon,LBN,1988,3000
Lebanon,LBN,1989,3500
Lebanon,LBN,1990,4000
Lebanon,LBN,1991,4458
Lebanon,LBN,1992,4648
Lebanon,LBN,1993,4750
Lebanon,LBN,1994,4800
Lebanon,LBN,1995,5900
Lebanon,LBN,1996,7900
Lebanon,LBN,1997,3000
Lebanon,LBN,1998,1300
Lebanon,LBN,1999,1100
Lebanon,LBN,2000,800
Lebanon,LBN,2001,800
Lebanon,LBN,2002,3900
Lebanon,LBN,2003,2900
Lebanon,LBN,2004,1000
Lebanon,LBN,2005,900
Lebanon,LBN,2006,500
Lebanon,LBN,2007,600
Lebanon,LBN,2008,656.64
Lebanon,LBN,2009,600
Lebanon,LBN,2010,1102.77
Lebanon,LBN,2011,1169.45
Lebanon,LBN,2012,646.47
Lebanon,LBN,2013,679.87
Lebanon,LBN,2014,605.02
Lebanon,LBN,2015,541.31
Lebanon,LBN,2016,541
Lebanon,LBN,2017,1045
Lebanon,LBN,2018,1080
Lebanon,LBN,2019,600
Lebanon,LBN,2020,640
Lebanon,LBN,2021,640
Lebanon,LBN,2022,529.94
Lebanon,LBN,2023,448.3
Lithuania,LTU,2006,0
Lithuania,LTU,2007,0
Lithuania,LTU,2008,0
Lithuania,LTU,2009,0
Lithuania,LTU,2010,0
Lithuania,LTU,2011,0
Lithuania,LTU,2012,0
Lithuania,LTU,2013,0
Lithuania,LTU,2014,0
Lithuania,LTU,2015,100
Lithuania,LTU,2016,100
Lithuania,LTU,2017,110
Lithuania,LTU,2018,0
Lithuania,LTU,2019,0
Lithuania,LTU,2020,0
Lithuania,LTU,2021,0
Lithuania,LTU,2022,0
Lithuania,LTU,2023,0
Luxembourg,LUX,2018,0
Luxembourg,LUX,2019,0
Luxembourg,LUX,2020,0
Luxembourg,LUX,2021,0
Luxembourg,LUX,2022,0
Luxembourg,LUX,2023,0
Malta,MLT,1998,900
Malta,MLT,1999,920
Malta,MLT,2000,930
Malta,MLT,2001,950
Malta,MLT,2002,972.17
Malta,MLT,2003,900
Malta,MLT,2004,1000
Malta,MLT,2005,1088
Malta,MLT,2006,1175
Malta,MLT,2007,1274
Malta,MLT,2008,1425
Malta,MLT,2009,1169
Malta,MLT,2010,1566
Malta,MLT,2011,1549
Malta,MLT,2012,1677
Malta,MLT,2013,1372
Malta,MLT,2014,1593
Malta,MLT,2015,1888.01
Malta,MLT,2016,1486
Malta,MLT,2017,1510
Malta,MLT,2018,1620
Malta,MLT,2019,1300
Malta,MLT,2020,1200
Malta,MLT,2021,1180
Malta,MLT,2022,1230
Malta,MLT,2023,1340
Mexico,MEX,1961,0
Mexico,MEX,1962,0
Mexico,MEX,1963,0
Mexico,MEX,1964,0
Mexico,MEX,1965,0
Mexico,MEX,1966,0
Mexico,MEX,1967,0
Mexico,MEX,1968,0
Mexico,MEX,1969,0
Mexico,MEX,1970,0
Mexico,MEX,1971,0
Mexico,MEX,1972,0
Mexico,MEX,1973,0
Mexico,MEX,1974,0
Mexico,MEX,1975,0
Mexico,MEX,1976,0
Mexico,MEX,1977,0
Mexico,MEX,1978,0
Mexico,MEX,1979,0
Mexico,MEX,1980,80
Mexico,MEX,1981,16
Mexico,MEX,1982,102
Mexico,MEX,1983,12
Mexico,MEX,1984,0
Mexico,MEX,1985,25
Mexico,MEX,1986,30
Mexico,MEX,1987,281
Mexico,MEX,1988,583
Mexico,MEX,1989,332
Mexico,MEX,1990,546
Mexico,MEX,1991,507
Mexico,MEX,1992,1410
Mexico,MEX,1993,271
Mexico,MEX,1994,1146
Mexico,MEX,1995,2133
Mexico,MEX,1996,1740
Mexico,MEX,1997,5605
Mexico,MEX,1998,5400
Mexico,MEX,1999,6437
Mexico,MEX,2000,2988
Mexico,MEX,2001,4105
Mexico,MEX,2002,5732
Mexico,MEX,2003,4011
Mexico,MEX,2004,4760
Mexico,MEX,2005,3859
Mexico,MEX,2006,2373
Mexico,MEX,2007,2784
Mexico,MEX,2008,2537
Mexico,MEX,2009,1446
Mexico,MEX,2010,1626
Mexico,MEX,2011,3193
Mexico,MEX,2012,4838
Mexico,MEX,2013,1992
Mexico,MEX,2014,2755
Mexico,MEX,2015,2650.3
Mexico,MEX,2016,2920.12
Mexico,MEX,2017,2322.8
Mexico,MEX,2018,2875.93
Mexico,MEX,2019,2387.44
Mexico,MEX,2020,3423.45
Mexico,MEX,2021,3258.8
Mexico,MEX,2022,2029.98
Mexico,MEX,2023,2019.74
Morocco,MAR,1961,28000
Morocco,MAR,1962,20000
Morocco,MAR,1963,23000
Morocco,MAR,1964,36000
Morocco,MAR,1965,25000
Morocco,MAR,1966,15938
Morocco,MAR,1967,20000
Morocco,MAR,1968,25000
Morocco,MAR,1969,22000
Morocco,MAR,1970,25000
Morocco,MAR,1971,23000
Morocco,MAR,1972,25000
Morocco,MAR,1973,25000
Morocco,MAR,1974,27000
Morocco,MAR,1975,27000
Morocco,MAR,1976,28000
Morocco,MAR,1977,29000
Morocco,MAR,1978,30000
Morocco,MAR,1979,32000
Morocco,MAR,1980,33000
Morocco,MAR,1981,34000
Morocco,MAR,1982,30000
Morocco,MAR,1983,25000
Morocco,MAR,1984,20000
Morocco,MAR,1985,18000
Morocco,MAR,1986,20000
Morocco,MAR,1987,25600
Morocco,MAR,1988,24700
Morocco,MAR,1989,18743
Morocco,MAR,1990,17137
Morocco,MAR,1991,24473
Morocco,MAR,1992,23926
Morocco,MAR,1993,25500
Morocco,MAR,1994,33900
Morocco,MAR,1995,34750
Morocco,MAR,1996,18100
Morocco,MAR,1997,24300
Morocco,MAR,1998,25900
Morocco,MAR,1999,28330
Morocco,MAR,2000,40680
Morocco,MAR,2001,44500
Morocco,MAR,2002,43520
Morocco,MAR,2003,50270
Morocco,MAR,2004,53770
Morocco,MAR,2005,53220
Morocco,MAR,2006,55175
Morocco,MAR,2007,52005
Morocco,MAR,2008,60190
Morocco,MAR,2009,56620
Morocco,MAR,2010,45460
Morocco,MAR,2011,43137
Morocco,MAR,2012,63889
Morocco,MAR,2013,62073.6
Morocco,MAR,2014,55234
Morocco,MAR,2015,50744
Morocco,MAR,2016,44144
Morocco,MAR,2017,45457
Morocco,MAR,2018,44591
Morocco,MAR,2019,44774
Morocco,MAR,2020,45012
Morocco,MAR,2021,40543
Morocco,MAR,2022,41025
Morocco,MAR,2023,46648
Palestine,PSE,1997,26
Peru,PER,1961,3500
Peru,PER,1962,3500
Peru,PER,1963,3500
Peru,PER,1964,3500
Peru,PER,1965,3500
Peru,PER,1966,3522
Peru,PER,1967,4096
Peru,PER,1968,5068
Peru,PER,1969,3050
Peru,PER,1970,2072
Peru,PER,1971,1824
Peru,PER,1972,1789
Peru,PER,1973,1960
Peru,PER,1974,1627
Peru,PER,1975,1996
Peru,PER,1976,2010
Peru,PER,1977,1362
Peru,PER,1978,1161
Peru,PER,1979,841
Peru,PER,1980,1100
Peru,PER,1981,1589
Peru,PER,1982,1510
Peru,PER,1983,1502
Peru,PER,1984,1536
Peru,PER,1985,955
Peru,PER,1986,953
Peru,PER,1987,1077
Peru,PER,1988,1110
Peru,PER,1989,967
Peru,PER,1990,888
Peru,PER,1991,898
Peru,PER,1992,1010
Peru,PER,1993,988
Peru,PER,1994,1382
Peru,PER,1995,1881
Peru,PER,1996,5264
Peru,PER,1997,2238
Peru,PER,1998,2449
Peru,PER,1999,2662
Peru,PER,2000,4310
Peru,PER,2001,6772
Peru,PER,2002,8406
Peru,PER,2003,19752
Peru,PER,2004,42031
Peru,PER,2005,67942
Peru,PER,2006,113200
Peru,PER,2007,134244
Peru,PER,2008,126201
Peru,PER,2009,115710
Peru,PER,2010,127323
Peru,PER,2011,150417
Peru,PER,2012,141708
Peru,PER,2013,112865
Peru,PER,2014,103348.11
Peru,PER,2015,89983
Peru,PER,2016,108801.33
Peru,PER,2017,145068
Peru,PER,2018,154551.94
Peru,PER,2019,131707.22
Peru,PER,2020,82095.82
Peru,PER,2021,99518.44
Peru,PER,2022,97582.33
Peru,PER,2023,136237.6
Poland,POL,2019,100
Poland,POL,2020,100
Poland,POL,2021,200
Poland,POL,2022,400
Poland,POL,2023,200
Portugal,PRT,2018,0
Portugal,PRT,2019,0
Portugal,PRT,2020,0
Portugal,PRT,2021,0
Portugal,PRT,2022,0
Portugal,PRT,2023,10
Reunion,REU,1961,0
Reunion,REU,1962,0
Reunion,REU,1963,0
Reunion,REU,1964,0
Reunion,REU,1965,0
Reunion,REU,1966,0
Reunion,REU,1967,0
Reunion,REU,1968,0
Reunion,REU,1969,0
Reunion,REU,1970,0
Reunion,REU,1971,0
Reunion,REU,1972,0
Reunion,REU,1973,0
Reunion,REU,1974,0
Reunion,REU,1975,0
Reunion,REU,1976,0
Reunion,REU,1977,0
Reunion,REU,1978,0
Reunion,REU,1979,0
Reunion,REU,1980,0
Reunion,REU,1981,0
Reunion,REU,1982,0
Reunion,REU,1983,0
Reunion,REU,1984,0
Reunion,REU,1985,0
Reunion,REU,1986,0
Reunion,REU,1987,100
Reunion,REU,1988,150
Reunion,REU,1989,200
Reunion,REU,1990,250
Reunion,REU,1991,300
Reunion,REU,1992,279
Reunion,REU,1993,279
Reunion,REU,1994,279
Reunion,REU,1995,279
Reunion,REU,1996,279
Reunion,REU,1997,279
Reunion,REU,1998,279
Reunion,REU,1999,279
Reunion,REU,2000,279
Reunion,REU,2001,279
Reunion,REU,2002,279
Reunion,REU,2003,279
Reunion,REU,2004,279
Reunion,REU,2005,279
Reunion,REU,2006,279
Romania,ROU,1999,1500
Romania,ROU,2000,1754.46
Romania,ROU,2001,2000
Romania,ROU,2002,2129.06
Romania,ROU,2003,2266.04
Romania,ROU,2004,2325.71
Romania,ROU,2005,2308.91
Romania,ROU,2006,2200
Romania,ROU,2007,1647.88
Romania,ROU,2008,1100
Romania,ROU,2009,550
Romania,ROU,2010,466.88
Romania,ROU,2011,501.32
Romania,ROU,2012,600
Romania,ROU,2013,800.56
Romania,ROU,2014,633.96
Romania,ROU,2015,758.08
Romania,ROU,2016,730.87
Romania,ROU,2017,707.64
Romania,ROU,2018,0
Romania,ROU,2019,0
Romania,ROU,2020,0
Romania,ROU,2021,0
Romania,ROU,2022,0
Romania,ROU,2023,0
Saudi Arabia,SAU,2006,0
Saudi Arabia,SAU,2007,0
Saudi Arabia,SAU,2008,0
Saudi Arabia,SAU,2009,0
Slovakia,SVK,2020,0
Slovakia,SVK,2021,0
Slovakia,SVK,2022,0
Slovakia,SVK,2023,0
Spain,ESP,1961,91000
Spain,ESP,1962,86000
Spain,ESP,1963,125000
Spain,ESP,1964,109000
Spain,ESP,1965,124000
Spain,ESP,1966,125800
Spain,ESP,1967,129200
Spain,ESP,1968,114700
Spain,ESP,1969,101100
Spain,ESP,1970,220400
Spain,ESP,1971,222200
Spain,ESP,1972,253500
Spain,ESP,1973,298300
Spain,ESP,1974,302600
Spain,ESP,1975,226400
Spain,ESP,1976,227000
Spain,ESP,1977,250700
Spain,ESP,1978,376900
Spain,ESP,1979,296360
Spain,ESP,1980,288200
Spain,ESP,1981,248300
Spain,ESP,1982,257000
Spain,ESP,1983,257900
Spain,ESP,1984,289057
Spain,ESP,1985,268946
Spain,ESP,1986,361000
Spain,ESP,1987,338000
Spain,ESP,1988,395700
Spain,ESP,1989,478100
Spain,ESP,1990,427900
Spain,ESP,1991,359700
Spain,ESP,1992,363700
Spain,ESP,1993,334100
Spain,ESP,1994,283200
Spain,ESP,1995,250700
Spain,ESP,1996,278400
Spain,ESP,1997,274425
Spain,ESP,1998,264600
Spain,ESP,1999,289652
Spain,ESP,2000,290189
Spain,ESP,2001,277377
Spain,ESP,2002,289417
Spain,ESP,2003,306484
Spain,ESP,2004,300216
Spain,ESP,2005,200135
Spain,ESP,2006,228219
Spain,ESP,2007,226281
Spain,ESP,2008,203301
Spain,ESP,2009,194099
Spain,ESP,2010,166662
Spain,ESP,2011,182120
Spain,ESP,2012,195342
Spain,ESP,2013,199900
Spain,ESP,2014,234091
Spain,ESP,2015,204111
Spain,ESP,2016,225619
Spain,ESP,2017,223150
Spain,ESP,2018,208460
Spain,ESP,2019,199940
Spain,ESP,2020,196970
Spain,ESP,2021,214560
Spain,ESP,2022,200070
Spain,ESP,2023,182580
Switzerland,CHE,2003,3
Switzerland,CHE,2004,1
Switzerland,CHE,2005,3
Switzerland,CHE,2006,12
Switzerland,CHE,2007,4
Switzerland,CHE,2008,3
Switzerland,CHE,2009,1
Switzerland,CHE,2010,3.15
Switzerland,CHE,2011,4
Switzerland,CHE,2012,3
Switzerland,CHE,2013,5
Switzerland,CHE,2014,5
Switzerland,CHE,2015,6
Switzerland,CHE,2016,3
Switzerland,CHE,2017,3.09
Switzerland,CHE,2018,1
Switzerland,CHE,2019,4
Switzerland,CHE,2020,2
Switzerland,CHE,2021,0
Switzerland,CHE,2022,2
Switzerland,CHE,2023,2
Syria,SYR,1989,750
Syria,SYR,1990,775
Syria,SYR,1991,4000
Syria,SYR,1992,3798.95
Syria,SYR,1993,4081.48
Syria,SYR,1994,4262.72
Syria,SYR,1995,4500
Syria,SYR,1996,4000
Syria,SYR,1997,5150.14
Syria,SYR,1998,4630
Syria,SYR,1999,4353
Syria,SYR,2000,5355
Syria,SYR,2001,5708
Syria,SYR,2002,6285
Syria,SYR,2003,6386.37
Syria,SYR,2004,6300
Syria,SYR,2005,6612.66
Syria,SYR,2006,6200
Syria,SYR,2007,6985
Syria,SYR,2008,7070
Syria,SYR,2009,11787
Syria,SYR,2010,12665
Syria,SYR,2011,15103
Syria,SYR,2012,6800
Syria,SYR,2013,6800
Syria,SYR,2014,6800
Syria,SYR,2015,6800
Syria,SYR,2016,6800
Syria,SYR,2017,4635
Syria,SYR,2018,15435
Syria,SYR,2019,7650
Syria,SYR,2020,5090
Syria,SYR,2021,2840
Syria,SYR,2022,2900
Syria,SYR,2023,10360
Tunisia,TUN,1961,11400
Tunisia,TUN,1962,10400
Tunisia,TUN,1963,14400
Tunisia,TUN,1964,14600
Tunisia,TUN,1965,18300
Tunisia,TUN,1966,19000
Tunisia,TUN,1967,17700
Tunisia,TUN,1968,12000
Tunisia,TUN,1969,10300
Tunisia,TUN,1970,8700
Tunisia,TUN,1971,13000
Tunisia,TUN,1972,16600
Tunisia,TUN,1973,10400
Tunisia,TUN,1974,11500
Tunisia,TUN,1975,14700
Tunisia,TUN,1976,13000
Tunisia,TUN,1977,14000
Tunisia,TUN,1978,15000
Tunisia,TUN,1979,13600
Tunisia,TUN,1980,13000
Tunisia,TUN,1981,18000
Tunisia,TUN,1982,15000
Tunisia,TUN,1983,12000
Tunisia,TUN,1984,11000
Tunisia,TUN,1985,11000
Tunisia,TUN,1986,13000
Tunisia,TUN,1987,14500
Tunisia,TUN,1988,15000
Tunisia,TUN,1989,13500
Tunisia,TUN,1990,12000
Tunisia,TUN,1991,9000
Tunisia,TUN,1992,12000
Tunisia,TUN,1993,13000
Tunisia,TUN,1994,17000
Tunisia,TUN,1995,22000
Tunisia,TUN,1996,21000
Tunisia,TUN,1997,24000
Tunisia,TUN,1998,23000
Tunisia,TUN,1999,19000
Tunisia,TUN,2000,17000
Tunisia,TUN,2001,18000
Tunisia,TUN,2002,15500
Tunisia,TUN,2003,13000
Tunisia,TUN,2004,12000
Tunisia,TUN,2005,12000
Tunisia,TUN,2006,16000
Tunisia,TUN,2007,19000
Tunisia,TUN,2008,18000
Tunisia,TUN,2009,16000
Tunisia,TUN,2010,14000
Tunisia,TUN,2011,18000
Tunisia,TUN,2012,18000
Tunisia,TUN,2013,19000
Tunisia,TUN,2014,19000
Tunisia,TUN,2015,24300
Tunisia,TUN,2016,26900
Tunisia,TUN,2017,32000
Tunisia,TUN,2018,21000
Tunisia,TUN,2019,21000
Tunisia,TUN,2020,31000
Tunisia,TUN,2021,30000
Tunisia,TUN,2022,24000
Tunisia,TUN,2023,23277.67
Turkey,TUR,1961,2500
Turkey,TUR,1962,2600
Turkey,TUR,1963,2700
Turkey,TUR,1964,2800
Turkey,TUR,1965,2900
Turkey,TUR,1966,3000
Turkey,TUR,1967,3100
Turkey,TUR,1968,3204
Turkey,TUR,1969,3518
Turkey,TUR,1970,4000
Turkey,TUR,1971,5000
Turkey,TUR,1972,4000
Turkey,TUR,1973,6000
Turkey,TUR,1974,5500
Turkey,TUR,1975,6800
Turkey,TUR,1976,7500
Turkey,TUR,1977,8000
Turkey,TUR,1978,9300
Turkey,TUR,1979,6000
Turkey,TUR,1980,7000
Turkey,TUR,1981,7000
Turkey,TUR,1982,7500
Turkey,TUR,1983,7500
Turkey,TUR,1984,7500
Turkey,TUR,1985,10000
Turkey,TUR,1986,12000
Turkey,TUR,1987,13000
Turkey,TUR,1988,11000
Turkey,TUR,1989,9240
Turkey,TUR,1990,10000
Turkey,TUR,1991,11000
Turkey,TUR,1992,10000
Turkey,TUR,1993,11500
Turkey,TUR,1994,11600
Turkey,TUR,1995,18000
Turkey,TUR,1996,20000
Turkey,TUR,1997,24500
Turkey,TUR,1998,26500
Turkey,TUR,1999,25800
Turkey,TUR,2000,24500
Turkey,TUR,2001,26500
Turkey,TUR,2002,27000
Turkey,TUR,2003,28000
Turkey,TUR,2004,30000
Turkey,TUR,2005,36000
Turkey,TUR,2006,35007
Turkey,TUR,2007,33807
Turkey,TUR,2008,36320
Turkey,TUR,2009,34859
Turkey,TUR,2010,29070
Turkey,TUR,2011,33460
Turkey,TUR,2012,32173
Turkey,TUR,2013,34014
Turkey,TUR,2014,34576
Turkey,TUR,2015,32701
Turkey,TUR,2016,36368
Turkey,TUR,2017,38431
Turkey,TUR,2018,39477
Turkey,TUR,2019,39071
Turkey,TUR,2020,39280
Turkey,TUR,2021,40114
Turkey,TUR,2022,40815
Turkey,TUR,2023,36473
United States,USA,1961,23133
United States,USA,1962,19958
United States,USA,1963,21772
United States,USA,1964,25673
United States,USA,1965,29211
United States,USA,1966,30300
United States,USA,1967,33112
United States,USA,1968,26127
United States,USA,1969,29801
United States,USA,1970,30436
United States,USA,1971,35924
United States,USA,1972,32205
United States,USA,1973,27215
United States,USA,1974,31842
United States,USA,1975,33294
United States,USA,1976,36559
United States,USA,1977,32341
United States,USA,1978,23813
United States,USA,1979,39598
United States,USA,1980,42664
United States,USA,1981,57674
United States,USA,1982,52735
United States,USA,1983,40477
United States,USA,1984,49830
United States,USA,1985,60688
United States,USA,1986,47706
United States,USA,1987,55183
United States,USA,1988,56536
United States,USA,1989,58792
United States,USA,1990,50547
United States,USA,1991,54718
United States,USA,1992,50080
United States,USA,1993,45900
United States,USA,1994,54250
United States,USA,1995,37149
United States,USA,1996,40370
United States,USA,1997,42180
United States,USA,1998,39600
United States,USA,1999,51030
United States,USA,2000,45900
United States,USA,2001,45360
United States,USA,2002,42770
United States,USA,2003,45720
United States,USA,2004,37420
United States,USA,2005,39420
United States,USA,2006,34060
United States,USA,2007,47900
United States,USA,2008,51890
United States,USA,2009,48760
United States,USA,2010,39190
United States,USA,2011,45314
United States,USA,2012,48040
United States,USA,2013,43500
United States,USA,2014,43050
United States,USA,2015,41640
United States,USA,2016,44720
United States,USA,2017,42456
United States,USA,2018,45382
United States,USA,2019,43409
United States,USA,2020,34700
United States,USA,2021,35925
United States,USA,2022,34450
United States,USA,2023,35108
Uzbekistan,UZB,1992,1200
Uzbekistan,UZB,1993,1000
Uzbekistan,UZB,1994,980
Uzbekistan,UZB,1995,900
Uzbekistan,UZB,1996,917
Uzbekistan,UZB,1997,800
Uzbekistan,UZB,1998,930
Uzbekistan,UZB,1999,1000
Uzbekistan,UZB,2000,1000
Uzbekistan,UZB,2001,1000
Uzbekistan,UZB,2002,1000
Uzbekistan,UZB,2003,1000
Uzbekistan,UZB,2004,1200
Uzbekistan,UZB,2005,1200
Uzbekistan,UZB,2006,1800
Uzbekistan,UZB,2007,2000
Uzbekistan,UZB,2008,2200
Uzbekistan,UZB,2009,2500
Uzbekistan,UZB,2010,3000
Uzbekistan,UZB,2011,3400
Uzbekistan,UZB,2012,3000
Uzbekistan,UZB,2013,6000
Uzbekistan,UZB,2014,3300
Uzbekistan,UZB,2015,3500
Uzbekistan,UZB,2016,4266.67
Uzbekistan,UZB,2017,3688.89
Uzbekistan,UZB,2018,3818.52
Uzbekistan,UZB,2019,3924.69
Uzbekistan,UZB,2020,3810.7
Uzbekistan,UZB,2021,3851.3
Uzbekistan,UZB,2022,3862.23
Uzbekistan,UZB,2023,3841.41
Zambia,ZMB,1991,100
Zambia,ZMB,1996,200
Zambia,ZMB,1997,350
Zambia,ZMB,1999,400
Zambia,ZMB,2010,750
Zimbabwe,ZWE,1990,50
Zimbabwe,ZWE,1991,100
Zimbabwe,ZWE,1992,50
Zimbabwe,ZWE,1993,200
Zimbabwe,ZWE,1994,133.12
Zimbabwe,ZWE,1995,100
Zimbabwe,ZWE,1996,300
Zimbabwe,ZWE,1997,100
Zimbabwe,ZWE,1998,200
Zimbabwe,ZWE,1999,176.59
Zimbabwe,ZWE,2000,180
Zimbabwe,ZWE,2001,187.99
Zimbabwe,ZWE,2002,195.61
Zimbabwe,ZWE,2003,203.39
Zimbabwe,ZWE,2004,200
Zimbabwe,ZWE,2005,220.97
Zimbabwe,ZWE,2006,210
Zimbabwe,ZWE,2007,237.17
Zimbabwe,ZWE,2008,245.52
Zimbabwe,ZWE,2009,253.89
Zimbabwe,ZWE,2010,262.27
Zimbabwe,ZWE,2011,270.66
Zimbabwe,ZWE,2012,300
Zimbabwe,ZWE,2013,300
Zimbabwe,ZWE,2014,300.68
Zimbabwe,ZWE,2015,307.31
Zimbabwe,ZWE,2016,302.66
Zimbabwe,ZWE,2017,303.55
Zimbabwe,ZWE,2018,304.51
Zimbabwe,ZWE,2019,303.57
Zimbabwe,ZWE,2020,303.88
Zimbabwe,ZWE,2021,303.99
Zimbabwe,ZWE,2022,303.81
Zimbabwe,ZWE,2023,303.89
