Entity,Code,Year,Almonds | 00000221 || Production | 005510 || tonnes
Afghanistan,AFG,1961,0
Afghanistan,AFG,1962,0
Afghanistan,AFG,1963,0
Afghanistan,AFG,1964,0
Afghanistan,AFG,1965,0
Afghanistan,AFG,1966,0
Afghanistan,AFG,1967,0
Afghanistan,AFG,1968,0
Afghanistan,AFG,1969,0
Afghanistan,AFG,1970,0
Afghanistan,AFG,1971,0
Afghanistan,AFG,1972,0
Afghanistan,AFG,1973,0
Afghanistan,AFG,1974,0
Afghanistan,AFG,1975,0
Afghanistan,AFG,1976,9800
Afghanistan,AFG,1977,9000
Afghanistan,AFG,1978,12000
Afghanistan,AFG,1979,10500
Afghanistan,AFG,1980,9900
Afghanistan,AFG,1981,8000
Afghanistan,AFG,1982,11000
Afghanistan,AFG,1983,9700
Afghanistan,AFG,1984,10500
Afghanistan,AFG,1985,9000
Afghanistan,AFG,1986,10000
Afghanistan,AFG,1987,9000
Afghanistan,AFG,1988,9000
Afghanistan,AFG,1989,8800
Afghanistan,AFG,1990,9500
Afghanistan,AFG,1991,9000
Afghanistan,AFG,1992,9900
Afghanistan,AFG,1993,9000
Afghanistan,AFG,1994,9000
Afghanistan,AFG,1995,9000
Afghanistan,AFG,1996,9000
Afghanistan,AFG,1997,9000
Afghanistan,AFG,1998,9000
Afghanistan,AFG,1999,11000
Afghanistan,AFG,2000,12000
Afghanistan,AFG,2001,15000
Afghanistan,AFG,2002,11773.99
Afghanistan,AFG,2003,14000
Afghanistan,AFG,2004,14700
Afghanistan,AFG,2005,15630
Afghanistan,AFG,2006,20000
Afghanistan,AFG,2007,31481
Afghanistan,AFG,2008,42000
Afghanistan,AFG,2009,43183
Afghanistan,AFG,2010,56000
Afghanistan,AFG,2011,60611
Afghanistan,AFG,2012,62000
Afghanistan,AFG,2013,42215
Afghanistan,AFG,2014,27400
Afghanistan,AFG,2015,24246
Afghanistan,AFG,2016,32843
Afghanistan,AFG,2017,27291
Afghanistan,AFG,2018,34413
Afghanistan,AFG,2019,38205
Afghanistan,AFG,2020,39307
Afghanistan,AFG,2021,64256
Afghanistan,AFG,2022,63515
Afghanistan,AFG,2023,67000
Algeria,DZA,1961,6000
Algeria,DZA,1962,6000
Algeria,DZA,1963,6000
Algeria,DZA,1964,6400
Algeria,DZA,1965,6200
Algeria,DZA,1966,5700
Algeria,DZA,1967,5818
Algeria,DZA,1968,4497
Algeria,DZA,1969,2466
Algeria,DZA,1970,3000
Algeria,DZA,1971,2070
Algeria,DZA,1972,3747
Algeria,DZA,1973,4142
Algeria,DZA,1974,4567
Algeria,DZA,1975,4996
Algeria,DZA,1976,8208
Algeria,DZA,1977,4666
Algeria,DZA,1978,3192
Algeria,DZA,1979,3631
Algeria,DZA,1980,3900
Algeria,DZA,1981,7930
Algeria,DZA,1982,6637
Algeria,DZA,1983,7093
Algeria,DZA,1984,7476
Algeria,DZA,1985,9951
Algeria,DZA,1986,8060
Algeria,DZA,1987,8253
Algeria,DZA,1988,9676
Algeria,DZA,1989,12438
Algeria,DZA,1990,11733
Algeria,DZA,1991,15768
Algeria,DZA,1992,17901
Algeria,DZA,1993,24685
Algeria,DZA,1994,19106
Algeria,DZA,1995,19869
Algeria,DZA,1996,33561
Algeria,DZA,1997,19396
Algeria,DZA,1998,21641
Algeria,DZA,1999,25602
Algeria,DZA,2000,26483
Algeria,DZA,2001,25199
Algeria,DZA,2002,32287
Algeria,DZA,2003,32234
Algeria,DZA,2004,37985
Algeria,DZA,2005,45379
Algeria,DZA,2006,53673
Algeria,DZA,2007,34110
Algeria,DZA,2008,39521
Algeria,DZA,2009,47393
Algeria,DZA,2010,56973
Algeria,DZA,2011,50621
Algeria,DZA,2012,66487
Algeria,DZA,2013,63545
Algeria,DZA,2014,64827
Algeria,DZA,2015,76482
Algeria,DZA,2016,66095
Algeria,DZA,2017,61934
Algeria,DZA,2018,57212.58
Algeria,DZA,2019,72412
Algeria,DZA,2020,60832
Algeria,DZA,2021,55448
Algeria,DZA,2022,66232.31
Algeria,DZA,2023,69637.53
Argentina,ARG,1961,80
Argentina,ARG,1962,90
Argentina,ARG,1963,100
Argentina,ARG,1964,100
Argentina,ARG,1965,110
Argentina,ARG,1966,120
Argentina,ARG,1967,118
Argentina,ARG,1968,180
Argentina,ARG,1969,260
Argentina,ARG,1970,350
Argentina,ARG,1971,160
Argentina,ARG,1972,300
Argentina,ARG,1973,100
Argentina,ARG,1974,370
Argentina,ARG,1975,346
Argentina,ARG,1976,125
Argentina,ARG,1977,100
Argentina,ARG,1978,110
Argentina,ARG,1979,160
Argentina,ARG,1980,290
Argentina,ARG,1981,560
Argentina,ARG,1982,380
Argentina,ARG,1983,400
Argentina,ARG,1984,400
Argentina,ARG,1985,400
Argentina,ARG,1986,400
Argentina,ARG,1987,400
Argentina,ARG,1988,400
Argentina,ARG,1989,420
Argentina,ARG,1990,451
Argentina,ARG,1991,430
Argentina,ARG,1992,440
Argentina,ARG,1993,450
Argentina,ARG,1994,452.75
Argentina,ARG,1995,456.34
Argentina,ARG,1996,460
Argentina,ARG,1997,463
Argentina,ARG,1998,466.32
Argentina,ARG,1999,470
Argentina,ARG,2000,473.04
Argentina,ARG,2001,476.36
Argentina,ARG,2002,480
Argentina,ARG,2003,482.43
Argentina,ARG,2004,486.01
Argentina,ARG,2005,489.08
Argentina,ARG,2006,490
Argentina,ARG,2007,500
Argentina,ARG,2008,538.12
Argentina,ARG,2009,576.51
Argentina,ARG,2010,620
Argentina,ARG,2011,620
Argentina,ARG,2012,650
Argentina,ARG,2013,669.03
Argentina,ARG,2014,689.19
Argentina,ARG,2015,714.86
Argentina,ARG,2016,691.02
Argentina,ARG,2017,688.42
Argentina,ARG,2018,683.72
Argentina,ARG,2019,680.62
Argentina,ARG,2020,705.88
Argentina,ARG,2021,709.97
Argentina,ARG,2022,715
Argentina,ARG,2023,720.12
Australia,AUS,1980,3500
Australia,AUS,1981,3250
Australia,AUS,1982,3450
Australia,AUS,1983,3600
Australia,AUS,1984,3700
Australia,AUS,1985,4000
Australia,AUS,1986,4900
Australia,AUS,1987,4500
Australia,AUS,1988,4900
Australia,AUS,1989,5000
Australia,AUS,1990,5000
Australia,AUS,1991,9000
Australia,AUS,1992,9500
Australia,AUS,1993,10000
Australia,AUS,1994,11000
Australia,AUS,1995,12500
Australia,AUS,1996,13000
Australia,AUS,1997,15000
Australia,AUS,1998,17500
Australia,AUS,1999,18000
Australia,AUS,2000,21000
Australia,AUS,2001,20100
Australia,AUS,2002,20600
Australia,AUS,2003,22200
Australia,AUS,2004,25300
Australia,AUS,2005,35600
Australia,AUS,2006,35000
Australia,AUS,2007,58500
Australia,AUS,2008,57400
Australia,AUS,2009,80400
Australia,AUS,2010,86100
Australia,AUS,2011,82900
Australia,AUS,2012,109200
Australia,AUS,2013,161600
Australia,AUS,2014,152470
Australia,AUS,2015,155300
Australia,AUS,2016,174660
Australia,AUS,2017,185980
Australia,AUS,2018,173000
Australia,AUS,2019,212000
Australia,AUS,2020,258000
Australia,AUS,2021,316000
Australia,AUS,2022,365000
Australia,AUS,2023,260000
Azerbaijan,AZE,1992,253
Azerbaijan,AZE,1993,218
Azerbaijan,AZE,1994,204
Azerbaijan,AZE,1995,204
Azerbaijan,AZE,1996,202
Azerbaijan,AZE,1997,193
Azerbaijan,AZE,1998,246
Azerbaijan,AZE,1999,93
Azerbaijan,AZE,2000,119
Azerbaijan,AZE,2001,178
Azerbaijan,AZE,2002,255
Azerbaijan,AZE,2003,197
Azerbaijan,AZE,2004,267
Azerbaijan,AZE,2005,252
Azerbaijan,AZE,2006,527
Azerbaijan,AZE,2007,502
Azerbaijan,AZE,2008,500
Azerbaijan,AZE,2009,505
Azerbaijan,AZE,2010,521
Azerbaijan,AZE,2011,559
Azerbaijan,AZE,2012,565
Azerbaijan,AZE,2013,651
Azerbaijan,AZE,2014,497
Azerbaijan,AZE,2015,1100
Azerbaijan,AZE,2016,1058.8
Azerbaijan,AZE,2017,1087.7
Azerbaijan,AZE,2018,1037.2
Azerbaijan,AZE,2019,915.6
Azerbaijan,AZE,2020,1469.3
Azerbaijan,AZE,2021,3116.1
Azerbaijan,AZE,2022,5318.3
Azerbaijan,AZE,2023,4235.8
Belgium,BEL,2018,0
Belgium,BEL,2019,0
Belgium,BEL,2020,0
Belgium,BEL,2021,0
Belgium,BEL,2022,0
Belgium,BEL,2023,0
Bosnia and Herzegovina,BIH,1992,200
Bosnia and Herzegovina,BIH,1993,140
Bosnia and Herzegovina,BIH,1994,219.16
Bosnia and Herzegovina,BIH,1995,203.68
Bosnia and Herzegovina,BIH,1996,120
Bosnia and Herzegovina,BIH,1997,80
Bosnia and Herzegovina,BIH,1998,72
Bosnia and Herzegovina,BIH,1999,70
Bosnia and Herzegovina,BIH,2000,71
Bosnia and Herzegovina,BIH,2001,66
Bosnia and Herzegovina,BIH,2002,74
Bosnia and Herzegovina,BIH,2003,64
Bosnia and Herzegovina,BIH,2004,85.58
Bosnia and Herzegovina,BIH,2005,82.03
Bosnia and Herzegovina,BIH,2006,57
Bosnia and Herzegovina,BIH,2007,55
Bosnia and Herzegovina,BIH,2008,48
Bosnia and Herzegovina,BIH,2009,49
Bosnia and Herzegovina,BIH,2010,80
Bosnia and Herzegovina,BIH,2011,86
Bosnia and Herzegovina,BIH,2012,49
Bosnia and Herzegovina,BIH,2013,49
Bosnia and Herzegovina,BIH,2014,55
Bosnia and Herzegovina,BIH,2015,59
Bosnia and Herzegovina,BIH,2016,59
Bosnia and Herzegovina,BIH,2017,47.1
Bosnia and Herzegovina,BIH,2018,85
Bosnia and Herzegovina,BIH,2019,84
Bosnia and Herzegovina,BIH,2020,80
Bosnia and Herzegovina,BIH,2021,75
Bosnia and Herzegovina,BIH,2022,18
Bosnia and Herzegovina,BIH,2023,36
Bulgaria,BGR,1961,2097
Bulgaria,BGR,1962,1124
Bulgaria,BGR,1963,1707
Bulgaria,BGR,1964,1802
Bulgaria,BGR,1965,1340
Bulgaria,BGR,1966,1748
Bulgaria,BGR,1967,2736
Bulgaria,BGR,1968,2591
Bulgaria,BGR,1969,2893
Bulgaria,BGR,1970,2052
Bulgaria,BGR,1971,1092
Bulgaria,BGR,1972,1870
Bulgaria,BGR,1973,1889
Bulgaria,BGR,1974,1325
Bulgaria,BGR,1975,1262
Bulgaria,BGR,1976,2199
Bulgaria,BGR,1977,1975
Bulgaria,BGR,1978,1947
Bulgaria,BGR,1979,2295
Bulgaria,BGR,1980,2052
Bulgaria,BGR,1981,1957
Bulgaria,BGR,1982,1094
Bulgaria,BGR,1983,1699
Bulgaria,BGR,1984,556
Bulgaria,BGR,1985,960
Bulgaria,BGR,1986,2229
Bulgaria,BGR,1987,1179
Bulgaria,BGR,1988,1097
Bulgaria,BGR,1989,2159
Bulgaria,BGR,1990,2044
Bulgaria,BGR,1991,1194
Bulgaria,BGR,1992,1115
Bulgaria,BGR,1993,1036
Bulgaria,BGR,1994,957
Bulgaria,BGR,1995,878
Bulgaria,BGR,1996,799
Bulgaria,BGR,1997,800
Bulgaria,BGR,1998,500
Bulgaria,BGR,1999,350
Bulgaria,BGR,2000,400
Bulgaria,BGR,2001,960
Bulgaria,BGR,2002,1371
Bulgaria,BGR,2003,572
Bulgaria,BGR,2004,531
Bulgaria,BGR,2005,243
Bulgaria,BGR,2006,161
Bulgaria,BGR,2007,245
Bulgaria,BGR,2008,100
Bulgaria,BGR,2009,50
Bulgaria,BGR,2010,368
Bulgaria,BGR,2011,673
Bulgaria,BGR,2012,293
Bulgaria,BGR,2013,999
Bulgaria,BGR,2014,438
Bulgaria,BGR,2015,424
Bulgaria,BGR,2016,841
Bulgaria,BGR,2017,713
Bulgaria,BGR,2018,1290
Bulgaria,BGR,2019,720
Bulgaria,BGR,2020,470
Bulgaria,BGR,2021,830
Bulgaria,BGR,2022,960
Bulgaria,BGR,2023,620
Burkina Faso,BFA,1990,750
Burkina Faso,BFA,1991,744.83
Burkina Faso,BFA,1992,745.88
Burkina Faso,BFA,1993,746.89
Burkina Faso,BFA,1994,900
Burkina Faso,BFA,1995,924.95
Burkina Faso,BFA,1996,965.18
Burkina Faso,BFA,1997,1000
Burkina Faso,BFA,1998,1060.56
Burkina Faso,BFA,1999,1119.35
Burkina Faso,BFA,2000,1250
Burkina Faso,BFA,2001,1208.62
Burkina Faso,BFA,2002,1230.27
Burkina Faso,BFA,2003,1248.98
Burkina Faso,BFA,2004,1266.88
Burkina Faso,BFA,2005,1270.46
Burkina Faso,BFA,2006,1291.42
Burkina Faso,BFA,2007,1300
Burkina Faso,BFA,2008,1337.7
Burkina Faso,BFA,2009,1450
Burkina Faso,BFA,2010,1412.77
Burkina Faso,BFA,2011,1405.2
Burkina Faso,BFA,2012,1413.77
Burkina Faso,BFA,2013,1426.22
Burkina Faso,BFA,2014,1488.98
Burkina Faso,BFA,2015,1547.73
Burkina Faso,BFA,2016,1623.64
Burkina Faso,BFA,2017,1700
Burkina Faso,BFA,2018,2200
Burkina Faso,BFA,2019,1841.21
Burkina Faso,BFA,2020,1913.74
Burkina Faso,BFA,2021,1984.98
Burkina Faso,BFA,2022,1913.31
Burkina Faso,BFA,2023,1937.34
Chile,CHL,1961,0
Chile,CHL,1962,0
Chile,CHL,1963,0
Chile,CHL,1964,0
Chile,CHL,1965,0
Chile,CHL,1966,0
Chile,CHL,1967,0
Chile,CHL,1968,0
Chile,CHL,1969,0
Chile,CHL,1970,0
Chile,CHL,1971,0
Chile,CHL,1972,0
Chile,CHL,1973,0
Chile,CHL,1974,475
Chile,CHL,1975,750
Chile,CHL,1976,900
Chile,CHL,1977,1050
Chile,CHL,1978,1100
Chile,CHL,1979,1100
Chile,CHL,1980,1200
Chile,CHL,1981,1330
Chile,CHL,1982,1430
Chile,CHL,1983,1320
Chile,CHL,1984,1560
Chile,CHL,1985,1760
Chile,CHL,1986,1850
Chile,CHL,1987,1450
Chile,CHL,1988,1750
Chile,CHL,1989,2050
Chile,CHL,1990,2240
Chile,CHL,1991,2400
Chile,CHL,1992,2500
Chile,CHL,1993,2600
Chile,CHL,1994,2700
Chile,CHL,1995,2800
Chile,CHL,1996,5200
Chile,CHL,1997,5800
Chile,CHL,1998,6100
Chile,CHL,1999,7400
Chile,CHL,2000,8140
Chile,CHL,2001,8600
Chile,CHL,2002,9100
Chile,CHL,2003,8800
Chile,CHL,2004,9000
Chile,CHL,2005,9800
Chile,CHL,2006,15000
Chile,CHL,2007,17000
Chile,CHL,2008,18000
Chile,CHL,2009,20000
Chile,CHL,2010,22609.68
Chile,CHL,2011,27366.38
Chile,CHL,2012,28896.72
Chile,CHL,2013,29882.75
Chile,CHL,2014,31353.72
Chile,CHL,2015,31709.43
Chile,CHL,2016,33800.51
Chile,CHL,2017,36619.22
Chile,CHL,2018,40788.04
Chile,CHL,2019,42587.67
Chile,CHL,2020,45022.46
Chile,CHL,2021,46665.82
Chile,CHL,2022,48094.56
Chile,CHL,2023,45890.69
China,CHN,1961,5000
China,CHN,1962,5500
China,CHN,1963,5800
China,CHN,1964,6500
China,CHN,1965,7500
China,CHN,1966,8000
China,CHN,1967,7800
China,CHN,1968,8000
China,CHN,1969,8500
China,CHN,1970,7800
China,CHN,1971,8500
China,CHN,1972,8600
China,CHN,1973,9000
China,CHN,1974,10000
China,CHN,1975,10500
China,CHN,1976,9000
China,CHN,1977,10000
China,CHN,1978,11000
China,CHN,1979,12000
China,CHN,1980,12500
China,CHN,1981,10500
China,CHN,1982,11000
China,CHN,1983,12000
China,CHN,1984,12500
China,CHN,1985,13000
China,CHN,1986,14000
China,CHN,1987,15000
China,CHN,1988,14500
China,CHN,1989,16000
China,CHN,1990,17000
China,CHN,1991,18000
China,CHN,1992,18500
China,CHN,1993,17000
China,CHN,1994,18000
China,CHN,1995,19000
China,CHN,1996,22000
China,CHN,1997,23000
China,CHN,1998,20000
China,CHN,1999,22500
China,CHN,2000,17000
China,CHN,2001,20000
China,CHN,2002,22000
China,CHN,2003,23000
China,CHN,2004,24000
China,CHN,2005,25000
China,CHN,2006,28000
China,CHN,2007,30000
China,CHN,2008,32000
China,CHN,2009,35000
China,CHN,2010,38000
China,CHN,2011,42000
China,CHN,2012,43000
China,CHN,2013,43000
China,CHN,2014,42905.09
China,CHN,2015,43079.54
China,CHN,2016,43271.15
China,CHN,2017,86000
China,CHN,2018,86000
China,CHN,2019,90000
China,CHN,2020,88000
China,CHN,2021,84000
China,CHN,2022,104000
China,CHN,2023,10000
Cote d'Ivoire,CIV,1961,0
Cote d'Ivoire,CIV,1962,0
Cote d'Ivoire,CIV,1963,0
Cote d'Ivoire,CIV,1964,0
Cote d'Ivoire,CIV,1965,0
Cote d'Ivoire,CIV,1966,0
Cote d'Ivoire,CIV,1967,0
Cote d'Ivoire,CIV,1968,0
Cote d'Ivoire,CIV,1969,0
Cote d'Ivoire,CIV,1970,0
Cote d'Ivoire,CIV,1971,0
Cote d'Ivoire,CIV,1972,0
Cote d'Ivoire,CIV,1973,0
Cote d'Ivoire,CIV,1974,0
Cote d'Ivoire,CIV,1975,0
Cote d'Ivoire,CIV,1976,0
Cote d'Ivoire,CIV,1977,0
Cote d'Ivoire,CIV,1978,30
Cote d'Ivoire,CIV,1979,35
Cote d'Ivoire,CIV,1980,50
Cote d'Ivoire,CIV,1981,150
Cote d'Ivoire,CIV,1982,150
Cote d'Ivoire,CIV,1983,160
Cote d'Ivoire,CIV,1984,150
Cote d'Ivoire,CIV,1985,150
Cote d'Ivoire,CIV,1986,150
Cote d'Ivoire,CIV,1987,150
Cote d'Ivoire,CIV,1988,150
Cote d'Ivoire,CIV,1989,150
Cote d'Ivoire,CIV,1995,300
Cote d'Ivoire,CIV,1996,313.42
Cote d'Ivoire,CIV,1997,320
Cote d'Ivoire,CIV,1998,400
Cote d'Ivoire,CIV,1999,491.44
Cote d'Ivoire,CIV,2000,520
Cote d'Ivoire,CIV,2001,573.21
Cote d'Ivoire,CIV,2002,600
Cote d'Ivoire,CIV,2003,650
Cote d'Ivoire,CIV,2004,700
Cote d'Ivoire,CIV,2005,750
Cote d'Ivoire,CIV,2006,800
Cote d'Ivoire,CIV,2007,926.33
Cote d'Ivoire,CIV,2008,1044.69
Cote d'Ivoire,CIV,2009,1050
Cote d'Ivoire,CIV,2010,1100
Cote d'Ivoire,CIV,2011,1384.81
Cote d'Ivoire,CIV,2012,1480
Cote d'Ivoire,CIV,2013,1500
Cote d'Ivoire,CIV,2014,1563.35
Cote d'Ivoire,CIV,2015,1776
Cote d'Ivoire,CIV,2016,1613.12
Cote d'Ivoire,CIV,2017,1650.82
Cote d'Ivoire,CIV,2018,1722.85
Cote d'Ivoire,CIV,2019,1662.26
Cote d'Ivoire,CIV,2020,1678.64
Cote d'Ivoire,CIV,2021,1687.92
Cote d'Ivoire,CIV,2022,1676.27
Cote d'Ivoire,CIV,2023,1680.94
Croatia,HRV,1992,1294
Croatia,HRV,1993,1573
Croatia,HRV,1994,2031
Croatia,HRV,1995,1757
Croatia,HRV,1996,1969
Croatia,HRV,1997,2033
Croatia,HRV,1998,2138
Croatia,HRV,1999,3315
Croatia,HRV,2000,2357
Croatia,HRV,2001,2146
Croatia,HRV,2002,2175
Croatia,HRV,2003,1297
Croatia,HRV,2004,1091
Croatia,HRV,2005,777
Croatia,HRV,2006,568
Croatia,HRV,2007,536
Croatia,HRV,2008,651
Croatia,HRV,2009,1493
Croatia,HRV,2010,143
Croatia,HRV,2011,143
Croatia,HRV,2012,158
Croatia,HRV,2013,74
Croatia,HRV,2014,69
Croatia,HRV,2015,272
Croatia,HRV,2016,233
Croatia,HRV,2017,61
Croatia,HRV,2018,60
Croatia,HRV,2019,250
Croatia,HRV,2020,780
Croatia,HRV,2021,70
Croatia,HRV,2022,130
Croatia,HRV,2023,130
Cyprus,CYP,1961,2438
Cyprus,CYP,1962,2540
Cyprus,CYP,1963,2604
Cyprus,CYP,1964,2438
Cyprus,CYP,1965,3280
Cyprus,CYP,1966,3556
Cyprus,CYP,1967,4064
Cyprus,CYP,1968,5080
Cyprus,CYP,1969,5080
Cyprus,CYP,1970,4064
Cyprus,CYP,1971,4064
Cyprus,CYP,1972,4064
Cyprus,CYP,1973,1016
Cyprus,CYP,1974,3556
Cyprus,CYP,1975,3048
Cyprus,CYP,1976,3759
Cyprus,CYP,1977,4064
Cyprus,CYP,1978,4267
Cyprus,CYP,1979,2438
Cyprus,CYP,1980,3048
Cyprus,CYP,1981,3353
Cyprus,CYP,1982,1930
Cyprus,CYP,1983,3600
Cyprus,CYP,1984,3500
Cyprus,CYP,1985,1600
Cyprus,CYP,1986,3000
Cyprus,CYP,1987,1400
Cyprus,CYP,1988,1800
Cyprus,CYP,1989,2000
Cyprus,CYP,1990,1900
Cyprus,CYP,1991,1300
Cyprus,CYP,1992,1200
Cyprus,CYP,1993,2800
Cyprus,CYP,1994,550
Cyprus,CYP,1995,3500
Cyprus,CYP,1996,1250
Cyprus,CYP,1997,1360
Cyprus,CYP,1998,1600
Cyprus,CYP,1999,1100
Cyprus,CYP,2000,1800
Cyprus,CYP,2001,500
Cyprus,CYP,2002,2000
Cyprus,CYP,2003,650
Cyprus,CYP,2004,693
Cyprus,CYP,2005,909
Cyprus,CYP,2006,660
Cyprus,CYP,2007,668
Cyprus,CYP,2008,432
Cyprus,CYP,2009,332
Cyprus,CYP,2010,510
Cyprus,CYP,2011,953
Cyprus,CYP,2012,186
Cyprus,CYP,2013,418
Cyprus,CYP,2014,354
Cyprus,CYP,2015,367
Cyprus,CYP,2016,282
Cyprus,CYP,2017,263
Cyprus,CYP,2018,350
Cyprus,CYP,2019,340
Cyprus,CYP,2020,470
Cyprus,CYP,2021,360
Cyprus,CYP,2022,420
Cyprus,CYP,2023,420
Estonia,EST,2018,0
Estonia,EST,2019,0
Estonia,EST,2020,0
Estonia,EST,2021,0
Estonia,EST,2022,0
Estonia,EST,2023,0
Eswatini,SWZ,1997,700
Eswatini,SWZ,1998,808.46
Eswatini,SWZ,1999,840.89
Eswatini,SWZ,2000,874.96
Eswatini,SWZ,2001,1700
Eswatini,SWZ,2002,700
Eswatini,SWZ,2003,500
Eswatini,SWZ,2004,480
Eswatini,SWZ,2005,833.7
Eswatini,SWZ,2006,750
Eswatini,SWZ,2007,879.08
Eswatini,SWZ,2008,908.38
Eswatini,SWZ,2009,950.58
Eswatini,SWZ,2010,1005.3
Eswatini,SWZ,2011,1049.81
Eswatini,SWZ,2012,1250
Eswatini,SWZ,2013,1024.65
Eswatini,SWZ,2014,993.2
Eswatini,SWZ,2015,1023.12
Eswatini,SWZ,2016,1025.99
Eswatini,SWZ,2017,1029.56
Eswatini,SWZ,2018,1036.67
Eswatini,SWZ,2019,1044.82
Eswatini,SWZ,2020,1054.43
Eswatini,SWZ,2021,1046.94
Eswatini,SWZ,2022,1055.2
Eswatini,SWZ,2023,1063.45
Finland,FIN,2018,0
Finland,FIN,2019,0
Finland,FIN,2020,0
Finland,FIN,2021,0
Finland,FIN,2022,0
Finland,FIN,2023,0
France,FRA,1961,3680
France,FRA,1962,1760
France,FRA,1963,3620
France,FRA,1964,1990
France,FRA,1965,1970
France,FRA,1966,1340
France,FRA,1967,1558
France,FRA,1968,2010
France,FRA,1969,2637
France,FRA,1970,2630
France,FRA,1971,2210
France,FRA,1972,3890
France,FRA,1973,4000
France,FRA,1974,4260
France,FRA,1975,3419
France,FRA,1976,3725
France,FRA,1977,1280
France,FRA,1978,3880
France,FRA,1979,3580
France,FRA,1980,3700
France,FRA,1981,3500
France,FRA,1982,3400
France,FRA,1983,4400
France,FRA,1984,3000
France,FRA,1985,4000
France,FRA,1986,4290
France,FRA,1987,4500
France,FRA,1988,2800
France,FRA,1989,3561
France,FRA,1990,4200
France,FRA,1991,4967.7
France,FRA,1992,4630.8
France,FRA,1993,2779.2
France,FRA,1994,3950.1
France,FRA,1995,2218.3
France,FRA,1996,2089.2
France,FRA,1997,2658.7
France,FRA,1998,1649.7
France,FRA,1999,1855.2
France,FRA,2000,2025
France,FRA,2001,1613.5
France,FRA,2002,2223.5
France,FRA,2003,1908.4
France,FRA,2004,2257.4
France,FRA,2005,2020
France,FRA,2006,1780
France,FRA,2007,1591
France,FRA,2008,1042
France,FRA,2009,1099.7
France,FRA,2010,713.4
France,FRA,2011,635.3
France,FRA,2012,988.4
France,FRA,2013,630
France,FRA,2014,1067
France,FRA,2015,780
France,FRA,2016,1139
France,FRA,2017,1078
France,FRA,2018,1130
France,FRA,2019,1130
France,FRA,2020,2060
France,FRA,2021,1940
France,FRA,2022,2520
France,FRA,2023,2130
Gambia,GMB,2011,0
Gambia,GMB,2013,0
Georgia,GEO,1992,850
Georgia,GEO,1993,566.45
Georgia,GEO,1994,150
Georgia,GEO,1995,1000
Georgia,GEO,1996,800
Georgia,GEO,1997,1000
Georgia,GEO,1998,1000
Georgia,GEO,1999,1000
Georgia,GEO,2000,1000
Georgia,GEO,2001,800
Georgia,GEO,2002,773.16
Georgia,GEO,2003,776.51
Georgia,GEO,2004,770.74
Georgia,GEO,2005,751.72
Georgia,GEO,2006,650
Georgia,GEO,2007,770
Georgia,GEO,2008,800
Georgia,GEO,2009,700
Georgia,GEO,2010,826.34
Georgia,GEO,2011,857.23
Georgia,GEO,2012,889.05
Georgia,GEO,2013,998.81
Georgia,GEO,2014,984.47
Georgia,GEO,2015,923.36
Georgia,GEO,2016,968.88
Georgia,GEO,2017,949.76
Georgia,GEO,2018,939.47
Georgia,GEO,2019,944.22
Georgia,GEO,2020,954.65
Georgia,GEO,2021,938.2
Georgia,GEO,2022,943.66
Georgia,GEO,2023,949.11
Greece,GRC,1961,41146
Greece,GRC,1962,24059
Greece,GRC,1963,28018
Greece,GRC,1964,27087
Greece,GRC,1965,28991
Greece,GRC,1966,30700
Greece,GRC,1967,38504
Greece,GRC,1968,31018
Greece,GRC,1969,27208
Greece,GRC,1970,24347
Greece,GRC,1971,18671
Greece,GRC,1972,26241
Greece,GRC,1973,26760
Greece,GRC,1974,32089
Greece,GRC,1975,41632
Greece,GRC,1976,35595
Greece,GRC,1977,31108
Greece,GRC,1978,41504
Greece,GRC,1979,29800
Greece,GRC,1980,41000
Greece,GRC,1981,73181
Greece,GRC,1982,49782
Greece,GRC,1983,59231
Greece,GRC,1984,53688
Greece,GRC,1985,57168
Greece,GRC,1986,51823
Greece,GRC,1987,34186
Greece,GRC,1988,62213
Greece,GRC,1989,62677
Greece,GRC,1990,53394
Greece,GRC,1991,56185
Greece,GRC,1992,61869
Greece,GRC,1993,56658.83
Greece,GRC,1994,58859.23
Greece,GRC,1995,57577
Greece,GRC,1996,51359
Greece,GRC,1997,56046
Greece,GRC,1998,40344
Greece,GRC,1999,60425
Greece,GRC,2000,50950.95
Greece,GRC,2001,55116
Greece,GRC,2002,38130
Greece,GRC,2003,36502.23
Greece,GRC,2004,48177
Greece,GRC,2005,48194
Greece,GRC,2006,50708
Greece,GRC,2007,45688.83
Greece,GRC,2008,45988.89
Greece,GRC,2009,39580.91
Greece,GRC,2010,43247.11
Greece,GRC,2011,40105.28
Greece,GRC,2012,41865.52
Greece,GRC,2013,39164.56
Greece,GRC,2014,36898.18
Greece,GRC,2015,37564.91
Greece,GRC,2016,38562.92
Greece,GRC,2017,42999
Greece,GRC,2018,26710
Greece,GRC,2019,21950
Greece,GRC,2020,28240
Greece,GRC,2021,26790
Greece,GRC,2022,39680
Greece,GRC,2023,36730
Hungary,HUN,1961,1000
Hungary,HUN,1962,3300
Hungary,HUN,1963,1000
Hungary,HUN,1964,800
Hungary,HUN,1965,2000
Hungary,HUN,1966,1203
Hungary,HUN,1967,1653
Hungary,HUN,1968,1114
Hungary,HUN,1969,1427
Hungary,HUN,1970,1703
Hungary,HUN,1971,1687
Hungary,HUN,1972,1783
Hungary,HUN,1973,1571
Hungary,HUN,1974,1642
Hungary,HUN,1975,1920
Hungary,HUN,1976,2122
Hungary,HUN,1977,1425
Hungary,HUN,1978,1558
Hungary,HUN,1979,1384
Hungary,HUN,1980,1144
Hungary,HUN,1981,1162
Hungary,HUN,1982,1084
Hungary,HUN,1983,1141
Hungary,HUN,1984,1214
Hungary,HUN,1985,821
Hungary,HUN,1986,701
Hungary,HUN,1987,466
Hungary,HUN,1988,427
Hungary,HUN,1989,505
Hungary,HUN,1990,483
Hungary,HUN,1991,417
Hungary,HUN,1992,406
Hungary,HUN,1993,397
Hungary,HUN,1994,400
Hungary,HUN,1995,300
Hungary,HUN,1996,400
Hungary,HUN,1997,408.58
Hungary,HUN,1998,470
Hungary,HUN,1999,788
Hungary,HUN,2000,680
Hungary,HUN,2001,207
Hungary,HUN,2002,225
Hungary,HUN,2003,257
Hungary,HUN,2004,347
Hungary,HUN,2005,323
Hungary,HUN,2006,279
Hungary,HUN,2007,182
Hungary,HUN,2008,161
Hungary,HUN,2009,144
Hungary,HUN,2010,105
Hungary,HUN,2011,102
Hungary,HUN,2012,80
Hungary,HUN,2013,130
Hungary,HUN,2014,140
Hungary,HUN,2015,154
Hungary,HUN,2016,99
Hungary,HUN,2017,101
Hungary,HUN,2018,110
Hungary,HUN,2019,130
Hungary,HUN,2020,130
Hungary,HUN,2021,190
Hungary,HUN,2022,410
Hungary,HUN,2023,350
Iran,IRN,1961,24000
Iran,IRN,1962,30000
Iran,IRN,1963,20000
Iran,IRN,1964,20000
Iran,IRN,1965,23000
Iran,IRN,1966,6000
Iran,IRN,1967,20000
Iran,IRN,1968,34000
Iran,IRN,1969,29000
Iran,IRN,1970,25000
Iran,IRN,1971,47000
Iran,IRN,1972,57000
Iran,IRN,1973,49000
Iran,IRN,1974,46000
Iran,IRN,1975,43000
Iran,IRN,1976,50000
Iran,IRN,1977,45000
Iran,IRN,1978,55000
Iran,IRN,1979,48000
Iran,IRN,1980,50000
Iran,IRN,1981,42203
Iran,IRN,1982,57457
Iran,IRN,1983,62115
Iran,IRN,1984,68889
Iran,IRN,1985,59507
Iran,IRN,1986,74793
Iran,IRN,1987,63247
Iran,IRN,1988,64196
Iran,IRN,1989,66522
Iran,IRN,1990,69866
Iran,IRN,1991,65544
Iran,IRN,1992,72213
Iran,IRN,1993,84397
Iran,IRN,1994,99873.1
Iran,IRN,1995,79631.6
Iran,IRN,1996,91158
Iran,IRN,1997,74396
Iran,IRN,1998,111996
Iran,IRN,1999,95900
Iran,IRN,2000,78582.3
Iran,IRN,2001,97151.7
Iran,IRN,2002,107445.3
Iran,IRN,2003,120279.6
Iran,IRN,2004,71199.8
Iran,IRN,2005,98684.5
Iran,IRN,2006,175720.3
Iran,IRN,2007,156216.8
Iran,IRN,2008,118779.5
Iran,IRN,2009,123866
Iran,IRN,2010,121426.7
Iran,IRN,2011,119322
Iran,IRN,2012,120464
Iran,IRN,2013,155526.9
Iran,IRN,2014,136338
Iran,IRN,2015,146000
Iran,IRN,2016,111845
Iran,IRN,2017,129566
Iran,IRN,2018,200882.28
Iran,IRN,2019,177014.83
Iran,IRN,2020,140111.66
Iran,IRN,2021,100048.69
Iran,IRN,2022,88560.71
Iran,IRN,2023,102414.06
Iraq,IRQ,1961,300
Iraq,IRQ,1962,300
Iraq,IRQ,1963,350
Iraq,IRQ,1964,350
Iraq,IRQ,1965,370
Iraq,IRQ,1966,380
Iraq,IRQ,1967,350
Iraq,IRQ,1968,350
Iraq,IRQ,1969,450
Iraq,IRQ,1970,480
Iraq,IRQ,1971,506
Iraq,IRQ,1972,510
Iraq,IRQ,1973,450
Iraq,IRQ,1974,400
Iraq,IRQ,1975,550
Iraq,IRQ,1976,560
Iraq,IRQ,1977,570
Iraq,IRQ,1978,580
Iraq,IRQ,1979,590
Iraq,IRQ,1980,600
Iraq,IRQ,1981,600
Iraq,IRQ,1982,650
Iraq,IRQ,1983,700
Iraq,IRQ,1984,700
Iraq,IRQ,1985,700
Iraq,IRQ,1986,750
Iraq,IRQ,1987,700
Iraq,IRQ,1988,720
Iraq,IRQ,1989,740
Iraq,IRQ,1990,750
Iraq,IRQ,1991,600
Iraq,IRQ,1992,650
Iraq,IRQ,1993,700
Iraq,IRQ,1994,680
Iraq,IRQ,1995,610
Iraq,IRQ,1996,600
Iraq,IRQ,1997,591.04
Iraq,IRQ,1998,610
Iraq,IRQ,1999,550
Iraq,IRQ,2000,500
Iraq,IRQ,2001,519.08
Iraq,IRQ,2002,440
Iraq,IRQ,2003,430
Iraq,IRQ,2004,470.59
Iraq,IRQ,2005,400
Iraq,IRQ,2006,537.34
Iraq,IRQ,2007,390
Iraq,IRQ,2008,441.16
Iraq,IRQ,2009,464.59
Iraq,IRQ,2010,452.99
Iraq,IRQ,2011,469.29
Iraq,IRQ,2012,560
Iraq,IRQ,2013,465.34
Iraq,IRQ,2014,442.52
Iraq,IRQ,2015,455.97
Iraq,IRQ,2016,442.27
Iraq,IRQ,2017,432.8
Iraq,IRQ,2018,427.69
Iraq,IRQ,2019,424.41
Iraq,IRQ,2020,428.95
Iraq,IRQ,2021,433.22
Iraq,IRQ,2022,431.41
Iraq,IRQ,2023,429.6
Ireland,IRL,2018,0
Ireland,IRL,2019,0
Ireland,IRL,2020,0
Ireland,IRL,2021,0
Ireland,IRL,2022,0
Ireland,IRL,2023,0
Israel,ISR,1961,150
Israel,ISR,1962,250
Israel,ISR,1963,450
Israel,ISR,1964,600
Israel,ISR,1965,800
Israel,ISR,1966,750
Israel,ISR,1967,1200
Israel,ISR,1968,1700
Israel,ISR,1969,1700
Israel,ISR,1970,1800
Israel,ISR,1971,2100
Israel,ISR,1972,3350
Israel,ISR,1973,2500
Israel,ISR,1974,3200
Israel,ISR,1975,3550
Israel,ISR,1976,4000
Israel,ISR,1977,4300
Israel,ISR,1978,4300
Israel,ISR,1979,4200
Israel,ISR,1980,3000
Israel,ISR,1981,3000
Israel,ISR,1982,2400
Israel,ISR,1983,2000
Israel,ISR,1984,3200
Israel,ISR,1985,1400
Israel,ISR,1986,3300
Israel,ISR,1987,1600
Israel,ISR,1988,2700
Israel,ISR,1989,2800
Israel,ISR,1990,3335
Israel,ISR,1991,3100
Israel,ISR,1992,3000
Israel,ISR,1993,3400
Israel,ISR,1994,2600
Israel,ISR,1995,3100
Israel,ISR,1996,3330
Israel,ISR,1997,4800
Israel,ISR,1998,3500
Israel,ISR,1999,3500
Israel,ISR,2000,5068
Israel,ISR,2001,4418
Israel,ISR,2002,9142
Israel,ISR,2003,4900
Israel,ISR,2004,4210
Israel,ISR,2005,9233
Israel,ISR,2006,9426
Israel,ISR,2007,6478
Israel,ISR,2008,6276
Israel,ISR,2009,11762
Israel,ISR,2010,5500
Israel,ISR,2011,6667
Israel,ISR,2012,9000
Israel,ISR,2013,8500
Israel,ISR,2014,6700
Israel,ISR,2015,6000
Israel,ISR,2016,8500
Israel,ISR,2017,8903
Israel,ISR,2018,8503
Israel,ISR,2019,10006
Israel,ISR,2020,9228
Israel,ISR,2021,10028
Israel,ISR,2022,10803
Israel,ISR,2023,10503
Italy,ITA,1961,328500
Italy,ITA,1962,98900
Italy,ITA,1963,215500
Italy,ITA,1964,255800
Italy,ITA,1965,226400
Italy,ITA,1966,236900
Italy,ITA,1967,245400
Italy,ITA,1968,297100
Italy,ITA,1969,191900
Italy,ITA,1970,230600
Italy,ITA,1971,134900
Italy,ITA,1972,127700
Italy,ITA,1973,60200
Italy,ITA,1974,119200
Italy,ITA,1975,103100
Italy,ITA,1976,134000
Italy,ITA,1977,176100
Italy,ITA,1978,175000
Italy,ITA,1979,101000
Italy,ITA,1980,155600
Italy,ITA,1981,266500
Italy,ITA,1982,115000
Italy,ITA,1983,127200
Italy,ITA,1984,100500
Italy,ITA,1985,105650
Italy,ITA,1986,122700
Italy,ITA,1987,121790
Italy,ITA,1988,114400
Italy,ITA,1989,97800
Italy,ITA,1990,94970
Italy,ITA,1991,126440
Italy,ITA,1992,99013
Italy,ITA,1993,99106
Italy,ITA,1994,89944
Italy,ITA,1995,90284
Italy,ITA,1996,84140
Italy,ITA,1997,104494
Italy,ITA,1998,87998
Italy,ITA,1999,103100
Italy,ITA,2000,104755
Italy,ITA,2001,104000
Italy,ITA,2002,104891
Italy,ITA,2003,91382
Italy,ITA,2004,105245
Italy,ITA,2005,118344
Italy,ITA,2006,112796
Italy,ITA,2007,112644
Italy,ITA,2008,118723
Italy,ITA,2009,106660
Italy,ITA,2010,108160
Italy,ITA,2011,104790
Italy,ITA,2012,89865.1
Italy,ITA,2013,72584.4
Italy,ITA,2014,74016.3
Italy,ITA,2015,70399
Italy,ITA,2016,74584.1
Italy,ITA,2017,79599
Italy,ITA,2018,79800
Italy,ITA,2019,77300
Italy,ITA,2020,80520
Italy,ITA,2021,71620
Italy,ITA,2022,74590
Italy,ITA,2023,77680
Jordan,JOR,1961,2000
Jordan,JOR,1962,3000
Jordan,JOR,1963,3000
Jordan,JOR,1964,3000
Jordan,JOR,1965,3283
Jordan,JOR,1966,3678
Jordan,JOR,1967,3840
Jordan,JOR,1968,1228
Jordan,JOR,1969,83
Jordan,JOR,1970,0
Jordan,JOR,1971,1226
Jordan,JOR,1972,991
Jordan,JOR,1973,207
Jordan,JOR,1974,757
Jordan,JOR,1975,557
Jordan,JOR,1976,564
Jordan,JOR,1977,1520
Jordan,JOR,1978,400
Jordan,JOR,1979,898
Jordan,JOR,1980,700
Jordan,JOR,1981,465
Jordan,JOR,1982,465
Jordan,JOR,1983,500
Jordan,JOR,1984,313
Jordan,JOR,1985,1465
Jordan,JOR,1986,504
Jordan,JOR,1987,1088
Jordan,JOR,1988,1119
Jordan,JOR,1989,1178
Jordan,JOR,1990,1260
Jordan,JOR,1991,1891
Jordan,JOR,1992,1905
Jordan,JOR,1993,2037
Jordan,JOR,1994,882
Jordan,JOR,1995,1002
Jordan,JOR,1996,963
Jordan,JOR,1997,946
Jordan,JOR,1998,1024
Jordan,JOR,1999,1071
Jordan,JOR,2000,1658
Jordan,JOR,2001,1005
Jordan,JOR,2002,2484
Jordan,JOR,2003,2118
Jordan,JOR,2004,2094
Jordan,JOR,2005,2391
Jordan,JOR,2006,3144
Jordan,JOR,2007,1341
Jordan,JOR,2008,1344
Jordan,JOR,2009,1003
Jordan,JOR,2010,2419
Jordan,JOR,2011,1893
Jordan,JOR,2012,1902
Jordan,JOR,2013,2143
Jordan,JOR,2014,2143
Jordan,JOR,2015,3229
Jordan,JOR,2016,3498
Jordan,JOR,2017,1801
Jordan,JOR,2018,1685
Jordan,JOR,2019,1409
Jordan,JOR,2020,1403
Jordan,JOR,2021,1535
Jordan,JOR,2022,1848.2
Jordan,JOR,2023,2652
Kazakhstan,KAZ,1995,200
Kazakhstan,KAZ,1996,232.31
Kazakhstan,KAZ,1997,238.69
Kazakhstan,KAZ,1998,244.92
Kazakhstan,KAZ,1999,250.94
Kazakhstan,KAZ,2000,256.72
Kazakhstan,KAZ,2001,262.67
Kazakhstan,KAZ,2002,300
Kazakhstan,KAZ,2003,268.12
Kazakhstan,KAZ,2004,268.76
Kazakhstan,KAZ,2005,270.99
Kazakhstan,KAZ,2006,320
Kazakhstan,KAZ,2007,300
Kazakhstan,KAZ,2008,100
Kazakhstan,KAZ,2009,143.8
Kazakhstan,KAZ,2010,147.49
Kazakhstan,KAZ,2011,147.11
Kazakhstan,KAZ,2012,100
Kazakhstan,KAZ,2013,136.17
Kazakhstan,KAZ,2014,100
Kazakhstan,KAZ,2015,96.03
Kazakhstan,KAZ,2016,110.73
Kazakhstan,KAZ,2017,102.25
Kazakhstan,KAZ,2018,103.01
Kazakhstan,KAZ,2019,102.79
Kazakhstan,KAZ,2020,102.57
Kazakhstan,KAZ,2021,101.16
Kazakhstan,KAZ,2022,102.17
Kazakhstan,KAZ,2023,101.97
Kyrgyzstan,KGZ,1992,500
Kyrgyzstan,KGZ,1993,520.02
Kyrgyzstan,KGZ,1994,542.85
Kyrgyzstan,KGZ,1995,599.17
Kyrgyzstan,KGZ,1996,600
Kyrgyzstan,KGZ,1997,500
Kyrgyzstan,KGZ,1998,700
Kyrgyzstan,KGZ,1999,800
Kyrgyzstan,KGZ,2000,1000
Kyrgyzstan,KGZ,2001,1190
Kyrgyzstan,KGZ,2002,1500
Kyrgyzstan,KGZ,2003,1501.82
Kyrgyzstan,KGZ,2004,1583.64
Kyrgyzstan,KGZ,2005,1489.07
Kyrgyzstan,KGZ,2006,1501.47
Kyrgyzstan,KGZ,2007,1512.86
Kyrgyzstan,KGZ,2008,1484.69
Kyrgyzstan,KGZ,2009,1517.21
Kyrgyzstan,KGZ,2010,1500
Kyrgyzstan,KGZ,2011,1602.53
Kyrgyzstan,KGZ,2012,1700
Kyrgyzstan,KGZ,2013,1700
Kyrgyzstan,KGZ,2014,1700
Kyrgyzstan,KGZ,2015,1687.62
Kyrgyzstan,KGZ,2016,1670.09
Kyrgyzstan,KGZ,2017,1651.77
Kyrgyzstan,KGZ,2018,1635.66
Kyrgyzstan,KGZ,2019,1624.18
Kyrgyzstan,KGZ,2020,1702.99
Kyrgyzstan,KGZ,2021,1702.88
Kyrgyzstan,KGZ,2022,1710.82
Kyrgyzstan,KGZ,2023,1718.75
Latvia,LVA,2018,0
Latvia,LVA,2019,0
Latvia,LVA,2020,0
Latvia,LVA,2021,0
Latvia,LVA,2022,0
Latvia,LVA,2023,0
Lebanon,LBN,1961,2500
Lebanon,LBN,1962,2800
Lebanon,LBN,1963,3000
Lebanon,LBN,1964,1800
Lebanon,LBN,1965,2400
Lebanon,LBN,1966,2392
Lebanon,LBN,1967,5948
Lebanon,LBN,1968,4557
Lebanon,LBN,1969,2438
Lebanon,LBN,1970,3521
Lebanon,LBN,1971,3277
Lebanon,LBN,1972,4859
Lebanon,LBN,1973,5181
Lebanon,LBN,1974,5319
Lebanon,LBN,1975,5300
Lebanon,LBN,1976,5500
Lebanon,LBN,1977,6000
Lebanon,LBN,1978,6000
Lebanon,LBN,1979,6000
Lebanon,LBN,1980,6500
Lebanon,LBN,1981,6000
Lebanon,LBN,1982,5600
Lebanon,LBN,1983,6000
Lebanon,LBN,1984,6800
Lebanon,LBN,1985,7600
Lebanon,LBN,1986,8500
Lebanon,LBN,1987,9300
Lebanon,LBN,1988,10000
Lebanon,LBN,1989,11500
Lebanon,LBN,1990,13000
Lebanon,LBN,1991,14756
Lebanon,LBN,1992,9981
Lebanon,LBN,1993,15500
Lebanon,LBN,1994,18000
Lebanon,LBN,1995,28000
Lebanon,LBN,1996,37385
Lebanon,LBN,1997,31254
Lebanon,LBN,1998,32500
Lebanon,LBN,1999,28600
Lebanon,LBN,2000,24700
Lebanon,LBN,2001,23900
Lebanon,LBN,2002,23000
Lebanon,LBN,2003,27400
Lebanon,LBN,2004,27500
Lebanon,LBN,2005,28300
Lebanon,LBN,2006,28000
Lebanon,LBN,2007,29400
Lebanon,LBN,2008,30000
Lebanon,LBN,2009,34300
Lebanon,LBN,2010,27164.62
Lebanon,LBN,2011,26484.76
Lebanon,LBN,2012,30099.88
Lebanon,LBN,2013,29656.17
Lebanon,LBN,2014,28753.76
Lebanon,LBN,2015,27913.5
Lebanon,LBN,2016,25862
Lebanon,LBN,2017,33532
Lebanon,LBN,2018,32970
Lebanon,LBN,2019,34340
Lebanon,LBN,2020,29420
Lebanon,LBN,2021,25940
Lebanon,LBN,2022,25781.58
Lebanon,LBN,2023,29309.03
Libya,LBY,1961,2600
Libya,LBY,1962,2300
Libya,LBY,1963,1800
Libya,LBY,1964,1600
Libya,LBY,1965,2900
Libya,LBY,1966,2832
Libya,LBY,1967,2604
Libya,LBY,1968,2588
Libya,LBY,1969,3569
Libya,LBY,1970,3787
Libya,LBY,1971,3560
Libya,LBY,1972,4515
Libya,LBY,1973,4850
Libya,LBY,1974,3345
Libya,LBY,1975,4236
Libya,LBY,1976,5387
Libya,LBY,1977,4690
Libya,LBY,1978,5275
Libya,LBY,1979,5500
Libya,LBY,1980,5275
Libya,LBY,1981,7500
Libya,LBY,1982,12933
Libya,LBY,1983,14440
Libya,LBY,1984,10162
Libya,LBY,1985,15000
Libya,LBY,1986,22500
Libya,LBY,1987,33070
Libya,LBY,1988,33070
Libya,LBY,1989,33070
Libya,LBY,1990,33070
Libya,LBY,1991,30000
Libya,LBY,1992,28913.15
Libya,LBY,1993,28000
Libya,LBY,1994,27684.87
Libya,LBY,1995,27000
Libya,LBY,1996,26835.41
Libya,LBY,1997,26554.34
Libya,LBY,1998,26211.13
Libya,LBY,1999,26000
Libya,LBY,2000,26100
Libya,LBY,2001,26500
Libya,LBY,2002,25990.66
Libya,LBY,2003,25457.02
Libya,LBY,2004,25000
Libya,LBY,2005,25500
Libya,LBY,2006,26000
Libya,LBY,2007,26500
Libya,LBY,2008,27000
Libya,LBY,2009,29000
Libya,LBY,2010,29500
Libya,LBY,2011,30000
Libya,LBY,2012,32000
Libya,LBY,2013,33594.97
Libya,LBY,2014,35133.85
Libya,LBY,2015,34577.48
Libya,LBY,2016,34578.08
Libya,LBY,2017,34615.84
Libya,LBY,2018,37470
Libya,LBY,2019,38420
Libya,LBY,2020,34690
Libya,LBY,2021,34600
Libya,LBY,2022,33916.08
Libya,LBY,2023,35823.66
Lithuania,LTU,2018,0
Lithuania,LTU,2019,0
Lithuania,LTU,2020,0
Lithuania,LTU,2021,0
Lithuania,LTU,2022,0
Lithuania,LTU,2023,0
Luxembourg,LUX,2018,0
Luxembourg,LUX,2019,0
Luxembourg,LUX,2020,0
Luxembourg,LUX,2021,0
Luxembourg,LUX,2022,0
Luxembourg,LUX,2023,0
Malta,MLT,2018,0
Malta,MLT,2019,0
Malta,MLT,2020,0
Malta,MLT,2021,0
Malta,MLT,2022,0
Malta,MLT,2023,0
Mexico,MEX,1961,0
Mexico,MEX,1962,0
Mexico,MEX,1963,0
Mexico,MEX,1964,0
Mexico,MEX,1965,0
Mexico,MEX,1966,0
Mexico,MEX,1967,0
Mexico,MEX,1968,0
Mexico,MEX,1969,0
Mexico,MEX,1970,0
Mexico,MEX,1971,0
Mexico,MEX,1972,0
Mexico,MEX,1973,0
Mexico,MEX,1974,0
Mexico,MEX,1975,0
Mexico,MEX,1976,0
Mexico,MEX,1977,0
Mexico,MEX,1978,0
Mexico,MEX,1979,0
Mexico,MEX,1980,1027
Mexico,MEX,1981,1512
Mexico,MEX,1982,1281
Mexico,MEX,1983,1432
Mexico,MEX,1984,14
Mexico,MEX,1985,49
Mexico,MEX,1986,499
Mexico,MEX,1987,16
Mexico,MEX,1988,416
Mexico,MEX,1989,417
Mexico,MEX,1990,411
Mexico,MEX,1991,119
Mexico,MEX,1992,132
Mexico,MEX,1993,360
Mexico,MEX,1994,103
Mexico,MEX,1995,92
Mexico,MEX,1996,113
Mexico,MEX,1997,109
Mexico,MEX,1998,152
Mexico,MEX,1999,74
Mexico,MEX,2000,97
Mexico,MEX,2001,57
Mexico,MEX,2002,76
Mexico,MEX,2003,82
Mexico,MEX,2004,60
Mexico,MEX,2005,56.21
Mexico,MEX,2006,58.31
Mexico,MEX,2007,60.66
Mexico,MEX,2008,59.69
Mexico,MEX,2009,58.72
Mexico,MEX,2010,57.75
Mexico,MEX,2011,56.79
Mexico,MEX,2012,55.82
Mexico,MEX,2013,54.85
Mexico,MEX,2014,47.12
Mexico,MEX,2015,45.78
Mexico,MEX,2016,49.25
Mexico,MEX,2017,47.38
Mexico,MEX,2018,47.47
Mexico,MEX,2019,48.03
Mexico,MEX,2020,47.63
Mexico,MEX,2021,47.71
Mexico,MEX,2022,47.79
Mexico,MEX,2023,47.71
Moldova,MDA,1992,650
Moldova,MDA,1993,650
Moldova,MDA,1994,650
Moldova,MDA,1995,650
Moldova,MDA,1996,650
Moldova,MDA,1997,650
Moldova,MDA,1998,650
Moldova,MDA,1999,500
Moldova,MDA,2000,500
Moldova,MDA,2001,500
Moldova,MDA,2002,500
Moldova,MDA,2003,500
Moldova,MDA,2004,500
Moldova,MDA,2005,500
Moldova,MDA,2006,500
Moldova,MDA,2007,500
Moldova,MDA,2008,500
Moldova,MDA,2009,500
Moldova,MDA,2010,500
Moldova,MDA,2011,600
Moldova,MDA,2012,600
Moldova,MDA,2013,700
Moldova,MDA,2014,700
Moldova,MDA,2015,697.24
Moldova,MDA,2016,685.26
Moldova,MDA,2017,671.21
Moldova,MDA,2018,657.15
Moldova,MDA,2019,639.34
Moldova,MDA,2020,655.9
Moldova,MDA,2021,650.8
Moldova,MDA,2022,648.68
Moldova,MDA,2023,651.79
Morocco,MAR,1961,8000
Morocco,MAR,1962,17000
Morocco,MAR,1963,19000
Morocco,MAR,1964,16000
Morocco,MAR,1965,13000
Morocco,MAR,1966,15000
Morocco,MAR,1967,16000
Morocco,MAR,1968,11100
Morocco,MAR,1969,9500
Morocco,MAR,1970,9500
Morocco,MAR,1971,8000
Morocco,MAR,1972,11000
Morocco,MAR,1973,13000
Morocco,MAR,1974,13000
Morocco,MAR,1975,15000
Morocco,MAR,1976,16000
Morocco,MAR,1977,18000
Morocco,MAR,1978,20000
Morocco,MAR,1979,25000
Morocco,MAR,1980,30000
Morocco,MAR,1981,59500
Morocco,MAR,1982,57000
Morocco,MAR,1983,15250
Morocco,MAR,1984,37900
Morocco,MAR,1985,30500
Morocco,MAR,1986,35250
Morocco,MAR,1987,31400
Morocco,MAR,1988,37000
Morocco,MAR,1989,55600
Morocco,MAR,1990,57700
Morocco,MAR,1991,70000
Morocco,MAR,1992,55000
Morocco,MAR,1993,47000
Morocco,MAR,1994,30700
Morocco,MAR,1995,45700
Morocco,MAR,1996,33600
Morocco,MAR,1997,52700
Morocco,MAR,1998,52700
Morocco,MAR,1999,81304
Morocco,MAR,2000,65044
Morocco,MAR,2001,81820
Morocco,MAR,2002,82400
Morocco,MAR,2003,70808
Morocco,MAR,2004,60200
Morocco,MAR,2005,70629
Morocco,MAR,2006,83000
Morocco,MAR,2007,81437
Morocco,MAR,2008,86902
Morocco,MAR,2009,114700
Morocco,MAR,2010,87104
Morocco,MAR,2011,96231
Morocco,MAR,2012,99067
Morocco,MAR,2013,93310.3
Morocco,MAR,2014,101025.71
Morocco,MAR,2015,97722.96
Morocco,MAR,2016,112680.53
Morocco,MAR,2017,116923.46
Morocco,MAR,2018,117270.04
Morocco,MAR,2019,102185.44
Morocco,MAR,2020,134435.77
Morocco,MAR,2021,169255
Morocco,MAR,2022,175763
Morocco,MAR,2023,146058.72
Nepal,NPL,1998,11
Nepal,NPL,1999,15
Nepal,NPL,2000,20
Nepal,NPL,2001,11
Nepal,NPL,2002,11
Nepal,NPL,2003,11
Nepal,NPL,2004,11
Nepal,NPL,2005,11
Nepal,NPL,2006,11
Nepal,NPL,2007,11
Nepal,NPL,2008,11
Nepal,NPL,2009,9
Nepal,NPL,2010,8
Nepal,NPL,2011,9
Nepal,NPL,2012,9.14
Nepal,NPL,2013,9.05
Nepal,NPL,2014,8.82
Nepal,NPL,2015,8.83
Nepal,NPL,2016,8.58
Nepal,NPL,2017,8.42
Nepal,NPL,2018,8.23
Nepal,NPL,2019,8
Nepal,NPL,2020,8.04
Nepal,NPL,2021,8.15
Nepal,NPL,2022,8.05
Nepal,NPL,2023,7.95
Netherlands,NLD,2018,0
Netherlands,NLD,2019,0
Netherlands,NLD,2020,0
Netherlands,NLD,2021,0
Netherlands,NLD,2022,0
Netherlands,NLD,2023,0
North Macedonia,MKD,1992,639
North Macedonia,MKD,1993,650
North Macedonia,MKD,1994,690
North Macedonia,MKD,1995,384
North Macedonia,MKD,1996,850
North Macedonia,MKD,1997,903
North Macedonia,MKD,1998,460
North Macedonia,MKD,1999,715.58
North Macedonia,MKD,2000,802
North Macedonia,MKD,2001,400
North Macedonia,MKD,2002,208
North Macedonia,MKD,2003,1478
North Macedonia,MKD,2004,1175
North Macedonia,MKD,2005,511
North Macedonia,MKD,2006,685
North Macedonia,MKD,2007,1376
North Macedonia,MKD,2008,622
North Macedonia,MKD,2009,819
North Macedonia,MKD,2010,1006
North Macedonia,MKD,2011,899
North Macedonia,MKD,2012,857
North Macedonia,MKD,2013,756
North Macedonia,MKD,2014,520
North Macedonia,MKD,2015,906
North Macedonia,MKD,2016,672
North Macedonia,MKD,2017,533
North Macedonia,MKD,2018,574
North Macedonia,MKD,2019,568
North Macedonia,MKD,2020,801
North Macedonia,MKD,2021,633
North Macedonia,MKD,2022,801
North Macedonia,MKD,2023,411
Pakistan,PAK,1961,9000
Pakistan,PAK,1962,9500
Pakistan,PAK,1963,10000
Pakistan,PAK,1964,10500
Pakistan,PAK,1965,11000
Pakistan,PAK,1966,11500
Pakistan,PAK,1967,12000
Pakistan,PAK,1968,12500
Pakistan,PAK,1969,13000
Pakistan,PAK,1970,14000
Pakistan,PAK,1971,15000
Pakistan,PAK,1972,15400
Pakistan,PAK,1973,19000
Pakistan,PAK,1974,27100
Pakistan,PAK,1975,22100
Pakistan,PAK,1976,22200
Pakistan,PAK,1977,24200
Pakistan,PAK,1978,22300
Pakistan,PAK,1979,23000
Pakistan,PAK,1980,23600
Pakistan,PAK,1981,21170
Pakistan,PAK,1982,23293
Pakistan,PAK,1983,27073
Pakistan,PAK,1984,28000
Pakistan,PAK,1985,28500
Pakistan,PAK,1986,29200
Pakistan,PAK,1987,29300
Pakistan,PAK,1988,29800
Pakistan,PAK,1989,30100
Pakistan,PAK,1990,30900
Pakistan,PAK,1991,32400
Pakistan,PAK,1992,38304
Pakistan,PAK,1993,40043
Pakistan,PAK,1994,45193
Pakistan,PAK,1995,48996
Pakistan,PAK,1996,49356
Pakistan,PAK,1997,49000
Pakistan,PAK,1998,49120
Pakistan,PAK,1999,50015
Pakistan,PAK,2000,32336
Pakistan,PAK,2001,33236
Pakistan,PAK,2002,26414
Pakistan,PAK,2003,23688
Pakistan,PAK,2004,23924
Pakistan,PAK,2005,23129
Pakistan,PAK,2006,23344
Pakistan,PAK,2007,23382
Pakistan,PAK,2008,26614
Pakistan,PAK,2009,26400
Pakistan,PAK,2010,21935
Pakistan,PAK,2011,21465
Pakistan,PAK,2012,21440
Pakistan,PAK,2013,22330
Pakistan,PAK,2014,21649
Pakistan,PAK,2015,21881
Pakistan,PAK,2016,21451
Pakistan,PAK,2017,21747
Pakistan,PAK,2018,19994
Pakistan,PAK,2019,20027
Pakistan,PAK,2020,21094
Pakistan,PAK,2021,18570
Pakistan,PAK,2022,18106
Pakistan,PAK,2023,17379.94
Palestine,PSE,1994,4750
Palestine,PSE,1995,11858
Palestine,PSE,1996,8428
Palestine,PSE,1997,6508
Palestine,PSE,1998,5087
Palestine,PSE,1999,3429
Palestine,PSE,2000,4391
Palestine,PSE,2001,4355
Palestine,PSE,2002,4832
Palestine,PSE,2003,4477
Palestine,PSE,2004,5979
Palestine,PSE,2005,5489
Palestine,PSE,2006,4862
Palestine,PSE,2007,5257
Palestine,PSE,2008,6233
Palestine,PSE,2009,4442.39
Palestine,PSE,2010,1731.26
Palestine,PSE,2011,3963.68
Palestine,PSE,2012,4276.53
Palestine,PSE,2013,4462.34
Palestine,PSE,2014,4048.61
Palestine,PSE,2015,4012.09
Palestine,PSE,2016,4174.35
Palestine,PSE,2017,3896.19
Palestine,PSE,2018,3499.61
Palestine,PSE,2019,3671.18
Palestine,PSE,2020,3607.3
Palestine,PSE,2021,3378
Palestine,PSE,2022,3460.16
Palestine,PSE,2023,3511.52
Poland,POL,2018,0
Poland,POL,2019,0
Poland,POL,2020,0
Poland,POL,2021,0
Poland,POL,2022,0
Poland,POL,2023,0
Portugal,PRT,1961,16000
Portugal,PRT,1962,18000
Portugal,PRT,1963,12000
Portugal,PRT,1964,13000
Portugal,PRT,1965,14000
Portugal,PRT,1966,6000
Portugal,PRT,1967,19000
Portugal,PRT,1968,17400
Portugal,PRT,1969,8720
Portugal,PRT,1970,19910
Portugal,PRT,1971,23980
Portugal,PRT,1972,22480
Portugal,PRT,1973,24230
Portugal,PRT,1974,18214
Portugal,PRT,1975,11465
Portugal,PRT,1976,19146
Portugal,PRT,1977,11577
Portugal,PRT,1978,17829
Portugal,PRT,1979,4000
Portugal,PRT,1980,6500
Portugal,PRT,1981,8200
Portugal,PRT,1982,18000
Portugal,PRT,1983,21447
Portugal,PRT,1984,17158
Portugal,PRT,1985,16300
Portugal,PRT,1986,14450
Portugal,PRT,1987,17000
Portugal,PRT,1988,9000
Portugal,PRT,1989,21960
Portugal,PRT,1990,18190
Portugal,PRT,1991,52728
Portugal,PRT,1992,45940
Portugal,PRT,1993,43975
Portugal,PRT,1994,26433
Portugal,PRT,1995,23552
Portugal,PRT,1996,29232
Portugal,PRT,1997,40363
Portugal,PRT,1998,24796
Portugal,PRT,1999,22567
Portugal,PRT,2000,16737
Portugal,PRT,2001,14272
Portugal,PRT,2002,17764
Portugal,PRT,2003,13817
Portugal,PRT,2004,12135
Portugal,PRT,2005,11740
Portugal,PRT,2006,10357
Portugal,PRT,2007,9164
Portugal,PRT,2008,7367
Portugal,PRT,2009,9145
Portugal,PRT,2010,7012
Portugal,PRT,2011,7680
Portugal,PRT,2012,7178
Portugal,PRT,2013,4446
Portugal,PRT,2014,9033
Portugal,PRT,2015,10090
Portugal,PRT,2016,8713
Portugal,PRT,2017,23140
Portugal,PRT,2018,21640
Portugal,PRT,2019,32300
Portugal,PRT,2020,31610
Portugal,PRT,2021,41450
Portugal,PRT,2022,46220
Portugal,PRT,2023,69510
Qatar,QAT,2021,37
Qatar,QAT,2022,71
Qatar,QAT,2023,118
Romania,ROU,2018,0
Romania,ROU,2019,0
Romania,ROU,2020,0
Romania,ROU,2021,0
Romania,ROU,2022,0
Romania,ROU,2023,0
Saudi Arabia,SAU,2020,105
Saudi Arabia,SAU,2021,111.22
Saudi Arabia,SAU,2022,118
Saudi Arabia,SAU,2023,118.21
Slovakia,SVK,2018,0
Slovakia,SVK,2019,0
Slovenia,SVN,1992,37
Slovenia,SVN,1993,66
Slovenia,SVN,1994,23
Slovenia,SVN,1995,15
Slovenia,SVN,1996,18
Slovenia,SVN,1997,0
Slovenia,SVN,1998,0
Slovenia,SVN,1999,0
Slovenia,SVN,2000,0
Slovenia,SVN,2001,0
Slovenia,SVN,2002,0.93
Slovenia,SVN,2003,1.48
Slovenia,SVN,2004,1.45
Slovenia,SVN,2005,1.33
Slovenia,SVN,2006,1.22
Slovenia,SVN,2007,1.11
Slovenia,SVN,2008,1.05
Slovenia,SVN,2009,1.05
Slovenia,SVN,2010,1.05
Slovenia,SVN,2011,1.05
Slovenia,SVN,2012,1.05
Slovenia,SVN,2013,1.05
Slovenia,SVN,2014,0.78
Slovenia,SVN,2015,0.79
Slovenia,SVN,2016,0.87
Slovenia,SVN,2017,0.87
Slovenia,SVN,2018,0
Slovenia,SVN,2019,0
Slovenia,SVN,2020,10
Slovenia,SVN,2021,10
Slovenia,SVN,2022,10
Slovenia,SVN,2023,0
Spain,ESP,1961,204000
Spain,ESP,1962,130000
Spain,ESP,1963,152000
Spain,ESP,1964,152000
Spain,ESP,1965,153000
Spain,ESP,1966,155000
Spain,ESP,1967,211700
Spain,ESP,1968,152500
Spain,ESP,1969,108800
Spain,ESP,1970,165800
Spain,ESP,1971,140600
Spain,ESP,1972,234100
Spain,ESP,1973,216400
Spain,ESP,1974,318900
Spain,ESP,1975,255300
Spain,ESP,1976,316600
Spain,ESP,1977,155200
Spain,ESP,1978,306700
Spain,ESP,1979,197500
Spain,ESP,1980,225300
Spain,ESP,1981,307300
Spain,ESP,1982,315300
Spain,ESP,1983,165800
Spain,ESP,1984,236093
Spain,ESP,1985,287200
Spain,ESP,1986,221400
Spain,ESP,1987,250000
Spain,ESP,1988,169700
Spain,ESP,1989,324500
Spain,ESP,1990,250200
Spain,ESP,1991,257800
Spain,ESP,1992,281900
Spain,ESP,1993,280035
Spain,ESP,1994,238200
Spain,ESP,1995,158900
Spain,ESP,1996,242300
Spain,ESP,1997,388851
Spain,ESP,1998,220439
Spain,ESP,1999,279100
Spain,ESP,2000,225217
Spain,ESP,2001,254600
Spain,ESP,2002,279396
Spain,ESP,2003,214448
Spain,ESP,2004,86622
Spain,ESP,2005,217869
Spain,ESP,2006,312702
Spain,ESP,2007,187656
Spain,ESP,2008,180103
Spain,ESP,2009,270686
Spain,ESP,2010,222518
Spain,ESP,2011,208800
Spain,ESP,2012,211700
Spain,ESP,2013,149000
Spain,ESP,2014,195704
Spain,ESP,2015,211084
Spain,ESP,2016,199167
Spain,ESP,2017,255503
Spain,ESP,2018,339030
Spain,ESP,2019,340420
Spain,ESP,2020,416950
Spain,ESP,2021,365210
Spain,ESP,2022,245990
Spain,ESP,2023,297660
Sweden,SWE,2018,0
Sweden,SWE,2019,0
Sweden,SWE,2020,0
Sweden,SWE,2021,0
Sweden,SWE,2022,0
Sweden,SWE,2023,0
Syria,SYR,1961,1700
Syria,SYR,1962,2400
Syria,SYR,1963,2000
Syria,SYR,1964,2100
Syria,SYR,1965,1200
Syria,SYR,1966,3800
Syria,SYR,1967,2500
Syria,SYR,1968,2992
Syria,SYR,1969,2421
Syria,SYR,1970,4727
Syria,SYR,1971,4336
Syria,SYR,1972,7793
Syria,SYR,1973,8108
Syria,SYR,1974,6433
Syria,SYR,1975,7190
Syria,SYR,1976,7326
Syria,SYR,1977,15532
Syria,SYR,1978,11753
Syria,SYR,1979,11029
Syria,SYR,1980,10691
Syria,SYR,1981,8223
Syria,SYR,1982,8771
Syria,SYR,1983,27200
Syria,SYR,1984,29100
Syria,SYR,1985,33829
Syria,SYR,1986,53200
Syria,SYR,1987,15101
Syria,SYR,1988,22800
Syria,SYR,1989,37300
Syria,SYR,1990,12500
Syria,SYR,1991,31500
Syria,SYR,1992,30800
Syria,SYR,1993,27600
Syria,SYR,1994,27885
Syria,SYR,1995,33662
Syria,SYR,1996,55000
Syria,SYR,1997,26341
Syria,SYR,1998,67150
Syria,SYR,1999,57697
Syria,SYR,2000,62288
Syria,SYR,2001,49487
Syria,SYR,2002,139010
Syria,SYR,2003,140300
Syria,SYR,2004,123000
Syria,SYR,2005,229035
Syria,SYR,2006,107117
Syria,SYR,2007,76093
Syria,SYR,2008,82616
Syria,SYR,2009,97002
Syria,SYR,2010,73104
Syria,SYR,2011,130296
Syria,SYR,2012,86271
Syria,SYR,2013,83229
Syria,SYR,2014,34729
Syria,SYR,2015,51686
Syria,SYR,2016,55459
Syria,SYR,2017,50875
Syria,SYR,2018,98446.14
Syria,SYR,2019,80258
Syria,SYR,2020,123017
Syria,SYR,2021,87768.07
Syria,SYR,2022,31617
Syria,SYR,2023,135433
Tajikistan,TJK,1992,4500
Tajikistan,TJK,1993,4000
Tajikistan,TJK,1994,3851.32
Tajikistan,TJK,1995,3777.16
Tajikistan,TJK,1996,3500
Tajikistan,TJK,1997,3000
Tajikistan,TJK,1998,4000
Tajikistan,TJK,1999,3800
Tajikistan,TJK,2000,3500
Tajikistan,TJK,2001,3800
Tajikistan,TJK,2002,3500
Tajikistan,TJK,2003,3000
Tajikistan,TJK,2004,3080.41
Tajikistan,TJK,2005,3304.92
Tajikistan,TJK,2006,3300
Tajikistan,TJK,2007,3200
Tajikistan,TJK,2008,3200
Tajikistan,TJK,2009,3200
Tajikistan,TJK,2010,3200
Tajikistan,TJK,2011,3400
Tajikistan,TJK,2012,3500
Tajikistan,TJK,2013,3400
Tajikistan,TJK,2014,3400
Tajikistan,TJK,2015,3274.92
Tajikistan,TJK,2016,3210.79
Tajikistan,TJK,2017,3179.1
Tajikistan,TJK,2018,3165.82
Tajikistan,TJK,2019,3153.71
Tajikistan,TJK,2020,3175.02
Tajikistan,TJK,2021,3196.89
Tajikistan,TJK,2022,3189.65
Tajikistan,TJK,2023,3182.41
Tunisia,TUN,1961,5800
Tunisia,TUN,1962,6700
Tunisia,TUN,1963,5800
Tunisia,TUN,1964,7100
Tunisia,TUN,1965,8000
Tunisia,TUN,1966,9800
Tunisia,TUN,1967,7700
Tunisia,TUN,1968,12300
Tunisia,TUN,1969,6100
Tunisia,TUN,1970,10500
Tunisia,TUN,1971,13000
Tunisia,TUN,1972,15000
Tunisia,TUN,1973,20000
Tunisia,TUN,1974,22700
Tunisia,TUN,1975,24200
Tunisia,TUN,1976,23700
Tunisia,TUN,1977,26000
Tunisia,TUN,1978,35000
Tunisia,TUN,1979,30000
Tunisia,TUN,1980,37000
Tunisia,TUN,1981,35000
Tunisia,TUN,1982,30000
Tunisia,TUN,1983,37000
Tunisia,TUN,1984,42000
Tunisia,TUN,1985,51000
Tunisia,TUN,1986,42000
Tunisia,TUN,1987,46000
Tunisia,TUN,1988,30000
Tunisia,TUN,1989,35000
Tunisia,TUN,1990,52200
Tunisia,TUN,1991,40000
Tunisia,TUN,1992,45000
Tunisia,TUN,1993,47000
Tunisia,TUN,1994,52000
Tunisia,TUN,1995,35000
Tunisia,TUN,1996,42000
Tunisia,TUN,1997,51000
Tunisia,TUN,1998,58700
Tunisia,TUN,1999,58000
Tunisia,TUN,2000,60000
Tunisia,TUN,2001,32000
Tunisia,TUN,2002,18000
Tunisia,TUN,2003,36000
Tunisia,TUN,2004,44000
Tunisia,TUN,2005,43000
Tunisia,TUN,2006,56000
Tunisia,TUN,2007,58000
Tunisia,TUN,2008,51500
Tunisia,TUN,2009,60000
Tunisia,TUN,2010,52000
Tunisia,TUN,2011,61000
Tunisia,TUN,2012,70000
Tunisia,TUN,2013,52000
Tunisia,TUN,2014,67000
Tunisia,TUN,2015,70500
Tunisia,TUN,2016,61000
Tunisia,TUN,2017,67000
Tunisia,TUN,2018,68000
Tunisia,TUN,2019,75000
Tunisia,TUN,2020,62000
Tunisia,TUN,2021,66000
Tunisia,TUN,2022,70000
Tunisia,TUN,2023,70938.71
Turkey,TUR,1961,27400
Turkey,TUR,1962,24400
Turkey,TUR,1963,20330
Turkey,TUR,1964,25000
Turkey,TUR,1965,20300
Turkey,TUR,1966,16000
Turkey,TUR,1967,32000
Turkey,TUR,1968,27000
Turkey,TUR,1969,21000
Turkey,TUR,1970,20000
Turkey,TUR,1971,17000
Turkey,TUR,1972,24000
Turkey,TUR,1973,21500
Turkey,TUR,1974,33000
Turkey,TUR,1975,37200
Turkey,TUR,1976,30300
Turkey,TUR,1977,24000
Turkey,TUR,1978,26000
Turkey,TUR,1979,26500
Turkey,TUR,1980,32000
Turkey,TUR,1981,32000
Turkey,TUR,1982,38000
Turkey,TUR,1983,41000
Turkey,TUR,1984,33000
Turkey,TUR,1985,38000
Turkey,TUR,1986,40000
Turkey,TUR,1987,33000
Turkey,TUR,1988,42000
Turkey,TUR,1989,46000
Turkey,TUR,1990,46000
Turkey,TUR,1991,46000
Turkey,TUR,1992,47000
Turkey,TUR,1993,48000
Turkey,TUR,1994,47000
Turkey,TUR,1995,37000
Turkey,TUR,1996,43000
Turkey,TUR,1997,33000
Turkey,TUR,1998,36000
Turkey,TUR,1999,43000
Turkey,TUR,2000,47000
Turkey,TUR,2001,42000
Turkey,TUR,2002,41000
Turkey,TUR,2003,41000
Turkey,TUR,2004,37000
Turkey,TUR,2005,45000
Turkey,TUR,2006,43285
Turkey,TUR,2007,50753
Turkey,TUR,2008,52774
Turkey,TUR,2009,54844
Turkey,TUR,2010,55398
Turkey,TUR,2011,69838
Turkey,TUR,2012,80261
Turkey,TUR,2013,82850
Turkey,TUR,2014,73230
Turkey,TUR,2015,80000
Turkey,TUR,2016,85000
Turkey,TUR,2017,90000
Turkey,TUR,2018,100000
Turkey,TUR,2019,150000
Turkey,TUR,2020,159187
Turkey,TUR,2021,178000
Turkey,TUR,2022,190000
Turkey,TUR,2023,170000
Turkmenistan,TKM,1992,1000
Turkmenistan,TKM,1993,1152.36
Turkmenistan,TKM,1994,1300
Turkmenistan,TKM,1995,1500
Turkmenistan,TKM,1996,1200
Turkmenistan,TKM,1997,1000
Turkmenistan,TKM,1998,1300
Turkmenistan,TKM,1999,1200
Turkmenistan,TKM,2000,1000
Turkmenistan,TKM,2001,1100
Turkmenistan,TKM,2002,1000
Turkmenistan,TKM,2003,800
Turkmenistan,TKM,2004,1000
Turkmenistan,TKM,2005,1000
Turkmenistan,TKM,2006,1000
Turkmenistan,TKM,2007,1000
Turkmenistan,TKM,2008,1000
Turkmenistan,TKM,2009,1000
Turkmenistan,TKM,2010,1000
Turkmenistan,TKM,2011,1000
Turkmenistan,TKM,2012,1200
Turkmenistan,TKM,2013,1100
Turkmenistan,TKM,2014,1100
Turkmenistan,TKM,2015,1046.73
Turkmenistan,TKM,2016,1082.24
Turkmenistan,TKM,2017,1028.7
Turkmenistan,TKM,2018,1005.81
Turkmenistan,TKM,2019,1013.18
Turkmenistan,TKM,2020,1026
Turkmenistan,TKM,2021,1039.5
Turkmenistan,TKM,2022,1038.42
Turkmenistan,TKM,2023,1037.33
USSR,SUN,1961,1700
USSR,SUN,1962,1800
USSR,SUN,1963,2300
USSR,SUN,1964,2500
USSR,SUN,1965,2600
USSR,SUN,1966,2700
USSR,SUN,1967,3300
USSR,SUN,1968,3700
USSR,SUN,1969,3200
USSR,SUN,1970,4600
USSR,SUN,1971,4700
USSR,SUN,1972,4100
USSR,SUN,1973,5300
USSR,SUN,1974,4700
USSR,SUN,1975,5300
USSR,SUN,1976,5800
USSR,SUN,1977,6600
USSR,SUN,1978,6000
USSR,SUN,1979,6000
USSR,SUN,1980,6500
USSR,SUN,1981,8000
USSR,SUN,1982,6500
USSR,SUN,1983,8000
USSR,SUN,1984,10000
USSR,SUN,1985,11000
USSR,SUN,1986,13000
USSR,SUN,1987,15000
USSR,SUN,1988,16000
USSR,SUN,1989,17000
USSR,SUN,1990,18000
USSR,SUN,1991,19000
Ukraine,UKR,1992,150
Ukraine,UKR,1993,158.03
Ukraine,UKR,1994,163
Ukraine,UKR,1995,156
Ukraine,UKR,1996,234
Ukraine,UKR,1997,235
Ukraine,UKR,1998,211
Ukraine,UKR,1999,50
Ukraine,UKR,2000,24
Ukraine,UKR,2001,12
Ukraine,UKR,2002,14
Ukraine,UKR,2003,31
Ukraine,UKR,2004,20
Ukraine,UKR,2005,30
Ukraine,UKR,2006,10
Ukraine,UKR,2007,20
Ukraine,UKR,2008,10
Ukraine,UKR,2009,20
Ukraine,UKR,2010,10
Ukraine,UKR,2011,10
Ukraine,UKR,2012,20
Ukraine,UKR,2013,20
Ukraine,UKR,2014,8
Ukraine,UKR,2015,0
Ukraine,UKR,2016,0
Ukraine,UKR,2017,0
Ukraine,UKR,2018,0
Ukraine,UKR,2019,0
Ukraine,UKR,2020,0
Ukraine,UKR,2021,0
Ukraine,UKR,2022,0
Ukraine,UKR,2023,0
United Arab Emirates,ARE,1961,60
United Arab Emirates,ARE,1962,70
United Arab Emirates,ARE,1963,80
United Arab Emirates,ARE,1964,90
United Arab Emirates,ARE,1965,100
United Arab Emirates,ARE,1966,115
United Arab Emirates,ARE,1967,145
United Arab Emirates,ARE,1968,150
United Arab Emirates,ARE,1969,175
United Arab Emirates,ARE,1970,180
United Arab Emirates,ARE,1971,210
United Arab Emirates,ARE,1972,210
United Arab Emirates,ARE,1973,230
United Arab Emirates,ARE,1974,230
United Arab Emirates,ARE,1975,240
United Arab Emirates,ARE,1976,250
United Arab Emirates,ARE,1977,287
United Arab Emirates,ARE,1978,288
United Arab Emirates,ARE,1979,297
United Arab Emirates,ARE,1980,220
United Arab Emirates,ARE,1981,219
United Arab Emirates,ARE,1982,326
United Arab Emirates,ARE,1983,300
United Arab Emirates,ARE,1984,230
United Arab Emirates,ARE,1985,200
United Arab Emirates,ARE,1986,178
United Arab Emirates,ARE,1987,209
United Arab Emirates,ARE,1988,218
United Arab Emirates,ARE,1989,224
United Arab Emirates,ARE,1990,233
United Arab Emirates,ARE,1991,191
United Arab Emirates,ARE,1992,264
United Arab Emirates,ARE,1993,262
United Arab Emirates,ARE,1994,289
United Arab Emirates,ARE,1995,291
United Arab Emirates,ARE,1996,283
United Arab Emirates,ARE,1997,420
United Arab Emirates,ARE,1998,208
United Arab Emirates,ARE,1999,361
United Arab Emirates,ARE,2000,355
United Arab Emirates,ARE,2001,188
United Arab Emirates,ARE,2002,182
United Arab Emirates,ARE,2003,722
United Arab Emirates,ARE,2004,650
United Arab Emirates,ARE,2005,700
United Arab Emirates,ARE,2006,780
United Arab Emirates,ARE,2007,850
United Arab Emirates,ARE,2008,714.69
United Arab Emirates,ARE,2009,690.84
United Arab Emirates,ARE,2010,752.93
United Arab Emirates,ARE,2011,814.49
United Arab Emirates,ARE,2012,836.53
United Arab Emirates,ARE,2013,865.24
United Arab Emirates,ARE,2014,895.13
United Arab Emirates,ARE,2015,937
United Arab Emirates,ARE,2016,517.9
United Arab Emirates,ARE,2017,1173.2
United Arab Emirates,ARE,2018,699.9
United Arab Emirates,ARE,2019,1337
United Arab Emirates,ARE,2020,440
United Arab Emirates,ARE,2021,135
United Arab Emirates,ARE,2022,136
United Arab Emirates,ARE,2023,384.53
United States,USA,1961,60237
United States,USA,1962,43545
United States,USA,1963,54159
United States,USA,1964,68042
United States,USA,1965,66133
United States,USA,1966,77201
United States,USA,1967,69490
United States,USA,1968,67585
United States,USA,1969,110676
United States,USA,1970,112490
United States,USA,1971,121563
United States,USA,1972,113398
United States,USA,1973,121563
United States,USA,1974,171457
United States,USA,1975,145149
United States,USA,1976,211373
United States,USA,1977,225888
United States,USA,1978,129455
United States,USA,1979,275511
United States,USA,1980,239858
United States,USA,1981,303361
United States,USA,1982,257200
United States,USA,1983,180000
United States,USA,1984,439000
United States,USA,1985,352000
United States,USA,1986,189400
United States,USA,1987,500000
United States,USA,1988,446900
United States,USA,1989,371200
United States,USA,1990,499800
United States,USA,1991,371200
United States,USA,1992,412200
United States,USA,1993,363800
United States,USA,1994,530000
United States,USA,1995,276000
United States,USA,1996,385500
United States,USA,1997,549000
United States,USA,1998,393000
United States,USA,1999,631000
United States,USA,2000,533000
United States,USA,2001,609178
United States,USA,2002,800051
United States,USA,2003,786262
United States,USA,2004,785985
United States,USA,2005,703431
United States,USA,2006,846131
United States,USA,2007,1212900
United States,USA,2008,1410000
United States,USA,2009,1162200
United States,USA,2010,1413800
United States,USA,2011,1841587
United States,USA,2012,1655000
United States,USA,2013,1732800
United States,USA,2014,1545500
United States,USA,2015,1436383
United States,USA,2016,1617816
United States,USA,2017,1716850
United States,USA,2018,1721380
United States,USA,2019,1913160
United States,USA,2020,2345070
United States,USA,2021,2204370
United States,USA,2022,1869160
United States,USA,2023,1791690
Uzbekistan,UZB,1992,7000
Uzbekistan,UZB,1993,6000
Uzbekistan,UZB,1994,6279
Uzbekistan,UZB,1995,7000
Uzbekistan,UZB,1996,7954.24
Uzbekistan,UZB,1997,6500
Uzbekistan,UZB,1998,7000
Uzbekistan,UZB,1999,8000
Uzbekistan,UZB,2000,10000
Uzbekistan,UZB,2001,12000
Uzbekistan,UZB,2002,14000
Uzbekistan,UZB,2003,16000
Uzbekistan,UZB,2004,19000
Uzbekistan,UZB,2005,20000
Uzbekistan,UZB,2006,23545
Uzbekistan,UZB,2007,18500
Uzbekistan,UZB,2008,18262.83
Uzbekistan,UZB,2009,18048.74
Uzbekistan,UZB,2010,18000
Uzbekistan,UZB,2011,17290
Uzbekistan,UZB,2012,15400
Uzbekistan,UZB,2013,20000
Uzbekistan,UZB,2014,23000
Uzbekistan,UZB,2015,27000
Uzbekistan,UZB,2016,18110.13
Uzbekistan,UZB,2017,4271
Uzbekistan,UZB,2018,19446
Uzbekistan,UZB,2019,21411
Uzbekistan,UZB,2020,31202
Uzbekistan,UZB,2021,27896
Uzbekistan,UZB,2022,30945.06
Uzbekistan,UZB,2023,28261.72
Yemen,YEM,1961,0
Yemen,YEM,1962,0
Yemen,YEM,1963,0
Yemen,YEM,1964,0
Yemen,YEM,1965,0
Yemen,YEM,1966,0
Yemen,YEM,1967,0
Yemen,YEM,1968,0
Yemen,YEM,1969,0
Yemen,YEM,1970,0
Yemen,YEM,1971,0
Yemen,YEM,1972,0
Yemen,YEM,1973,0
Yemen,YEM,1974,0
Yemen,YEM,1975,0
Yemen,YEM,1976,0
Yemen,YEM,1977,0
Yemen,YEM,1978,0
Yemen,YEM,1979,0
Yemen,YEM,1980,0
Yemen,YEM,1981,53
Yemen,YEM,1982,55
Yemen,YEM,1983,55
Yemen,YEM,1984,58
Yemen,YEM,1985,60
Yemen,YEM,1986,68
Yemen,YEM,1987,79
Yemen,YEM,1988,76
Yemen,YEM,1989,80
Yemen,YEM,1990,120
Yemen,YEM,1991,120
Yemen,YEM,1992,120
Yemen,YEM,1993,120
Yemen,YEM,1994,123
Yemen,YEM,1995,125
Yemen,YEM,1996,126.22
Yemen,YEM,1997,127.78
Yemen,YEM,1998,130
Yemen,YEM,1999,130.76
Yemen,YEM,2000,131.38
Yemen,YEM,2001,132.19
Yemen,YEM,2002,132.92
Yemen,YEM,2003,131.37
Yemen,YEM,2004,132.57
Yemen,YEM,2005,130
Yemen,YEM,2006,130
Yemen,YEM,2007,150
Yemen,YEM,2008,150
Yemen,YEM,2009,9986
Yemen,YEM,2010,10078
Yemen,YEM,2011,10177
Yemen,YEM,2012,10289
Yemen,YEM,2013,10457
Yemen,YEM,2014,10590
Yemen,YEM,2015,11014
Yemen,YEM,2016,10591
Yemen,YEM,2017,10484
Yemen,YEM,2018,10483
Yemen,YEM,2019,11340
Yemen,YEM,2020,12466
Yemen,YEM,2021,13214
Yemen,YEM,2022,13115
Yemen,YEM,2023,13404.71
Yugoslavia,YUG,1961,1200
Yugoslavia,YUG,1962,1200
Yugoslavia,YUG,1963,6900
Yugoslavia,YUG,1964,5000
Yugoslavia,YUG,1965,5200
Yugoslavia,YUG,1966,3900
Yugoslavia,YUG,1967,3950
Yugoslavia,YUG,1968,6300
Yugoslavia,YUG,1969,3452
Yugoslavia,YUG,1970,3908
Yugoslavia,YUG,1971,1200
Yugoslavia,YUG,1972,3103
Yugoslavia,YUG,1973,1134
Yugoslavia,YUG,1974,3315
Yugoslavia,YUG,1975,1051
Yugoslavia,YUG,1976,1918
Yugoslavia,YUG,1977,2150
Yugoslavia,YUG,1978,2057
Yugoslavia,YUG,1979,1800
Yugoslavia,YUG,1980,3000
Yugoslavia,YUG,1981,5548
Yugoslavia,YUG,1982,4080
Yugoslavia,YUG,1983,4786
Yugoslavia,YUG,1984,4506
Yugoslavia,YUG,1985,2822
Yugoslavia,YUG,1986,3737
Yugoslavia,YUG,1987,3591
Yugoslavia,YUG,1988,2455
Yugoslavia,YUG,1989,4833
Yugoslavia,YUG,1990,4219
Yugoslavia,YUG,1991,4495
