Entity,Code,Year,Apricots | 00000526 || Production | 005510 || tonnes
Afghanistan,AFG,1961,32000
Afghanistan,AFG,1962,32000
Afghanistan,AFG,1963,32000
Afghanistan,AFG,1964,39200
Afghanistan,AFG,1965,43400
Afghanistan,AFG,1966,48400
Afghanistan,AFG,1967,58700
Afghanistan,AFG,1968,59400
Afghanistan,AFG,1969,60000
Afghanistan,AFG,1970,58100
Afghanistan,AFG,1971,45700
Afghanistan,AFG,1972,56500
Afghanistan,AFG,1973,58800
Afghanistan,AFG,1974,59200
Afghanistan,AFG,1975,59500
Afghanistan,AFG,1976,55700
Afghanistan,AFG,1977,33100
Afghanistan,AFG,1978,48300
Afghanistan,AFG,1979,46000
Afghanistan,AFG,1980,47500
Afghanistan,AFG,1981,47100
Afghanistan,AFG,1982,45400
Afghanistan,AFG,1983,44300
Afghanistan,AFG,1984,42500
Afghanistan,AFG,1985,40700
Afghanistan,AFG,1986,41300
Afghanistan,AFG,1987,35300
Afghanistan,AFG,1988,35900
Afghanistan,AFG,1989,36100
Afghanistan,AFG,1990,36030
Afghanistan,AFG,1991,36708.45
Afghanistan,AFG,1992,36700
Afghanistan,AFG,1993,37000
Afghanistan,AFG,1994,37665.37
Afghanistan,AFG,1995,37500
Afghanistan,AFG,1996,39368.08
Afghanistan,AFG,1997,40131.31
Afghanistan,AFG,1998,40990.15
Afghanistan,AFG,1999,41855.98
Afghanistan,AFG,2000,42840.3
Afghanistan,AFG,2001,38000
Afghanistan,AFG,2002,45758.33
Afghanistan,AFG,2003,50291.56
Afghanistan,AFG,2004,36840.16
Afghanistan,AFG,2005,49623.01
Afghanistan,AFG,2006,50000
Afghanistan,AFG,2007,58000
Afghanistan,AFG,2008,59558.73
Afghanistan,AFG,2009,60000
Afghanistan,AFG,2010,66560
Afghanistan,AFG,2011,67995.24
Afghanistan,AFG,2012,83500
Afghanistan,AFG,2013,90000
Afghanistan,AFG,2014,90000
Afghanistan,AFG,2015,87686
Afghanistan,AFG,2016,17894
Afghanistan,AFG,2017,131816
Afghanistan,AFG,2018,109086
Afghanistan,AFG,2019,129363
Afghanistan,AFG,2020,131788
Afghanistan,AFG,2021,207490
Afghanistan,AFG,2022,170508
Afghanistan,AFG,2023,155429.38
Albania,ALB,1961,900
Albania,ALB,1962,700
Albania,ALB,1963,600
Albania,ALB,1964,600
Albania,ALB,1965,600
Albania,ALB,1966,600
Albania,ALB,1967,500
Albania,ALB,1968,600
Albania,ALB,1969,700
Albania,ALB,1970,900
Albania,ALB,1971,900
Albania,ALB,1972,900
Albania,ALB,1973,900
Albania,ALB,1974,1000
Albania,ALB,1975,1000
Albania,ALB,1976,1200
Albania,ALB,1977,1200
Albania,ALB,1978,1500
Albania,ALB,1979,1500
Albania,ALB,1980,1100
Albania,ALB,1981,1200
Albania,ALB,1982,1100
Albania,ALB,1983,1100
Albania,ALB,1984,1000
Albania,ALB,1985,1000
Albania,ALB,1986,1600
Albania,ALB,1987,1300
Albania,ALB,1988,1300
Albania,ALB,1989,1600
Albania,ALB,1990,1700
Albania,ALB,1991,1200
Albania,ALB,1992,1096.4
Albania,ALB,1993,1100
Albania,ALB,1994,1000
Albania,ALB,1995,600
Albania,ALB,1996,340
Albania,ALB,1997,400
Albania,ALB,1998,400
Albania,ALB,1999,400
Albania,ALB,2000,670
Albania,ALB,2001,1581
Albania,ALB,2002,2000
Albania,ALB,2003,2200
Albania,ALB,2004,1800
Albania,ALB,2005,2000
Albania,ALB,2006,1900
Albania,ALB,2007,2000
Albania,ALB,2008,3500
Albania,ALB,2009,3850
Albania,ALB,2010,3471
Albania,ALB,2011,3900
Albania,ALB,2012,4430
Albania,ALB,2013,4400
Albania,ALB,2014,4140
Albania,ALB,2015,5045.02
Albania,ALB,2016,5194
Albania,ALB,2017,5039.63
Albania,ALB,2018,5139
Albania,ALB,2019,4875
Albania,ALB,2020,5143
Albania,ALB,2021,5056.7
Albania,ALB,2022,5500
Albania,ALB,2023,5578.33
Algeria,DZA,1961,12720
Algeria,DZA,1962,13800
Algeria,DZA,1963,12000
Algeria,DZA,1964,14900
Algeria,DZA,1965,13709
Algeria,DZA,1966,11626
Algeria,DZA,1967,13095
Algeria,DZA,1968,11483
Algeria,DZA,1969,12476
Algeria,DZA,1970,14200
Algeria,DZA,1971,15099
Algeria,DZA,1972,12888
Algeria,DZA,1973,10891
Algeria,DZA,1974,13293
Algeria,DZA,1975,22735
Algeria,DZA,1976,20833
Algeria,DZA,1977,27607
Algeria,DZA,1978,21818
Algeria,DZA,1979,30192
Algeria,DZA,1980,23285
Algeria,DZA,1981,42412
Algeria,DZA,1982,39896
Algeria,DZA,1983,60519
Algeria,DZA,1984,54638
Algeria,DZA,1985,42408
Algeria,DZA,1986,37033
Algeria,DZA,1987,36430
Algeria,DZA,1988,32500
Algeria,DZA,1989,45925
Algeria,DZA,1990,34979
Algeria,DZA,1991,59263
Algeria,DZA,1992,40785
Algeria,DZA,1993,69187
Algeria,DZA,1994,42689
Algeria,DZA,1995,41233
Algeria,DZA,1996,80000
Algeria,DZA,1997,39850
Algeria,DZA,1998,58110
Algeria,DZA,1999,74140
Algeria,DZA,2000,56354
Algeria,DZA,2001,67724
Algeria,DZA,2002,73733
Algeria,DZA,2003,108469
Algeria,DZA,2004,87991
Algeria,DZA,2005,145097
Algeria,DZA,2006,167017
Algeria,DZA,2007,116436
Algeria,DZA,2008,172409
Algeria,DZA,2009,202876
Algeria,DZA,2010,198467
Algeria,DZA,2011,285897
Algeria,DZA,2012,269308.4
Algeria,DZA,2013,319783.6
Algeria,DZA,2014,216941.1
Algeria,DZA,2015,293486
Algeria,DZA,2016,256771
Algeria,DZA,2017,256890
Algeria,DZA,2018,242242.73
Algeria,DZA,2019,209204
Algeria,DZA,2020,187273.2
Algeria,DZA,2021,189724
Algeria,DZA,2022,205996.34
Algeria,DZA,2023,200566.42
Argentina,ARG,1961,15400
Argentina,ARG,1962,13400
Argentina,ARG,1963,13450
Argentina,ARG,1964,12100
Argentina,ARG,1965,12700
Argentina,ARG,1966,13000
Argentina,ARG,1967,17500
Argentina,ARG,1968,17600
Argentina,ARG,1969,17500
Argentina,ARG,1970,17000
Argentina,ARG,1971,17900
Argentina,ARG,1972,18100
Argentina,ARG,1973,7400
Argentina,ARG,1974,18100
Argentina,ARG,1975,19000
Argentina,ARG,1976,21600
Argentina,ARG,1977,26000
Argentina,ARG,1978,23000
Argentina,ARG,1979,25000
Argentina,ARG,1980,21000
Argentina,ARG,1981,10700
Argentina,ARG,1982,19100
Argentina,ARG,1983,25800
Argentina,ARG,1984,28600
Argentina,ARG,1985,25900
Argentina,ARG,1986,12080
Argentina,ARG,1987,11550
Argentina,ARG,1988,23000
Argentina,ARG,1989,16550
Argentina,ARG,1990,19100
Argentina,ARG,1991,18900
Argentina,ARG,1992,22500
Argentina,ARG,1993,21800
Argentina,ARG,1994,23000
Argentina,ARG,1995,22200
Argentina,ARG,1996,18500
Argentina,ARG,1997,27230
Argentina,ARG,1998,28040
Argentina,ARG,1999,28000
Argentina,ARG,2000,24275
Argentina,ARG,2001,24688
Argentina,ARG,2002,25000
Argentina,ARG,2003,25256.7
Argentina,ARG,2004,25355.94
Argentina,ARG,2005,25501.99
Argentina,ARG,2006,25200
Argentina,ARG,2007,25500
Argentina,ARG,2008,26157.79
Argentina,ARG,2009,26404.3
Argentina,ARG,2010,26145.48
Argentina,ARG,2011,26271.36
Argentina,ARG,2012,26397.25
Argentina,ARG,2013,26523.13
Argentina,ARG,2014,26817.68
Argentina,ARG,2015,26958.61
Argentina,ARG,2016,27042.25
Argentina,ARG,2017,27104.75
Argentina,ARG,2018,27282.93
Argentina,ARG,2019,27425.43
Argentina,ARG,2020,27547.18
Argentina,ARG,2021,27407.14
Argentina,ARG,2022,27507.29
Argentina,ARG,2023,27607.44
Armenia,ARM,1992,16000
Armenia,ARM,1993,5900
Armenia,ARM,1994,15300
Armenia,ARM,1995,17600
Armenia,ARM,1996,18700
Armenia,ARM,1997,14100
Armenia,ARM,1998,22100
Armenia,ARM,1999,15382
Armenia,ARM,2000,36720
Armenia,ARM,2001,10800
Armenia,ARM,2002,5000
Armenia,ARM,2003,4500
Armenia,ARM,2004,7965
Armenia,ARM,2005,112788
Armenia,ARM,2006,72068
Armenia,ARM,2007,15681
Armenia,ARM,2008,83089
Armenia,ARM,2009,80643
Armenia,ARM,2010,30000
Armenia,ARM,2011,49357
Armenia,ARM,2012,76186
Armenia,ARM,2013,89019
Armenia,ARM,2014,41710
Armenia,ARM,2015,116328
Armenia,ARM,2016,62054
Armenia,ARM,2017,87320
Armenia,ARM,2018,104035
Armenia,ARM,2019,68113
Armenia,ARM,2020,53191
Armenia,ARM,2021,86889
Armenia,ARM,2022,113572.3
Armenia,ARM,2023,114494.3
Australia,AUS,1961,40691
Australia,AUS,1962,40691
Australia,AUS,1963,41661
Australia,AUS,1964,35044
Australia,AUS,1965,42853
Australia,AUS,1966,38706
Australia,AUS,1967,52370
Australia,AUS,1968,33062
Australia,AUS,1969,43634
Australia,AUS,1970,39509
Australia,AUS,1971,52802
Australia,AUS,1972,46709
Australia,AUS,1973,43947
Australia,AUS,1974,37709
Australia,AUS,1975,28069
Australia,AUS,1976,26202
Australia,AUS,1977,26741
Australia,AUS,1978,24834
Australia,AUS,1979,31049
Australia,AUS,1980,26353
Australia,AUS,1981,30621
Australia,AUS,1982,27067
Australia,AUS,1983,26850
Australia,AUS,1984,23600
Australia,AUS,1985,24485
Australia,AUS,1986,28000
Australia,AUS,1987,26519
Australia,AUS,1988,28355
Australia,AUS,1989,27945
Australia,AUS,1990,29685
Australia,AUS,1991,25231
Australia,AUS,1992,31752
Australia,AUS,1993,29463
Australia,AUS,1994,21200
Australia,AUS,1995,29753
Australia,AUS,1996,21640
Australia,AUS,1997,25920
Australia,AUS,1998,19881
Australia,AUS,1999,21483
Australia,AUS,2000,19875
Australia,AUS,2001,20639
Australia,AUS,2002,12355
Australia,AUS,2003,19742
Australia,AUS,2004,10658
Australia,AUS,2005,19698
Australia,AUS,2006,16920
Australia,AUS,2007,17327
Australia,AUS,2008,17000
Australia,AUS,2009,13673
Australia,AUS,2010,13174.77
Australia,AUS,2011,13283
Australia,AUS,2012,12186.08
Australia,AUS,2013,11550.88
Australia,AUS,2014,9237.04
Australia,AUS,2015,9696.54
Australia,AUS,2016,8700
Australia,AUS,2017,5351
Australia,AUS,2018,8801
Australia,AUS,2019,8377
Australia,AUS,2020,6227.76
Australia,AUS,2021,5458.17
Australia,AUS,2022,4803.53
Australia,AUS,2023,2495
Austria,AUT,1961,33952
Austria,AUT,1962,19259
Austria,AUT,1963,37412
Austria,AUT,1964,18139
Austria,AUT,1965,12976
Austria,AUT,1966,18611
Austria,AUT,1967,22233
Austria,AUT,1968,17280
Austria,AUT,1969,20689
Austria,AUT,1970,18897
Austria,AUT,1971,8370
Austria,AUT,1972,11048
Austria,AUT,1973,8867
Austria,AUT,1974,14589
Austria,AUT,1975,9269
Austria,AUT,1976,9496
Austria,AUT,1977,4304
Austria,AUT,1978,14101
Austria,AUT,1979,12400
Austria,AUT,1980,13273
Austria,AUT,1981,6169
Austria,AUT,1982,18257
Austria,AUT,1983,11223
Austria,AUT,1984,14552
Austria,AUT,1985,13574
Austria,AUT,1986,12961
Austria,AUT,1987,8606
Austria,AUT,1988,6284
Austria,AUT,1989,15509
Austria,AUT,1990,10695
Austria,AUT,1991,11464
Austria,AUT,1992,12571
Austria,AUT,1993,7522
Austria,AUT,1994,6936
Austria,AUT,1995,17063
Austria,AUT,1996,13421
Austria,AUT,1997,12396
Austria,AUT,1998,8728
Austria,AUT,1999,22634
Austria,AUT,2000,13866
Austria,AUT,2001,11170.47
Austria,AUT,2002,6092.53
Austria,AUT,2003,17408
Austria,AUT,2004,15746
Austria,AUT,2005,13090
Austria,AUT,2006,25203
Austria,AUT,2007,14553
Austria,AUT,2008,15327
Austria,AUT,2009,24410
Austria,AUT,2010,4394
Austria,AUT,2011,8028
Austria,AUT,2012,2905.57
Austria,AUT,2013,12202.37
Austria,AUT,2014,8590.4
Austria,AUT,2015,8669.06
Austria,AUT,2016,5257.36
Austria,AUT,2017,6484
Austria,AUT,2018,9310
Austria,AUT,2019,11510
Austria,AUT,2020,1580
Austria,AUT,2021,5690
Austria,AUT,2022,6280
Austria,AUT,2023,4670
Azerbaijan,AZE,1992,13851
Azerbaijan,AZE,1993,11968
Azerbaijan,AZE,1994,11177
Azerbaijan,AZE,1995,11208
Azerbaijan,AZE,1996,11097
Azerbaijan,AZE,1997,10603
Azerbaijan,AZE,1998,13463
Azerbaijan,AZE,1999,11506
Azerbaijan,AZE,2000,13014
Azerbaijan,AZE,2001,13298
Azerbaijan,AZE,2002,12994
Azerbaijan,AZE,2003,12912
Azerbaijan,AZE,2004,6820
Azerbaijan,AZE,2005,16171
Azerbaijan,AZE,2006,18680
Azerbaijan,AZE,2007,19050
Azerbaijan,AZE,2008,21494
Azerbaijan,AZE,2009,20181
Azerbaijan,AZE,2010,19248
Azerbaijan,AZE,2011,18680
Azerbaijan,AZE,2012,23952
Azerbaijan,AZE,2013,23923
Azerbaijan,AZE,2014,21698
Azerbaijan,AZE,2015,23971
Azerbaijan,AZE,2016,25386.8
Azerbaijan,AZE,2017,26919.9
Azerbaijan,AZE,2018,28565.7
Azerbaijan,AZE,2019,29252.4
Azerbaijan,AZE,2020,28977.4
Azerbaijan,AZE,2021,29366.4
Azerbaijan,AZE,2022,30284.4
Azerbaijan,AZE,2023,30462
Belgium,BEL,2018,0
Belgium,BEL,2019,0
Belgium,BEL,2020,0
Belgium,BEL,2021,0
Belgium,BEL,2022,0
Belgium,BEL,2023,0
Bhutan,BTN,2004,16
Bhutan,BTN,2017,9.33
Bhutan,BTN,2018,15.93
Bhutan,BTN,2019,15.21
Bhutan,BTN,2020,35.87
Bhutan,BTN,2021,40.76
Bhutan,BTN,2022,35.06
Bhutan,BTN,2023,24.04
Bosnia and Herzegovina,BIH,1993,360
Bosnia and Herzegovina,BIH,1994,389.01
Bosnia and Herzegovina,BIH,1995,405.63
Bosnia and Herzegovina,BIH,1996,419.92
Bosnia and Herzegovina,BIH,1997,394
Bosnia and Herzegovina,BIH,1998,487
Bosnia and Herzegovina,BIH,1999,505
Bosnia and Herzegovina,BIH,2000,486
Bosnia and Herzegovina,BIH,2001,337
Bosnia and Herzegovina,BIH,2002,500
Bosnia and Herzegovina,BIH,2003,499
Bosnia and Herzegovina,BIH,2004,716
Bosnia and Herzegovina,BIH,2005,522
Bosnia and Herzegovina,BIH,2006,837
Bosnia and Herzegovina,BIH,2007,837
Bosnia and Herzegovina,BIH,2008,614
Bosnia and Herzegovina,BIH,2009,1077
Bosnia and Herzegovina,BIH,2010,1242
Bosnia and Herzegovina,BIH,2011,1395
Bosnia and Herzegovina,BIH,2012,1031
Bosnia and Herzegovina,BIH,2013,1048
Bosnia and Herzegovina,BIH,2014,805
Bosnia and Herzegovina,BIH,2015,930
Bosnia and Herzegovina,BIH,2016,1000
Bosnia and Herzegovina,BIH,2017,1202.6
Bosnia and Herzegovina,BIH,2018,843
Bosnia and Herzegovina,BIH,2019,1034
Bosnia and Herzegovina,BIH,2020,753
Bosnia and Herzegovina,BIH,2021,660
Bosnia and Herzegovina,BIH,2022,4117
Bosnia and Herzegovina,BIH,2023,5356
Bulgaria,BGR,1961,47874
Bulgaria,BGR,1962,20119
Bulgaria,BGR,1963,46928
Bulgaria,BGR,1964,27950
Bulgaria,BGR,1965,22926
Bulgaria,BGR,1966,39099
Bulgaria,BGR,1967,45112
Bulgaria,BGR,1968,42947
Bulgaria,BGR,1969,46841
Bulgaria,BGR,1970,24190
Bulgaria,BGR,1971,11015
Bulgaria,BGR,1972,17496
Bulgaria,BGR,1973,24556
Bulgaria,BGR,1974,30015
Bulgaria,BGR,1975,30389
Bulgaria,BGR,1976,33708
Bulgaria,BGR,1977,25450
Bulgaria,BGR,1978,29150
Bulgaria,BGR,1979,34227
Bulgaria,BGR,1980,39195
Bulgaria,BGR,1981,40764
Bulgaria,BGR,1982,41003
Bulgaria,BGR,1983,32476
Bulgaria,BGR,1984,24027
Bulgaria,BGR,1985,56997
Bulgaria,BGR,1986,26174
Bulgaria,BGR,1987,18077
Bulgaria,BGR,1988,34509
Bulgaria,BGR,1989,44311
Bulgaria,BGR,1990,50457
Bulgaria,BGR,1991,20032
Bulgaria,BGR,1992,36940
Bulgaria,BGR,1993,22020
Bulgaria,BGR,1994,20964
Bulgaria,BGR,1995,4575
Bulgaria,BGR,1996,23793
Bulgaria,BGR,1997,11857
Bulgaria,BGR,1998,9055
Bulgaria,BGR,1999,10870
Bulgaria,BGR,2000,12710
Bulgaria,BGR,2001,8441
Bulgaria,BGR,2002,4159
Bulgaria,BGR,2003,18527
Bulgaria,BGR,2004,18458
Bulgaria,BGR,2005,10621
Bulgaria,BGR,2006,13286
Bulgaria,BGR,2007,8310
Bulgaria,BGR,2008,12957
Bulgaria,BGR,2009,7568
Bulgaria,BGR,2010,11587
Bulgaria,BGR,2011,11931
Bulgaria,BGR,2012,10196
Bulgaria,BGR,2013,18024
Bulgaria,BGR,2014,11367
Bulgaria,BGR,2015,14179
Bulgaria,BGR,2016,15503
Bulgaria,BGR,2017,22542
Bulgaria,BGR,2018,13590
Bulgaria,BGR,2019,20240
Bulgaria,BGR,2020,9520
Bulgaria,BGR,2021,20700
Bulgaria,BGR,2022,19040
Bulgaria,BGR,2023,10840
Cameroon,CMR,1961,0
Cameroon,CMR,1962,0
Cameroon,CMR,1963,0
Cameroon,CMR,1964,0
Cameroon,CMR,1965,0
Cameroon,CMR,1966,0
Cameroon,CMR,1967,0
Cameroon,CMR,1968,0
Cameroon,CMR,1969,0
Cameroon,CMR,1970,0
Cameroon,CMR,1971,0
Cameroon,CMR,1972,0
Cameroon,CMR,1973,0
Cameroon,CMR,1974,0
Cameroon,CMR,1975,0
Cameroon,CMR,1976,0
Cameroon,CMR,1977,0
Cameroon,CMR,1978,0
Cameroon,CMR,1979,0
Cameroon,CMR,1980,0
Cameroon,CMR,1981,0
Cameroon,CMR,1982,0
Cameroon,CMR,1983,0
Cameroon,CMR,1984,0
Cameroon,CMR,1985,400
Cameroon,CMR,1986,400
Cameroon,CMR,1987,400
Cameroon,CMR,1988,400
Cameroon,CMR,1989,400
Cameroon,CMR,1990,358
Cameroon,CMR,1991,408.94
Cameroon,CMR,1992,411.4
Cameroon,CMR,1993,410
Cameroon,CMR,1994,417.41
Cameroon,CMR,1995,422.24
Cameroon,CMR,1996,430
Cameroon,CMR,1997,431.72
Cameroon,CMR,1998,440
Cameroon,CMR,1999,440.35
Cameroon,CMR,2000,450
Cameroon,CMR,2001,449.68
Cameroon,CMR,2002,460
Cameroon,CMR,2003,470.04
Cameroon,CMR,2004,470
Cameroon,CMR,2005,524.08
Cameroon,CMR,2006,561.61
Cameroon,CMR,2007,598.72
Cameroon,CMR,2008,626.41
Cameroon,CMR,2009,679.7
Cameroon,CMR,2010,680
Cameroon,CMR,2011,757.02
Cameroon,CMR,2012,850
Cameroon,CMR,2013,874.87
Cameroon,CMR,2014,922.28
Cameroon,CMR,2015,957.5
Cameroon,CMR,2016,918.22
Cameroon,CMR,2017,921.97
Cameroon,CMR,2018,927.97
Cameroon,CMR,2019,936.04
Cameroon,CMR,2020,928.66
Cameroon,CMR,2021,930.89
Cameroon,CMR,2022,931.86
Cameroon,CMR,2023,930.47
Canada,CAN,1961,6010
Canada,CAN,1962,7031
Canada,CAN,1963,2253
Canada,CAN,1964,8777
Canada,CAN,1965,453
Canada,CAN,1966,6328
Canada,CAN,1967,2988
Canada,CAN,1968,3279
Canada,CAN,1969,37
Canada,CAN,1970,3445
Canada,CAN,1971,3007
Canada,CAN,1972,2852
Canada,CAN,1973,3357
Canada,CAN,1974,2885
Canada,CAN,1975,3790
Canada,CAN,1976,2800
Canada,CAN,1977,2636
Canada,CAN,1978,2527
Canada,CAN,1979,2874
Canada,CAN,1980,3517
Canada,CAN,1981,1960
Canada,CAN,1982,2764
Canada,CAN,1983,2170
Canada,CAN,1984,2323
Canada,CAN,1985,2274
Canada,CAN,1986,2340
Canada,CAN,1987,2849
Canada,CAN,1988,2477
Canada,CAN,1989,269
Canada,CAN,1990,1956
Canada,CAN,1991,619
Canada,CAN,1992,1093
Canada,CAN,1993,974
Canada,CAN,1994,1475
Canada,CAN,1995,1755
Canada,CAN,1996,1118
Canada,CAN,1997,1352
Canada,CAN,1998,875
Canada,CAN,1999,776
Canada,CAN,2000,1036
Canada,CAN,2001,1370
Canada,CAN,2002,982
Canada,CAN,2003,1220
Canada,CAN,2004,1250
Canada,CAN,2005,1617
Canada,CAN,2006,826
Canada,CAN,2007,889
Canada,CAN,2008,1084
Canada,CAN,2009,913
Canada,CAN,2010,619
Canada,CAN,2011,522
Canada,CAN,2012,708
Canada,CAN,2013,660
Canada,CAN,2014,958
Canada,CAN,2015,1199
Canada,CAN,2016,1173
Canada,CAN,2017,1038
Canada,CAN,2018,1067
Canada,CAN,2019,917
Canada,CAN,2020,747
Canada,CAN,2021,801
Canada,CAN,2022,729
Canada,CAN,2023,696
Chile,CHL,1961,3991
Chile,CHL,1962,3991
Chile,CHL,1963,4082
Chile,CHL,1964,3992
Chile,CHL,1965,3810
Chile,CHL,1966,3992
Chile,CHL,1967,4989
Chile,CHL,1968,6000
Chile,CHL,1969,7000
Chile,CHL,1970,8000
Chile,CHL,1971,9000
Chile,CHL,1972,10000
Chile,CHL,1973,10400
Chile,CHL,1974,14300
Chile,CHL,1975,13900
Chile,CHL,1976,13100
Chile,CHL,1977,13800
Chile,CHL,1978,12900
Chile,CHL,1979,13300
Chile,CHL,1980,12600
Chile,CHL,1981,12970
Chile,CHL,1982,13100
Chile,CHL,1983,12900
Chile,CHL,1984,13400
Chile,CHL,1985,12000
Chile,CHL,1986,14700
Chile,CHL,1987,11800
Chile,CHL,1988,14500
Chile,CHL,1989,16000
Chile,CHL,1990,19450
Chile,CHL,1991,11200
Chile,CHL,1992,17000
Chile,CHL,1993,20000
Chile,CHL,1994,28000
Chile,CHL,1995,30000
Chile,CHL,1996,30000
Chile,CHL,1997,28000
Chile,CHL,1998,21000
Chile,CHL,1999,25000
Chile,CHL,2000,28500
Chile,CHL,2001,20500
Chile,CHL,2002,22000
Chile,CHL,2003,26000
Chile,CHL,2004,23000
Chile,CHL,2005,22000
Chile,CHL,2006,20000
Chile,CHL,2007,18000
Chile,CHL,2008,19052.49
Chile,CHL,2009,18072.45
Chile,CHL,2010,15004.58
Chile,CHL,2011,14353.37
Chile,CHL,2012,14366.08
Chile,CHL,2013,14368.57
Chile,CHL,2014,11050.49
Chile,CHL,2015,7983.68
Chile,CHL,2016,7387.76
Chile,CHL,2017,5970.85
Chile,CHL,2018,5204.06
Chile,CHL,2019,5215.98
Chile,CHL,2020,4872.37
Chile,CHL,2021,3970.73
Chile,CHL,2022,3950.19
Chile,CHL,2023,3747.24
China,CHN,1992,5000
China,CHN,1993,5000
China,CHN,1994,8000
China,CHN,1995,10000
China,CHN,1996,15000
China,CHN,1997,15000
China,CHN,1998,16500
China,CHN,1999,20000
China,CHN,2000,25000
China,CHN,2001,28000
China,CHN,2002,27000
China,CHN,2003,28000
China,CHN,2004,39500
China,CHN,2005,45000
China,CHN,2006,35000
China,CHN,2007,38000
China,CHN,2008,42000
China,CHN,2009,43000
China,CHN,2010,44576.27
China,CHN,2011,47860.5
China,CHN,2012,49155.84
China,CHN,2013,50931.73
China,CHN,2014,52596.9
China,CHN,2015,54157.65
China,CHN,2016,52562.1
China,CHN,2017,52660.86
China,CHN,2018,54157.53
China,CHN,2019,53126.83
China,CHN,2020,53315.07
China,CHN,2021,53533.14
China,CHN,2022,53325.02
China,CHN,2023,53391.08
Croatia,HRV,1992,1774
Croatia,HRV,1993,1503
Croatia,HRV,1994,874
Croatia,HRV,1995,935
Croatia,HRV,1996,1550
Croatia,HRV,1997,833
Croatia,HRV,1998,1047
Croatia,HRV,1999,1399
Croatia,HRV,2000,471
Croatia,HRV,2001,233
Croatia,HRV,2002,338
Croatia,HRV,2003,368
Croatia,HRV,2004,376
Croatia,HRV,2005,261
Croatia,HRV,2006,724
Croatia,HRV,2007,675
Croatia,HRV,2008,869
Croatia,HRV,2009,464
Croatia,HRV,2010,408
Croatia,HRV,2011,675
Croatia,HRV,2012,244
Croatia,HRV,2013,629
Croatia,HRV,2014,364
Croatia,HRV,2015,533
Croatia,HRV,2016,603
Croatia,HRV,2017,726
Croatia,HRV,2018,110
Croatia,HRV,2019,710
Croatia,HRV,2020,800
Croatia,HRV,2021,120
Croatia,HRV,2022,670
Croatia,HRV,2023,270
Cyprus,CYP,1961,914
Cyprus,CYP,1962,914
Cyprus,CYP,1963,953
Cyprus,CYP,1964,508
Cyprus,CYP,1965,691
Cyprus,CYP,1966,1118
Cyprus,CYP,1967,1524
Cyprus,CYP,1968,1321
Cyprus,CYP,1969,1219
Cyprus,CYP,1970,2032
Cyprus,CYP,1971,1829
Cyprus,CYP,1972,1930
Cyprus,CYP,1973,2134
Cyprus,CYP,1974,1321
Cyprus,CYP,1975,1270
Cyprus,CYP,1976,1626
Cyprus,CYP,1977,1321
Cyprus,CYP,1978,1270
Cyprus,CYP,1979,508
Cyprus,CYP,1980,1219
Cyprus,CYP,1981,559
Cyprus,CYP,1982,1016
Cyprus,CYP,1983,1100
Cyprus,CYP,1984,500
Cyprus,CYP,1985,800
Cyprus,CYP,1986,400
Cyprus,CYP,1987,1000
Cyprus,CYP,1988,1100
Cyprus,CYP,1989,1200
Cyprus,CYP,1990,1000
Cyprus,CYP,1991,1200
Cyprus,CYP,1992,1650
Cyprus,CYP,1993,2600
Cyprus,CYP,1994,1800
Cyprus,CYP,1995,2500
Cyprus,CYP,1996,2000
Cyprus,CYP,1997,1700
Cyprus,CYP,1998,2600
Cyprus,CYP,1999,2200
Cyprus,CYP,2000,2220
Cyprus,CYP,2001,1900
Cyprus,CYP,2002,2000
Cyprus,CYP,2003,800
Cyprus,CYP,2004,1159
Cyprus,CYP,2005,1730
Cyprus,CYP,2006,1801
Cyprus,CYP,2007,1887
Cyprus,CYP,2008,1024
Cyprus,CYP,2009,1055
Cyprus,CYP,2010,986
Cyprus,CYP,2011,924
Cyprus,CYP,2012,927
Cyprus,CYP,2013,824
Cyprus,CYP,2014,758
Cyprus,CYP,2015,1090
Cyprus,CYP,2016,819
Cyprus,CYP,2017,1062
Cyprus,CYP,2018,920
Cyprus,CYP,2019,960
Cyprus,CYP,2020,990
Cyprus,CYP,2021,1040
Cyprus,CYP,2022,1030
Cyprus,CYP,2023,930
Czechia,CZE,1993,6859
Czechia,CZE,1994,5800
Czechia,CZE,1995,13964
Czechia,CZE,1996,15944
Czechia,CZE,1997,7860
Czechia,CZE,1998,5515
Czechia,CZE,1999,10153
Czechia,CZE,2000,7445
Czechia,CZE,2001,3738
Czechia,CZE,2002,1455
Czechia,CZE,2003,4293
Czechia,CZE,2004,5484
Czechia,CZE,2005,2374
Czechia,CZE,2006,3020
Czechia,CZE,2007,5441
Czechia,CZE,2008,2864
Czechia,CZE,2009,4950
Czechia,CZE,2010,1333
Czechia,CZE,2011,2422
Czechia,CZE,2012,1032
Czechia,CZE,2013,3992
Czechia,CZE,2014,2317
Czechia,CZE,2015,2238
Czechia,CZE,2016,782
Czechia,CZE,2017,1019.01
Czechia,CZE,2018,2260
Czechia,CZE,2019,2870
Czechia,CZE,2020,590
Czechia,CZE,2021,1860
Czechia,CZE,2022,1530
Czechia,CZE,2023,710
Czechoslovakia,CSK,1961,30606
Czechoslovakia,CSK,1962,14768
Czechoslovakia,CSK,1963,25995
Czechoslovakia,CSK,1964,15035
Czechoslovakia,CSK,1965,11397
Czechoslovakia,CSK,1966,21652
Czechoslovakia,CSK,1967,27315
Czechoslovakia,CSK,1968,17700
Czechoslovakia,CSK,1969,40781
Czechoslovakia,CSK,1970,34228
Czechoslovakia,CSK,1971,8262
Czechoslovakia,CSK,1972,17014
Czechoslovakia,CSK,1973,12445
Czechoslovakia,CSK,1974,21704
Czechoslovakia,CSK,1975,5894
Czechoslovakia,CSK,1976,14288
Czechoslovakia,CSK,1977,3743
Czechoslovakia,CSK,1978,14588
Czechoslovakia,CSK,1979,9436
Czechoslovakia,CSK,1980,25349
Czechoslovakia,CSK,1981,9299
Czechoslovakia,CSK,1982,18672
Czechoslovakia,CSK,1983,22042
Czechoslovakia,CSK,1984,23702
Czechoslovakia,CSK,1985,12683
Czechoslovakia,CSK,1986,23327
Czechoslovakia,CSK,1987,8330
Czechoslovakia,CSK,1988,6580
Czechoslovakia,CSK,1989,42312
Czechoslovakia,CSK,1990,28637
Czechoslovakia,CSK,1991,11312
Czechoslovakia,CSK,1992,30120
Denmark,DNK,2018,0
Denmark,DNK,2019,0
Denmark,DNK,2020,0
Denmark,DNK,2021,0
Denmark,DNK,2022,0
Denmark,DNK,2023,0
Ecuador,ECU,1961,368
Ecuador,ECU,1962,191
Ecuador,ECU,1963,200
Ecuador,ECU,1964,243
Ecuador,ECU,1965,197
Ecuador,ECU,1966,300
Ecuador,ECU,1967,300
Ecuador,ECU,1968,305
Ecuador,ECU,1969,300
Ecuador,ECU,1970,300
Ecuador,ECU,1971,300
Ecuador,ECU,1972,300
Ecuador,ECU,1973,300
Ecuador,ECU,1974,300
Ecuador,ECU,1975,300
Ecuador,ECU,1976,300
Ecuador,ECU,1977,300
Ecuador,ECU,1978,300
Ecuador,ECU,1979,300
Ecuador,ECU,1980,300
Ecuador,ECU,1981,300
Ecuador,ECU,1982,300
Ecuador,ECU,1983,300
Ecuador,ECU,1984,300
Ecuador,ECU,1985,300
Ecuador,ECU,1986,300
Ecuador,ECU,1987,300
Ecuador,ECU,1988,300
Ecuador,ECU,1989,300
Ecuador,ECU,1990,334
Ecuador,ECU,1991,316.49
Ecuador,ECU,1992,318.23
Ecuador,ECU,1993,319.97
Ecuador,ECU,1994,320.27
Ecuador,ECU,1995,446.62
Ecuador,ECU,1996,500
Ecuador,ECU,1997,300
Ecuador,ECU,1998,280
Ecuador,ECU,1999,313.17
Ecuador,ECU,2000,314.75
Ecuador,ECU,2001,290
Ecuador,ECU,2002,295
Ecuador,ECU,2003,293.92
Ecuador,ECU,2004,300
Ecuador,ECU,2005,320
Ecuador,ECU,2006,330
Ecuador,ECU,2007,350
Ecuador,ECU,2008,380
Ecuador,ECU,2009,400
Ecuador,ECU,2010,377.48
Ecuador,ECU,2011,378.45
Ecuador,ECU,2012,400
Ecuador,ECU,2013,377.13
Ecuador,ECU,2014,354.38
Ecuador,ECU,2015,356.36
Ecuador,ECU,2016,357.23
Ecuador,ECU,2017,358.44
Ecuador,ECU,2018,360.16
Ecuador,ECU,2019,359.56
Ecuador,ECU,2020,349.05
Ecuador,ECU,2021,345.23
Ecuador,ECU,2022,345.96
Ecuador,ECU,2023,346.68
Egypt,EGY,1961,5573
Egypt,EGY,1962,8177
Egypt,EGY,1963,7728
Egypt,EGY,1964,6789
Egypt,EGY,1965,5940
Egypt,EGY,1966,10034
Egypt,EGY,1967,14000
Egypt,EGY,1968,9000
Egypt,EGY,1969,11000
Egypt,EGY,1970,11000
Egypt,EGY,1971,11000
Egypt,EGY,1972,12000
Egypt,EGY,1973,13000
Egypt,EGY,1974,15500
Egypt,EGY,1975,13800
Egypt,EGY,1976,11585
Egypt,EGY,1977,8930
Egypt,EGY,1978,18707
Egypt,EGY,1979,14826
Egypt,EGY,1980,17470
Egypt,EGY,1981,22768
Egypt,EGY,1982,23000
Egypt,EGY,1983,25000
Egypt,EGY,1984,24000
Egypt,EGY,1985,23000
Egypt,EGY,1986,21000
Egypt,EGY,1987,29000
Egypt,EGY,1988,33000
Egypt,EGY,1989,42000
Egypt,EGY,1990,38000
Egypt,EGY,1991,24795
Egypt,EGY,1992,44833
Egypt,EGY,1993,45000
Egypt,EGY,1994,43000
Egypt,EGY,1995,53948
Egypt,EGY,1996,50611
Egypt,EGY,1997,40652
Egypt,EGY,1998,45110
Egypt,EGY,1999,43042
Egypt,EGY,2000,62613
Egypt,EGY,2001,71191
Egypt,EGY,2002,103070
Egypt,EGY,2003,70424
Egypt,EGY,2004,72523
Egypt,EGY,2005,73000
Egypt,EGY,2006,100799
Egypt,EGY,2007,101139
Egypt,EGY,2008,106165
Egypt,EGY,2009,112977
Egypt,EGY,2010,92704
Egypt,EGY,2011,96643
Egypt,EGY,2012,98772
Egypt,EGY,2013,92444
Egypt,EGY,2014,97522
Egypt,EGY,2015,94831
Egypt,EGY,2016,89792
Egypt,EGY,2017,96357
Egypt,EGY,2018,94203
Egypt,EGY,2019,76650
Egypt,EGY,2020,66280
Egypt,EGY,2021,66207
Egypt,EGY,2022,69076
Egypt,EGY,2023,74067.72
Estonia,EST,2018,0
Estonia,EST,2019,0
Estonia,EST,2020,0
Estonia,EST,2021,0
Estonia,EST,2022,0
Estonia,EST,2023,0
Finland,FIN,2018,0
Finland,FIN,2019,0
Finland,FIN,2020,0
Finland,FIN,2021,0
Finland,FIN,2022,0
Finland,FIN,2023,0
France,FRA,1961,93910
France,FRA,1962,53220
France,FRA,1963,161280
France,FRA,1964,34340
France,FRA,1965,109680
France,FRA,1966,42967
France,FRA,1967,94215
France,FRA,1968,130200
France,FRA,1969,56012
France,FRA,1970,96180
France,FRA,1971,92180
France,FRA,1972,90980
France,FRA,1973,152020
France,FRA,1974,56240
France,FRA,1975,55570
France,FRA,1976,130202
France,FRA,1977,66873
France,FRA,1978,77000
France,FRA,1979,52000
France,FRA,1980,79000
France,FRA,1981,82000
France,FRA,1982,73600
France,FRA,1983,105200
France,FRA,1984,83300
France,FRA,1985,102500
France,FRA,1986,113500
France,FRA,1987,96800
France,FRA,1988,96200
France,FRA,1989,122500
France,FRA,1990,110432
France,FRA,1991,106596
France,FRA,1992,167582.8
France,FRA,1993,78561.9
France,FRA,1994,155071.5
France,FRA,1995,101239
France,FRA,1996,176239.4
France,FRA,1997,159338.2
France,FRA,1998,78828.5
France,FRA,1999,182731.9
France,FRA,2000,130786.9
France,FRA,2001,95910.2
France,FRA,2002,165695.3
France,FRA,2003,116600.3
France,FRA,2004,165055.5
France,FRA,2005,177136.3
France,FRA,2006,179812
France,FRA,2007,126409
France,FRA,2008,94516.2
France,FRA,2009,190382.4
France,FRA,2010,143211.7
France,FRA,2011,148647.5
France,FRA,2012,175227.6
France,FRA,2013,127158
France,FRA,2014,175760
France,FRA,2015,159375
France,FRA,2016,603268.2
France,FRA,2017,654938.2
France,FRA,2018,112890
France,FRA,2019,134800
France,FRA,2020,85260
France,FRA,2021,54590
France,FRA,2022,128080
France,FRA,2023,127780
Georgia,GEO,1992,4500
Georgia,GEO,1993,4000
Georgia,GEO,1994,5500
Georgia,GEO,1995,6000
Georgia,GEO,1996,6000
Georgia,GEO,1997,3000
Georgia,GEO,1998,1956
Georgia,GEO,1999,2344
Georgia,GEO,2000,1744
Georgia,GEO,2001,1395
Georgia,GEO,2002,596
Georgia,GEO,2003,1820
Georgia,GEO,2004,500
Georgia,GEO,2005,1489
Georgia,GEO,2006,510
Georgia,GEO,2007,300
Georgia,GEO,2008,700
Georgia,GEO,2009,200
Georgia,GEO,2010,800
Georgia,GEO,2011,300
Georgia,GEO,2012,700
Georgia,GEO,2013,700
Georgia,GEO,2014,1000
Georgia,GEO,2015,700
Georgia,GEO,2016,1500
Georgia,GEO,2017,600
Georgia,GEO,2018,900
Georgia,GEO,2019,1200
Georgia,GEO,2020,1900
Georgia,GEO,2021,2000
Georgia,GEO,2022,2600
Georgia,GEO,2023,1800
Germany,DEU,1961,2900
Germany,DEU,1962,2000
Germany,DEU,1963,4198
Germany,DEU,1964,3100
Germany,DEU,1965,1751
Germany,DEU,1966,1588
Germany,DEU,1967,3593
Germany,DEU,1968,6621
Germany,DEU,1969,3800
Germany,DEU,1970,5725
Germany,DEU,1971,5600
Germany,DEU,1972,2700
Germany,DEU,1973,4500
Germany,DEU,1974,6000
Germany,DEU,1975,1231
Germany,DEU,1976,1440
Germany,DEU,1977,1782
Germany,DEU,1978,2987
Germany,DEU,1979,1244
Germany,DEU,1980,2646
Germany,DEU,1981,1298
Germany,DEU,1982,2560
Germany,DEU,1983,1503
Germany,DEU,1984,2128
Germany,DEU,1985,1753
Germany,DEU,1986,2046
Germany,DEU,1987,1809
Germany,DEU,1988,1591
Germany,DEU,1989,1700
Germany,DEU,1990,1766
Germany,DEU,1991,900
Germany,DEU,1992,500
Germany,DEU,1993,200
Germany,DEU,1994,100
Germany,DEU,1995,200
Germany,DEU,1996,300
Germany,DEU,1997,100
Germany,DEU,1998,200
Germany,DEU,1999,200
Germany,DEU,2000,300
Germany,DEU,2001,100
Germany,DEU,2002,200
Germany,DEU,2003,185
Germany,DEU,2004,489
Germany,DEU,2005,216
Germany,DEU,2006,300
Germany,DEU,2007,310
Germany,DEU,2008,320
Germany,DEU,2009,350
Germany,DEU,2010,352.05
Germany,DEU,2011,245.12
Germany,DEU,2012,242.6
Germany,DEU,2013,234.3
Germany,DEU,2014,219.53
Germany,DEU,2015,232.14
Germany,DEU,2016,228.66
Germany,DEU,2017,226.78
Greece,GRC,1961,22295
Greece,GRC,1962,22620
Greece,GRC,1963,21216
Greece,GRC,1964,27768
Greece,GRC,1965,27244
Greece,GRC,1966,29882
Greece,GRC,1967,38418
Greece,GRC,1968,35908
Greece,GRC,1969,28182
Greece,GRC,1970,43066
Greece,GRC,1971,40798
Greece,GRC,1972,49549
Greece,GRC,1973,49970
Greece,GRC,1974,70052
Greece,GRC,1975,75192
Greece,GRC,1976,87020
Greece,GRC,1977,72188
Greece,GRC,1978,61407
Greece,GRC,1979,77360
Greece,GRC,1980,96000
Greece,GRC,1981,128307
Greece,GRC,1982,102021
Greece,GRC,1983,136897
Greece,GRC,1984,93712
Greece,GRC,1985,131329
Greece,GRC,1986,95733
Greece,GRC,1987,108376
Greece,GRC,1988,149041
Greece,GRC,1989,98630
Greece,GRC,1990,113211
Greece,GRC,1991,69196
Greece,GRC,1992,86276
Greece,GRC,1993,87587.97
Greece,GRC,1994,86778.73
Greece,GRC,1995,42810
Greece,GRC,1996,53491.52
Greece,GRC,1997,47158.97
Greece,GRC,1998,38922
Greece,GRC,1999,92336
Greece,GRC,2000,83634
Greece,GRC,2001,70771
Greece,GRC,2002,70272
Greece,GRC,2003,59884
Greece,GRC,2004,89538
Greece,GRC,2005,73613
Greece,GRC,2006,71586
Greece,GRC,2007,78433.93
Greece,GRC,2008,69073.16
Greece,GRC,2009,60205.02
Greece,GRC,2010,62705.08
Greece,GRC,2011,66789.58
Greece,GRC,2012,79456.63
Greece,GRC,2013,74717.9
Greece,GRC,2014,90037.7
Greece,GRC,2015,94798.68
Greece,GRC,2016,94630.11
Greece,GRC,2017,113782
Greece,GRC,2018,108600
Greece,GRC,2019,118340
Greece,GRC,2020,125640
Greece,GRC,2021,76540
Greece,GRC,2022,112240
Greece,GRC,2023,98310
Guadeloupe,GLP,1961,0
Guadeloupe,GLP,1962,0
Guadeloupe,GLP,1963,0
Guadeloupe,GLP,1964,0
Guadeloupe,GLP,1965,0
Guadeloupe,GLP,1966,0
Guadeloupe,GLP,1967,0
Guadeloupe,GLP,1968,0
Guadeloupe,GLP,1969,0
Guadeloupe,GLP,1970,0
Guadeloupe,GLP,1971,0
Guadeloupe,GLP,1972,10
Guadeloupe,GLP,1973,10
Guadeloupe,GLP,1974,100
Guadeloupe,GLP,1975,100
Guadeloupe,GLP,1976,100
Guadeloupe,GLP,1977,55
Guadeloupe,GLP,1978,25
Guadeloupe,GLP,1979,25
Guadeloupe,GLP,1980,10
Guadeloupe,GLP,1981,10
Guadeloupe,GLP,1982,10
Guadeloupe,GLP,1983,36
Guadeloupe,GLP,1984,36
Guadeloupe,GLP,1985,36
Guadeloupe,GLP,1986,36
Guadeloupe,GLP,1987,36
Guadeloupe,GLP,1988,36
Guadeloupe,GLP,1989,30
Guadeloupe,GLP,1990,20
Guadeloupe,GLP,1991,21
Guadeloupe,GLP,1992,22
Guadeloupe,GLP,1993,22
Guadeloupe,GLP,1994,22
Guadeloupe,GLP,1995,22
Guadeloupe,GLP,1996,23
Guadeloupe,GLP,1997,23
Guadeloupe,GLP,1998,23
Guadeloupe,GLP,1999,23
Guadeloupe,GLP,2000,23
Guadeloupe,GLP,2001,23
Guadeloupe,GLP,2002,24
Guadeloupe,GLP,2003,24
Guadeloupe,GLP,2004,24
Guadeloupe,GLP,2005,24
Guadeloupe,GLP,2006,24
Hungary,HUN,1961,130400
Hungary,HUN,1962,51300
Hungary,HUN,1963,104200
Hungary,HUN,1964,97900
Hungary,HUN,1965,68969
Hungary,HUN,1966,80577
Hungary,HUN,1967,107259
Hungary,HUN,1968,50567
Hungary,HUN,1969,130434
Hungary,HUN,1970,85409
Hungary,HUN,1971,62518
Hungary,HUN,1972,83657
Hungary,HUN,1973,59717
Hungary,HUN,1974,88966
Hungary,HUN,1975,35758
Hungary,HUN,1976,47863
Hungary,HUN,1977,45640
Hungary,HUN,1978,39904
Hungary,HUN,1979,27285
Hungary,HUN,1980,69297
Hungary,HUN,1981,35117
Hungary,HUN,1982,46269
Hungary,HUN,1983,50167
Hungary,HUN,1984,42301
Hungary,HUN,1985,53801
Hungary,HUN,1986,30587
Hungary,HUN,1987,26752
Hungary,HUN,1988,23476
Hungary,HUN,1989,73090
Hungary,HUN,1990,42325
Hungary,HUN,1991,35592
Hungary,HUN,1992,40384
Hungary,HUN,1993,36048
Hungary,HUN,1994,26883
Hungary,HUN,1995,18100
Hungary,HUN,1996,44973
Hungary,HUN,1997,24805
Hungary,HUN,1998,17181
Hungary,HUN,1999,38025
Hungary,HUN,2000,21408
Hungary,HUN,2001,15625
Hungary,HUN,2002,6958
Hungary,HUN,2003,30790
Hungary,HUN,2004,35155
Hungary,HUN,2005,25655
Hungary,HUN,2006,40281
Hungary,HUN,2007,21734
Hungary,HUN,2008,26761
Hungary,HUN,2009,33457
Hungary,HUN,2010,27059
Hungary,HUN,2011,24766
Hungary,HUN,2012,10780
Hungary,HUN,2013,21490
Hungary,HUN,2014,23090
Hungary,HUN,2015,19855
Hungary,HUN,2016,23528
Hungary,HUN,2017,24101
Hungary,HUN,2018,14330
Hungary,HUN,2019,25490
Hungary,HUN,2020,10620
Hungary,HUN,2021,11770
Hungary,HUN,2022,24110
Hungary,HUN,2023,16300
India,IND,1961,8000
India,IND,1962,8300
India,IND,1963,8500
India,IND,1964,8800
India,IND,1965,9200
India,IND,1966,9500
India,IND,1967,9800
India,IND,1968,10300
India,IND,1969,10500
India,IND,1970,10800
India,IND,1971,11000
India,IND,1972,10500
India,IND,1973,11000
India,IND,1974,11500
India,IND,1975,9500
India,IND,1976,10000
India,IND,1977,8000
India,IND,1978,8000
India,IND,1979,7000
India,IND,1980,6500
India,IND,1981,6000
India,IND,1982,5000
India,IND,1983,5500
India,IND,1984,5000
India,IND,1985,4800
India,IND,1986,4500
India,IND,1987,4800
India,IND,1988,4350
India,IND,1989,5000
India,IND,1990,6000
India,IND,1991,6200
India,IND,1992,6500
India,IND,1993,6800
India,IND,1994,7000
India,IND,1995,7300
India,IND,1996,7900
India,IND,1997,8100
India,IND,1998,8400
India,IND,1999,9400
India,IND,2000,9900
India,IND,2001,10000
India,IND,2002,10216.5
India,IND,2003,10530.11
India,IND,2004,10908.12
India,IND,2005,11331.71
India,IND,2006,11847.26
India,IND,2007,12316.64
India,IND,2008,12888.7
India,IND,2009,13291.56
India,IND,2010,13644.71
India,IND,2011,13929.03
India,IND,2012,14149.27
India,IND,2013,14155.16
India,IND,2014,14115.7
India,IND,2015,14186.43
India,IND,2016,14318
India,IND,2017,14458.08
India,IND,2018,14599.39
India,IND,2019,14740.81
India,IND,2020,14839.37
India,IND,2021,14937.51
India,IND,2022,15046.34
India,IND,2023,15155.18
Iran,IRN,1961,64863
Iran,IRN,1962,67494
Iran,IRN,1963,20049
Iran,IRN,1964,37648
Iran,IRN,1965,39916
Iran,IRN,1966,42000
Iran,IRN,1967,45000
Iran,IRN,1968,50000
Iran,IRN,1969,55000
Iran,IRN,1970,55000
Iran,IRN,1971,60000
Iran,IRN,1972,65000
Iran,IRN,1973,65000
Iran,IRN,1974,65000
Iran,IRN,1975,65000
Iran,IRN,1976,70000
Iran,IRN,1977,72000
Iran,IRN,1978,52000
Iran,IRN,1979,55000
Iran,IRN,1980,55000
Iran,IRN,1981,55000
Iran,IRN,1982,66430
Iran,IRN,1983,75000
Iran,IRN,1984,88000
Iran,IRN,1985,100823
Iran,IRN,1986,108134
Iran,IRN,1987,93852
Iran,IRN,1988,120431
Iran,IRN,1989,79267
Iran,IRN,1990,85474
Iran,IRN,1991,98454
Iran,IRN,1992,160126.3
Iran,IRN,1993,162995.6
Iran,IRN,1994,188594.2
Iran,IRN,1995,208299.2
Iran,IRN,1996,234210.7
Iran,IRN,1997,256187
Iran,IRN,1998,270437.5
Iran,IRN,1999,266796
Iran,IRN,2000,249700
Iran,IRN,2001,307114.1
Iran,IRN,2002,291000
Iran,IRN,2003,312994.7
Iran,IRN,2004,166373
Iran,IRN,2005,275578
Iran,IRN,2006,509015.9
Iran,IRN,2007,367260.8
Iran,IRN,2008,426637
Iran,IRN,2009,435111.1
Iran,IRN,2010,388048.9
Iran,IRN,2011,345801.3
Iran,IRN,2012,309908
Iran,IRN,2013,380031.6
Iran,IRN,2014,241569
Iran,IRN,2015,252000
Iran,IRN,2016,239712
Iran,IRN,2017,330553
Iran,IRN,2018,314012.2
Iran,IRN,2019,329637.78
Iran,IRN,2020,315732.75
Iran,IRN,2021,257359.77
Iran,IRN,2022,305932.22
Iran,IRN,2023,318475.1
Iraq,IRQ,1961,8000
Iraq,IRQ,1962,8500
Iraq,IRQ,1963,9500
Iraq,IRQ,1964,9500
Iraq,IRQ,1965,10000
Iraq,IRQ,1966,11000
Iraq,IRQ,1967,11500
Iraq,IRQ,1968,12000
Iraq,IRQ,1969,12000
Iraq,IRQ,1970,13000
Iraq,IRQ,1971,15242
Iraq,IRQ,1972,17000
Iraq,IRQ,1973,19000
Iraq,IRQ,1974,20000
Iraq,IRQ,1975,23000
Iraq,IRQ,1976,25000
Iraq,IRQ,1977,27000
Iraq,IRQ,1978,31270
Iraq,IRQ,1979,31800
Iraq,IRQ,1980,32400
Iraq,IRQ,1981,32500
Iraq,IRQ,1982,33000
Iraq,IRQ,1983,32000
Iraq,IRQ,1984,31000
Iraq,IRQ,1985,32000
Iraq,IRQ,1986,33000
Iraq,IRQ,1987,31270
Iraq,IRQ,1988,32000
Iraq,IRQ,1989,32500
Iraq,IRQ,1990,33000
Iraq,IRQ,1991,25000
Iraq,IRQ,1992,24000
Iraq,IRQ,1993,25000
Iraq,IRQ,1994,25500
Iraq,IRQ,1995,26000
Iraq,IRQ,1996,25500
Iraq,IRQ,1997,26000
Iraq,IRQ,1998,26600
Iraq,IRQ,1999,26700
Iraq,IRQ,2000,27000
Iraq,IRQ,2001,26000
Iraq,IRQ,2002,23000
Iraq,IRQ,2003,23174.84
Iraq,IRQ,2004,24000
Iraq,IRQ,2005,24500
Iraq,IRQ,2006,19000
Iraq,IRQ,2007,16322
Iraq,IRQ,2008,18952
Iraq,IRQ,2009,18339
Iraq,IRQ,2010,18926
Iraq,IRQ,2011,21476
Iraq,IRQ,2012,23152
Iraq,IRQ,2013,26276
Iraq,IRQ,2014,26298
Iraq,IRQ,2015,13479
Iraq,IRQ,2016,13871
Iraq,IRQ,2017,15002
Iraq,IRQ,2018,15517
Iraq,IRQ,2019,34728
Iraq,IRQ,2020,34609
Iraq,IRQ,2021,34153
Iraq,IRQ,2022,32326.29
Iraq,IRQ,2023,23753.47
Ireland,IRL,2018,0
Ireland,IRL,2019,0
Ireland,IRL,2020,0
Ireland,IRL,2021,0
Ireland,IRL,2022,0
Ireland,IRL,2023,0
Israel,ISR,1961,900
Israel,ISR,1962,1200
Israel,ISR,1963,1700
Israel,ISR,1964,4500
Israel,ISR,1965,8100
Israel,ISR,1966,10950
Israel,ISR,1967,13900
Israel,ISR,1968,16600
Israel,ISR,1969,10900
Israel,ISR,1970,14600
Israel,ISR,1971,12500
Israel,ISR,1972,17300
Israel,ISR,1973,10900
Israel,ISR,1974,14050
Israel,ISR,1975,12200
Israel,ISR,1976,14000
Israel,ISR,1977,7600
Israel,ISR,1978,12450
Israel,ISR,1979,10700
Israel,ISR,1980,9200
Israel,ISR,1981,13000
Israel,ISR,1982,10900
Israel,ISR,1983,14300
Israel,ISR,1984,8400
Israel,ISR,1985,13300
Israel,ISR,1986,9500
Israel,ISR,1987,13900
Israel,ISR,1988,11600
Israel,ISR,1989,10880
Israel,ISR,1990,16600
Israel,ISR,1991,12500
Israel,ISR,1992,12510
Israel,ISR,1993,12200
Israel,ISR,1994,8000
Israel,ISR,1995,12900
Israel,ISR,1996,9800
Israel,ISR,1997,9100
Israel,ISR,1998,11026
Israel,ISR,1999,7910
Israel,ISR,2000,10900
Israel,ISR,2001,9900
Israel,ISR,2002,14450
Israel,ISR,2003,8540
Israel,ISR,2004,13390
Israel,ISR,2005,16680
Israel,ISR,2006,12954
Israel,ISR,2007,12037
Israel,ISR,2008,10002
Israel,ISR,2009,7721
Israel,ISR,2010,8338
Israel,ISR,2011,7959
Israel,ISR,2012,11000
Israel,ISR,2013,7519
Israel,ISR,2014,7000
Israel,ISR,2015,5500
Israel,ISR,2016,6500
Israel,ISR,2017,8000
Israel,ISR,2018,5000
Israel,ISR,2019,7005
Israel,ISR,2020,5000
Israel,ISR,2021,4500
Israel,ISR,2022,6500
Israel,ISR,2023,4500
Italy,ITA,1961,60000
Italy,ITA,1962,48300
Italy,ITA,1963,60400
Italy,ITA,1964,64900
Italy,ITA,1965,71400
Italy,ITA,1966,77000
Italy,ITA,1967,64600
Italy,ITA,1968,109800
Italy,ITA,1969,69270
Italy,ITA,1970,120300
Italy,ITA,1971,105600
Italy,ITA,1972,74400
Italy,ITA,1973,111800
Italy,ITA,1974,115300
Italy,ITA,1975,101900
Italy,ITA,1976,98700
Italy,ITA,1977,82700
Italy,ITA,1978,79600
Italy,ITA,1979,99400
Italy,ITA,1980,96100
Italy,ITA,1981,113000
Italy,ITA,1982,167700
Italy,ITA,1983,154000
Italy,ITA,1984,195600
Italy,ITA,1985,195600
Italy,ITA,1986,186100
Italy,ITA,1987,191930
Italy,ITA,1988,189200
Italy,ITA,1989,181230
Italy,ITA,1990,184710
Italy,ITA,1991,156010
Italy,ITA,1992,174507
Italy,ITA,1993,163392
Italy,ITA,1994,179103
Italy,ITA,1995,104685
Italy,ITA,1996,137033
Italy,ITA,1997,102944
Italy,ITA,1998,135613
Italy,ITA,1999,212168
Italy,ITA,2000,201372
Italy,ITA,2001,187700
Italy,ITA,2002,200110
Italy,ITA,2003,108320
Italy,ITA,2004,213425
Italy,ITA,2005,232882
Italy,ITA,2006,221994
Italy,ITA,2007,214573
Italy,ITA,2008,205493
Italy,ITA,2009,215121
Italy,ITA,2010,252892
Italy,ITA,2011,263132
Italy,ITA,2012,247145.7
Italy,ITA,2013,198289.8
Italy,ITA,2014,222690.1
Italy,ITA,2015,217568.8
Italy,ITA,2016,237021
Italy,ITA,2017,266372
Italy,ITA,2018,229020
Italy,ITA,2019,272990
Italy,ITA,2020,173380
Italy,ITA,2021,189570
Italy,ITA,2022,230080
Italy,ITA,2023,207190
Japan,JPN,1999,119100
Japan,JPN,2000,121200
Japan,JPN,2001,123700
Japan,JPN,2002,112600
Japan,JPN,2003,88300
Japan,JPN,2004,113600
Japan,JPN,2005,123000
Japan,JPN,2006,119700
Japan,JPN,2007,120600
Japan,JPN,2008,121000
Japan,JPN,2009,115200
Japan,JPN,2010,92400
Japan,JPN,2011,106900
Japan,JPN,2012,90000
Japan,JPN,2013,123700
Japan,JPN,2014,111400
Japan,JPN,2015,97900
Japan,JPN,2016,92700
Japan,JPN,2017,86800
Japan,JPN,2018,112400
Japan,JPN,2019,88100
Japan,JPN,2020,71100
Japan,JPN,2021,104600
Japan,JPN,2022,96600
Japan,JPN,2023,95500
Jordan,JOR,1961,2600
Jordan,JOR,1962,1939
Jordan,JOR,1963,2400
Jordan,JOR,1964,2144
Jordan,JOR,1965,2500
Jordan,JOR,1966,2543
Jordan,JOR,1967,2477
Jordan,JOR,1968,2322
Jordan,JOR,1969,352
Jordan,JOR,1970,0
Jordan,JOR,1971,18
Jordan,JOR,1972,451
Jordan,JOR,1973,300
Jordan,JOR,1974,1474
Jordan,JOR,1975,237
Jordan,JOR,1976,183
Jordan,JOR,1977,264
Jordan,JOR,1978,259
Jordan,JOR,1979,236
Jordan,JOR,1980,73
Jordan,JOR,1981,61
Jordan,JOR,1982,77
Jordan,JOR,1983,49
Jordan,JOR,1984,91
Jordan,JOR,1985,180
Jordan,JOR,1986,295
Jordan,JOR,1987,279
Jordan,JOR,1988,385
Jordan,JOR,1989,658
Jordan,JOR,1990,761
Jordan,JOR,1991,1072
Jordan,JOR,1992,1654
Jordan,JOR,1993,1338
Jordan,JOR,1994,6786
Jordan,JOR,1995,3584
Jordan,JOR,1996,3260
Jordan,JOR,1997,2460
Jordan,JOR,1998,3593
Jordan,JOR,1999,3303
Jordan,JOR,2000,4576
Jordan,JOR,2001,3028
Jordan,JOR,2002,6412
Jordan,JOR,2003,4972
Jordan,JOR,2004,5787
Jordan,JOR,2005,6606
Jordan,JOR,2006,6816
Jordan,JOR,2007,4981
Jordan,JOR,2008,6528
Jordan,JOR,2009,6037
Jordan,JOR,2010,6796
Jordan,JOR,2011,7851
Jordan,JOR,2012,7992
Jordan,JOR,2013,8151
Jordan,JOR,2014,8112
Jordan,JOR,2015,10809
Jordan,JOR,2016,11719
Jordan,JOR,2017,18791
Jordan,JOR,2018,21415
Jordan,JOR,2019,26459
Jordan,JOR,2020,20992
Jordan,JOR,2021,19225
Jordan,JOR,2022,18955.3
Jordan,JOR,2023,22555
Kazakhstan,KAZ,1992,14000
Kazakhstan,KAZ,1993,9000
Kazakhstan,KAZ,1994,9000
Kazakhstan,KAZ,1995,8000
Kazakhstan,KAZ,1996,9500
Kazakhstan,KAZ,1997,8000
Kazakhstan,KAZ,1998,4000
Kazakhstan,KAZ,1999,3000
Kazakhstan,KAZ,2000,6740
Kazakhstan,KAZ,2001,5456
Kazakhstan,KAZ,2002,5745
Kazakhstan,KAZ,2003,6051
Kazakhstan,KAZ,2004,8540
Kazakhstan,KAZ,2005,9330
Kazakhstan,KAZ,2006,9870
Kazakhstan,KAZ,2007,9940
Kazakhstan,KAZ,2008,6180
Kazakhstan,KAZ,2009,13250
Kazakhstan,KAZ,2010,12330
Kazakhstan,KAZ,2011,12366
Kazakhstan,KAZ,2012,19230
Kazakhstan,KAZ,2013,15271
Kazakhstan,KAZ,2014,19086
Kazakhstan,KAZ,2015,17601
Kazakhstan,KAZ,2016,18630
Kazakhstan,KAZ,2017,17107
Kazakhstan,KAZ,2018,20223.67
Kazakhstan,KAZ,2019,22088.9
Kazakhstan,KAZ,2020,23091.74
Kazakhstan,KAZ,2021,23900.59
Kazakhstan,KAZ,2022,24207.72
Kazakhstan,KAZ,2023,34017.73
Kenya,KEN,1961,10
Kenya,KEN,1962,10
Kenya,KEN,1963,10
Kenya,KEN,1964,10
Kenya,KEN,1965,10
Kenya,KEN,1966,10
Kenya,KEN,1967,10
Kenya,KEN,1968,10
Kenya,KEN,1969,10
Kenya,KEN,1970,10
Kenya,KEN,1971,10
Kenya,KEN,1972,10
Kenya,KEN,1973,10
Kenya,KEN,1974,10
Kenya,KEN,1975,10
Kenya,KEN,1976,10
Kenya,KEN,1977,10
Kenya,KEN,1978,10
Kenya,KEN,1979,10
Kenya,KEN,1980,10
Kenya,KEN,1981,10
Kenya,KEN,1982,10
Kenya,KEN,1983,10
Kenya,KEN,1984,10
Kenya,KEN,1985,10
Kenya,KEN,1986,10
Kenya,KEN,1987,10
Kenya,KEN,1988,10
Kenya,KEN,1989,10
Kenya,KEN,1990,15.22
Kenya,KEN,1991,15.01
Kenya,KEN,1992,14.8
Kenya,KEN,1993,14.59
Kenya,KEN,1994,14.37
Kenya,KEN,1995,14.16
Kenya,KEN,1996,13.95
Kenya,KEN,1997,14.14
Kenya,KEN,1998,13.91
Kenya,KEN,1999,13
Kenya,KEN,2000,65
Kenya,KEN,2001,60
Kenya,KEN,2002,64.38
Kenya,KEN,2003,63.01
Kenya,KEN,2004,61.67
Kenya,KEN,2005,60.35
Kenya,KEN,2006,65.93
Kenya,KEN,2007,70.59
Kenya,KEN,2008,79.04
Kenya,KEN,2009,75.27
Kenya,KEN,2010,75.37
Kenya,KEN,2011,73.5
Kenya,KEN,2012,70
Kenya,KEN,2013,70
Kenya,KEN,2014,73.76
Kenya,KEN,2015,79.81
Kenya,KEN,2016,74.52
Kenya,KEN,2017,75.46
Kenya,KEN,2018,76.93
Kenya,KEN,2019,78.2
Kenya,KEN,2020,76.86
Kenya,KEN,2021,77.33
Kenya,KEN,2022,77.46
Kenya,KEN,2023,77.22
Kyrgyzstan,KGZ,1992,25000
Kyrgyzstan,KGZ,1993,15000
Kyrgyzstan,KGZ,1994,16500
Kyrgyzstan,KGZ,1995,10000
Kyrgyzstan,KGZ,1996,12000
Kyrgyzstan,KGZ,1997,18000
Kyrgyzstan,KGZ,1998,22000
Kyrgyzstan,KGZ,1999,25000
Kyrgyzstan,KGZ,2000,20000
Kyrgyzstan,KGZ,2001,18000
Kyrgyzstan,KGZ,2002,15000
Kyrgyzstan,KGZ,2003,11000
Kyrgyzstan,KGZ,2004,15400
Kyrgyzstan,KGZ,2005,13000
Kyrgyzstan,KGZ,2006,16500
Kyrgyzstan,KGZ,2007,15200
Kyrgyzstan,KGZ,2008,30000
Kyrgyzstan,KGZ,2009,22000
Kyrgyzstan,KGZ,2010,21000
Kyrgyzstan,KGZ,2011,22000
Kyrgyzstan,KGZ,2012,24100
Kyrgyzstan,KGZ,2013,27000
Kyrgyzstan,KGZ,2014,28000
Kyrgyzstan,KGZ,2015,24300
Kyrgyzstan,KGZ,2016,26433.33
Kyrgyzstan,KGZ,2017,25583.81
Kyrgyzstan,KGZ,2018,25739.21
Kyrgyzstan,KGZ,2019,26124.68
Kyrgyzstan,KGZ,2020,26749.32
Kyrgyzstan,KGZ,2021,27129.65
Kyrgyzstan,KGZ,2022,26667.88
Kyrgyzstan,KGZ,2023,26848.95
Latvia,LVA,2018,0
Latvia,LVA,2019,0
Latvia,LVA,2020,0
Latvia,LVA,2021,0
Latvia,LVA,2022,0
Latvia,LVA,2023,0
Lebanon,LBN,1961,6000
Lebanon,LBN,1962,4000
Lebanon,LBN,1963,5000
Lebanon,LBN,1964,12500
Lebanon,LBN,1965,10600
Lebanon,LBN,1966,10915
Lebanon,LBN,1967,8120
Lebanon,LBN,1968,24503
Lebanon,LBN,1969,11511
Lebanon,LBN,1970,12952
Lebanon,LBN,1971,12761
Lebanon,LBN,1972,18119
Lebanon,LBN,1973,13500
Lebanon,LBN,1974,10156
Lebanon,LBN,1975,19000
Lebanon,LBN,1976,20000
Lebanon,LBN,1977,21500
Lebanon,LBN,1978,22000
Lebanon,LBN,1979,23000
Lebanon,LBN,1980,23000
Lebanon,LBN,1981,15000
Lebanon,LBN,1982,25000
Lebanon,LBN,1983,28000
Lebanon,LBN,1984,29000
Lebanon,LBN,1985,30000
Lebanon,LBN,1986,32000
Lebanon,LBN,1987,34000
Lebanon,LBN,1988,36000
Lebanon,LBN,1989,40000
Lebanon,LBN,1990,44000
Lebanon,LBN,1991,48900
Lebanon,LBN,1992,53000
Lebanon,LBN,1993,55000
Lebanon,LBN,1994,58000
Lebanon,LBN,1995,62000
Lebanon,LBN,1996,65517
Lebanon,LBN,1997,53833
Lebanon,LBN,1998,47700
Lebanon,LBN,1999,42900
Lebanon,LBN,2000,20000
Lebanon,LBN,2001,19600
Lebanon,LBN,2002,39300
Lebanon,LBN,2003,30800
Lebanon,LBN,2004,28600
Lebanon,LBN,2005,31800
Lebanon,LBN,2006,29300
Lebanon,LBN,2007,32000
Lebanon,LBN,2008,32500
Lebanon,LBN,2009,29000
Lebanon,LBN,2010,20972.27
Lebanon,LBN,2011,15041.43
Lebanon,LBN,2012,24920.2
Lebanon,LBN,2013,24952.45
Lebanon,LBN,2014,28856.45
Lebanon,LBN,2015,33238.43
Lebanon,LBN,2016,39801
Lebanon,LBN,2017,37051
Lebanon,LBN,2018,34930
Lebanon,LBN,2019,31050
Lebanon,LBN,2020,34110
Lebanon,LBN,2021,34500
Lebanon,LBN,2022,34268.19
Lebanon,LBN,2023,32878.77
Libya,LBY,1961,700
Libya,LBY,1962,600
Libya,LBY,1963,400
Libya,LBY,1964,200
Libya,LBY,1965,300
Libya,LBY,1966,300
Libya,LBY,1967,300
Libya,LBY,1968,300
Libya,LBY,1969,300
Libya,LBY,1970,250
Libya,LBY,1971,600
Libya,LBY,1972,758
Libya,LBY,1973,1038
Libya,LBY,1974,2667
Libya,LBY,1975,1495
Libya,LBY,1976,1880
Libya,LBY,1977,2365
Libya,LBY,1978,2077
Libya,LBY,1979,2386
Libya,LBY,1980,2048
Libya,LBY,1981,4000
Libya,LBY,1982,6855
Libya,LBY,1983,9153
Libya,LBY,1984,8701
Libya,LBY,1985,11000
Libya,LBY,1986,13000
Libya,LBY,1987,15140
Libya,LBY,1988,15140
Libya,LBY,1989,16860
Libya,LBY,1990,17114
Libya,LBY,1991,18000
Libya,LBY,1992,16000
Libya,LBY,1993,15500
Libya,LBY,1994,15000
Libya,LBY,1995,15055.37
Libya,LBY,1996,14500
Libya,LBY,1997,15000
Libya,LBY,1998,15500
Libya,LBY,1999,16000
Libya,LBY,2000,16500
Libya,LBY,2001,16717.71
Libya,LBY,2002,17000
Libya,LBY,2003,17383.26
Libya,LBY,2004,17500
Libya,LBY,2005,18000
Libya,LBY,2006,20000
Libya,LBY,2007,20100
Libya,LBY,2008,20500
Libya,LBY,2009,21000
Libya,LBY,2010,21500
Libya,LBY,2011,23126.49
Libya,LBY,2012,25500
Libya,LBY,2013,25902.32
Libya,LBY,2014,26364.64
Libya,LBY,2015,25966.89
Libya,LBY,2016,25845.08
Libya,LBY,2017,25909.65
Libya,LBY,2018,28170
Libya,LBY,2019,28830
Libya,LBY,2020,25990
Libya,LBY,2021,25900
Libya,LBY,2022,25849.97
Libya,LBY,2023,27025.04
Lithuania,LTU,2018,0
Lithuania,LTU,2019,0
Lithuania,LTU,2020,0
Lithuania,LTU,2021,0
Lithuania,LTU,2022,0
Lithuania,LTU,2023,0
Luxembourg,LUX,2018,0
Luxembourg,LUX,2019,0
Luxembourg,LUX,2020,0
Luxembourg,LUX,2021,0
Luxembourg,LUX,2022,0
Luxembourg,LUX,2023,0
Madagascar,MDG,1961,300
Madagascar,MDG,1962,300
Madagascar,MDG,1963,400
Madagascar,MDG,1964,400
Madagascar,MDG,1965,500
Madagascar,MDG,1966,500
Madagascar,MDG,1967,500
Madagascar,MDG,1968,400
Madagascar,MDG,1969,300
Madagascar,MDG,1970,200
Madagascar,MDG,1971,159
Madagascar,MDG,1972,320
Madagascar,MDG,1973,330
Madagascar,MDG,1974,230
Madagascar,MDG,1975,320
Madagascar,MDG,1976,335
Madagascar,MDG,1977,385
Madagascar,MDG,1978,485
Madagascar,MDG,1979,510
Madagascar,MDG,1980,650
Madagascar,MDG,1981,710
Madagascar,MDG,1982,980
Madagascar,MDG,1983,1035
Madagascar,MDG,1984,1180
Madagascar,MDG,1985,1200
Madagascar,MDG,1986,960
Madagascar,MDG,1987,980
Madagascar,MDG,1988,960
Madagascar,MDG,1989,1000
Madagascar,MDG,1990,1050
Madagascar,MDG,1991,1000
Madagascar,MDG,1992,1050
Madagascar,MDG,1993,1100
Madagascar,MDG,1994,1000
Madagascar,MDG,1995,1100
Madagascar,MDG,1996,1136.08
Madagascar,MDG,1997,1200
Madagascar,MDG,1998,1194.78
Madagascar,MDG,1999,1300
Madagascar,MDG,2000,1200
Madagascar,MDG,2001,1214.34
Madagascar,MDG,2002,1230.68
Madagascar,MDG,2003,1237.64
Madagascar,MDG,2004,1246.02
Madagascar,MDG,2005,1261.46
Madagascar,MDG,2006,1250
Madagascar,MDG,2007,1300
Madagascar,MDG,2008,1290
Madagascar,MDG,2009,1345
Madagascar,MDG,2010,1360
Madagascar,MDG,2011,1362.69
Madagascar,MDG,2012,1400
Madagascar,MDG,2013,1350
Madagascar,MDG,2014,1381.72
Madagascar,MDG,2015,1419.15
Madagascar,MDG,2016,1431.87
Madagascar,MDG,2017,1442.57
Madagascar,MDG,2018,1458.13
Madagascar,MDG,2019,1473.88
Madagascar,MDG,2020,1497.43
Madagascar,MDG,2021,1508.4
Madagascar,MDG,2022,1493.24
Madagascar,MDG,2023,1499.69
Malta,MLT,1998,100
Malta,MLT,1999,76.47
Malta,MLT,2000,73.14
Malta,MLT,2001,80
Malta,MLT,2002,74.94
Malta,MLT,2003,60.56
Malta,MLT,2004,40
Malta,MLT,2005,43
Malta,MLT,2006,48
Malta,MLT,2007,20
Malta,MLT,2008,52
Malta,MLT,2009,35
Malta,MLT,2010,50
Malta,MLT,2011,86
Malta,MLT,2012,34
Malta,MLT,2013,51
Malta,MLT,2014,34
Malta,MLT,2015,38
Malta,MLT,2016,20.93
Malta,MLT,2017,44
Malta,MLT,2018,40
Malta,MLT,2019,20
Malta,MLT,2020,20
Malta,MLT,2021,10
Malta,MLT,2022,30
Malta,MLT,2023,10
Mexico,MEX,1961,5829
Mexico,MEX,1962,5741
Mexico,MEX,1963,6584
Mexico,MEX,1964,6866
Mexico,MEX,1965,7168
Mexico,MEX,1966,7352
Mexico,MEX,1967,7504
Mexico,MEX,1968,7810
Mexico,MEX,1969,6917
Mexico,MEX,1970,8714
Mexico,MEX,1971,9713
Mexico,MEX,1972,7808
Mexico,MEX,1973,10493
Mexico,MEX,1974,8504
Mexico,MEX,1975,7536
Mexico,MEX,1976,7257
Mexico,MEX,1977,7637
Mexico,MEX,1978,6508
Mexico,MEX,1979,4468
Mexico,MEX,1980,7082
Mexico,MEX,1981,7715
Mexico,MEX,1982,33135
Mexico,MEX,1983,22836
Mexico,MEX,1984,26452
Mexico,MEX,1985,3524
Mexico,MEX,1986,1805
Mexico,MEX,1987,2725
Mexico,MEX,1988,2717
Mexico,MEX,1989,1535
Mexico,MEX,1990,2062
Mexico,MEX,1991,2799
Mexico,MEX,1992,3699
Mexico,MEX,1993,2522
Mexico,MEX,1994,2052
Mexico,MEX,1995,3538
Mexico,MEX,1996,2188
Mexico,MEX,1997,2453
Mexico,MEX,1998,1942
Mexico,MEX,1999,2162
Mexico,MEX,2000,2067
Mexico,MEX,2001,1619
Mexico,MEX,2002,2079
Mexico,MEX,2003,1720
Mexico,MEX,2004,1532
Mexico,MEX,2005,1298
Mexico,MEX,2006,1696
Mexico,MEX,2007,1326
Mexico,MEX,2008,1387
Mexico,MEX,2009,1333
Mexico,MEX,2010,1291
Mexico,MEX,2011,863
Mexico,MEX,2012,1130
Mexico,MEX,2013,996
Mexico,MEX,2014,922.37
Mexico,MEX,2015,1086.55
Mexico,MEX,2016,847.76
Mexico,MEX,2017,832.51
Mexico,MEX,2018,979.81
Mexico,MEX,2019,966.94
Mexico,MEX,2020,1093.51
Mexico,MEX,2021,1088.95
Mexico,MEX,2022,714.49
Mexico,MEX,2023,1039.01
Moldova,MDA,1992,2500
Moldova,MDA,1993,3000
Moldova,MDA,1994,3500
Moldova,MDA,1995,4000
Moldova,MDA,1996,13500
Moldova,MDA,1997,10011
Moldova,MDA,1998,14518
Moldova,MDA,1999,3440
Moldova,MDA,2000,5409
Moldova,MDA,2001,8712
Moldova,MDA,2002,4414
Moldova,MDA,2003,6429
Moldova,MDA,2004,6016
Moldova,MDA,2005,5234
Moldova,MDA,2006,3823
Moldova,MDA,2007,6340
Moldova,MDA,2008,6644
Moldova,MDA,2009,6600
Moldova,MDA,2010,4744
Moldova,MDA,2011,8549
Moldova,MDA,2012,5162
Moldova,MDA,2013,9904
Moldova,MDA,2014,7184
Moldova,MDA,2015,10399
Moldova,MDA,2016,21439
Moldova,MDA,2017,13118
Moldova,MDA,2018,9519
Moldova,MDA,2019,16731
Moldova,MDA,2020,5487
Moldova,MDA,2021,8682
Moldova,MDA,2022,11853
Moldova,MDA,2023,6020
Morocco,MAR,1961,4800
Morocco,MAR,1962,8955
Morocco,MAR,1963,13000
Morocco,MAR,1964,16160
Morocco,MAR,1965,27561
Morocco,MAR,1966,54145
Morocco,MAR,1967,60000
Morocco,MAR,1968,60000
Morocco,MAR,1969,60000
Morocco,MAR,1970,60000
Morocco,MAR,1971,60000
Morocco,MAR,1972,60000
Morocco,MAR,1973,62000
Morocco,MAR,1974,60000
Morocco,MAR,1975,55000
Morocco,MAR,1976,56000
Morocco,MAR,1977,59000
Morocco,MAR,1978,60000
Morocco,MAR,1979,62000
Morocco,MAR,1980,63000
Morocco,MAR,1981,64000
Morocco,MAR,1982,65000
Morocco,MAR,1983,66000
Morocco,MAR,1984,70000
Morocco,MAR,1985,73000
Morocco,MAR,1986,73000
Morocco,MAR,1987,73000
Morocco,MAR,1988,92000
Morocco,MAR,1989,81000
Morocco,MAR,1990,73700
Morocco,MAR,1991,92200
Morocco,MAR,1992,66000
Morocco,MAR,1993,120000
Morocco,MAR,1994,88000
Morocco,MAR,1995,78000
Morocco,MAR,1996,88100
Morocco,MAR,1997,103600
Morocco,MAR,1998,116800
Morocco,MAR,1999,106400
Morocco,MAR,2000,119600
Morocco,MAR,2001,104300
Morocco,MAR,2002,86200
Morocco,MAR,2003,97950
Morocco,MAR,2004,85000
Morocco,MAR,2005,103600
Morocco,MAR,2006,129440
Morocco,MAR,2007,105234
Morocco,MAR,2008,113216
Morocco,MAR,2009,133598
Morocco,MAR,2010,134933
Morocco,MAR,2011,159124
Morocco,MAR,2012,122405
Morocco,MAR,2013,100698.1
Morocco,MAR,2014,90273.55
Morocco,MAR,2015,103954.52
Morocco,MAR,2016,71155.6
Morocco,MAR,2017,112538.2
Morocco,MAR,2018,101612.4
Morocco,MAR,2019,109795.2
Morocco,MAR,2020,93007.9
Morocco,MAR,2021,78449
Morocco,MAR,2022,68000.5
Morocco,MAR,2023,59015.21
Nepal,NPL,1990,400
Nepal,NPL,1991,606
Nepal,NPL,1992,500
Nepal,NPL,1993,520
Nepal,NPL,1994,535
Nepal,NPL,1995,600
Nepal,NPL,1996,360
Nepal,NPL,1997,424
Nepal,NPL,1998,425
Nepal,NPL,1999,456
Nepal,NPL,2000,447
Nepal,NPL,2001,487
Nepal,NPL,2002,473
Nepal,NPL,2003,518
Nepal,NPL,2004,567
Nepal,NPL,2005,567
Nepal,NPL,2006,567
Nepal,NPL,2007,567
Nepal,NPL,2008,567
Nepal,NPL,2009,725
Nepal,NPL,2010,797
Nepal,NPL,2011,971
Nepal,NPL,2012,1484
Nepal,NPL,2013,1658
Nepal,NPL,2014,1640.4
Nepal,NPL,2015,2735.1
Nepal,NPL,2016,2767.1
Nepal,NPL,2017,1465.84
Nepal,NPL,2018,1820
Nepal,NPL,2019,1923
Nepal,NPL,2020,1782
Nepal,NPL,2021,2009
Nepal,NPL,2022,2226
Nepal,NPL,2023,1662.85
Netherlands,NLD,2018,0
Netherlands,NLD,2019,0
Netherlands,NLD,2020,0
Netherlands,NLD,2021,0
Netherlands,NLD,2022,0
Netherlands,NLD,2023,0
New Zealand,NZL,1961,3690
New Zealand,NZL,1962,3780
New Zealand,NZL,1963,5900
New Zealand,NZL,1964,6000
New Zealand,NZL,1965,4770
New Zealand,NZL,1966,4900
New Zealand,NZL,1967,5600
New Zealand,NZL,1968,4910
New Zealand,NZL,1969,5000
New Zealand,NZL,1970,6700
New Zealand,NZL,1971,7582
New Zealand,NZL,1972,7221
New Zealand,NZL,1973,7022
New Zealand,NZL,1974,7221
New Zealand,NZL,1975,4902
New Zealand,NZL,1976,4677
New Zealand,NZL,1977,5667
New Zealand,NZL,1978,5026
New Zealand,NZL,1979,6742
New Zealand,NZL,1980,6340
New Zealand,NZL,1981,6538
New Zealand,NZL,1982,7258
New Zealand,NZL,1983,5400
New Zealand,NZL,1984,8040
New Zealand,NZL,1985,9375
New Zealand,NZL,1986,10000
New Zealand,NZL,1987,8700
New Zealand,NZL,1988,8500
New Zealand,NZL,1989,7000
New Zealand,NZL,1990,10284
New Zealand,NZL,1991,8460
New Zealand,NZL,1992,4600
New Zealand,NZL,1993,7300
New Zealand,NZL,1994,7500
New Zealand,NZL,1995,7600
New Zealand,NZL,1996,6700
New Zealand,NZL,1997,7500
New Zealand,NZL,1998,7400
New Zealand,NZL,1999,7400
New Zealand,NZL,2000,7400
New Zealand,NZL,2001,6000
New Zealand,NZL,2002,7000
New Zealand,NZL,2003,4500
New Zealand,NZL,2004,3914
New Zealand,NZL,2005,3678
New Zealand,NZL,2006,3700
New Zealand,NZL,2007,3500
New Zealand,NZL,2008,3400
New Zealand,NZL,2009,3200
New Zealand,NZL,2010,3415.76
New Zealand,NZL,2011,3220.23
New Zealand,NZL,2012,3296.47
New Zealand,NZL,2013,3436.26
New Zealand,NZL,2014,3943.94
New Zealand,NZL,2015,3275.55
New Zealand,NZL,2016,3094.87
New Zealand,NZL,2017,3266.62
New Zealand,NZL,2018,2852.28
New Zealand,NZL,2019,2780.9
New Zealand,NZL,2020,2724.78
New Zealand,NZL,2021,2720.2
New Zealand,NZL,2022,1949.24
New Zealand,NZL,2023,1938.56
North Macedonia,MKD,1992,6758
North Macedonia,MKD,1993,5715
North Macedonia,MKD,1994,5066
North Macedonia,MKD,1995,6061
North Macedonia,MKD,1996,4296
North Macedonia,MKD,1997,1305
North Macedonia,MKD,1998,2348
North Macedonia,MKD,1999,4426
North Macedonia,MKD,2000,4168
North Macedonia,MKD,2001,2800
North Macedonia,MKD,2002,2550
North Macedonia,MKD,2003,1436
North Macedonia,MKD,2004,4476
North Macedonia,MKD,2005,2964
North Macedonia,MKD,2006,3561
North Macedonia,MKD,2007,3531
North Macedonia,MKD,2008,3706
North Macedonia,MKD,2009,2950
North Macedonia,MKD,2010,2996
North Macedonia,MKD,2011,3747
North Macedonia,MKD,2012,4503
North Macedonia,MKD,2013,3968
North Macedonia,MKD,2014,4619
North Macedonia,MKD,2015,3255
North Macedonia,MKD,2016,3471
North Macedonia,MKD,2017,3992
North Macedonia,MKD,2018,3904
North Macedonia,MKD,2019,6070
North Macedonia,MKD,2020,3434
North Macedonia,MKD,2021,2584
North Macedonia,MKD,2022,5312
North Macedonia,MKD,2023,3417
Pakistan,PAK,1961,5100
Pakistan,PAK,1962,5900
Pakistan,PAK,1963,9700
Pakistan,PAK,1964,11000
Pakistan,PAK,1965,9100
Pakistan,PAK,1966,11600
Pakistan,PAK,1967,12200
Pakistan,PAK,1968,13500
Pakistan,PAK,1969,17900
Pakistan,PAK,1970,19100
Pakistan,PAK,1971,19910
Pakistan,PAK,1972,9960
Pakistan,PAK,1973,22560
Pakistan,PAK,1974,24600
Pakistan,PAK,1975,25674
Pakistan,PAK,1976,27645
Pakistan,PAK,1977,30299
Pakistan,PAK,1978,31303
Pakistan,PAK,1979,34100
Pakistan,PAK,1980,35768
Pakistan,PAK,1981,37122
Pakistan,PAK,1982,43692
Pakistan,PAK,1983,46536
Pakistan,PAK,1984,52200
Pakistan,PAK,1985,53800
Pakistan,PAK,1986,61500
Pakistan,PAK,1987,65800
Pakistan,PAK,1988,71700
Pakistan,PAK,1989,76200
Pakistan,PAK,1990,81000
Pakistan,PAK,1991,108847
Pakistan,PAK,1992,122097
Pakistan,PAK,1993,152615
Pakistan,PAK,1994,178124
Pakistan,PAK,1995,190634
Pakistan,PAK,1996,188063
Pakistan,PAK,1997,188967
Pakistan,PAK,1998,190852
Pakistan,PAK,1999,120500
Pakistan,PAK,2000,125889
Pakistan,PAK,2001,124675
Pakistan,PAK,2002,129700
Pakistan,PAK,2003,210882
Pakistan,PAK,2004,214800
Pakistan,PAK,2005,197239
Pakistan,PAK,2006,177266
Pakistan,PAK,2007,240192
Pakistan,PAK,2008,237937
Pakistan,PAK,2009,193936
Pakistan,PAK,2010,190174
Pakistan,PAK,2011,189420
Pakistan,PAK,2012,178489
Pakistan,PAK,2013,177630
Pakistan,PAK,2014,170504
Pakistan,PAK,2015,172933
Pakistan,PAK,2016,165918
Pakistan,PAK,2017,141721
Pakistan,PAK,2018,107986
Pakistan,PAK,2019,94410
Pakistan,PAK,2020,124173
Pakistan,PAK,2021,159022
Pakistan,PAK,2022,204029
Pakistan,PAK,2023,135062.36
Palestine,PSE,1994,593
Palestine,PSE,1995,1722
Palestine,PSE,1996,676
Palestine,PSE,1997,876
Palestine,PSE,1998,811
Palestine,PSE,1999,607
Palestine,PSE,2000,1854
Palestine,PSE,2001,1551
Palestine,PSE,2002,2959
Palestine,PSE,2003,1190
Palestine,PSE,2004,1491
Palestine,PSE,2005,1003
Palestine,PSE,2006,1067
Palestine,PSE,2007,949
Palestine,PSE,2008,1304
Palestine,PSE,2009,800
Palestine,PSE,2010,299.88
Palestine,PSE,2011,950.26
Palestine,PSE,2012,1006.03
Palestine,PSE,2013,1044.89
Palestine,PSE,2014,1070
Palestine,PSE,2015,1070
Palestine,PSE,2016,1070
Palestine,PSE,2017,1039.12
Palestine,PSE,2018,1060
Palestine,PSE,2019,1080
Palestine,PSE,2020,1070
Palestine,PSE,2021,985
Palestine,PSE,2022,1025.02
Palestine,PSE,2023,1053.42
Peru,PER,1970,306
Peru,PER,1971,367
Peru,PER,1972,441
Peru,PER,1973,431
Peru,PER,1974,444
Peru,PER,1975,515
Peru,PER,1976,465
Peru,PER,1977,423
Peru,PER,1978,520
Peru,PER,1979,503
Peru,PER,1980,472
Peru,PER,1981,475
Peru,PER,1982,443
Peru,PER,1983,323
Peru,PER,1984,368
Peru,PER,1985,315
Peru,PER,1986,267
Peru,PER,1987,325
Peru,PER,1988,285
Peru,PER,1989,306
Peru,PER,1990,311
Peru,PER,1991,268
Peru,PER,1992,206
Peru,PER,1993,227
Peru,PER,1994,212
Peru,PER,1995,240
Peru,PER,1996,217
Peru,PER,1997,239
Peru,PER,1998,196
Peru,PER,1999,145
Peru,PER,2000,165
Peru,PER,2001,160
Peru,PER,2002,165
Peru,PER,2003,170
Peru,PER,2004,175
Peru,PER,2005,180
Peru,PER,2006,194
Peru,PER,2007,210
Peru,PER,2008,220
Peru,PER,2009,230
Peru,PER,2010,232.3
Peru,PER,2011,225.23
Peru,PER,2012,236.11
Peru,PER,2013,242.13
Peru,PER,2014,252
Peru,PER,2015,242
Peru,PER,2016,239
Peru,PER,2017,196
Peru,PER,2018,358
Peru,PER,2019,437
Peru,PER,2020,484
Peru,PER,2021,469
Peru,PER,2022,676.25
Peru,PER,2023,839.67
Poland,POL,1999,4000
Poland,POL,2000,3700
Poland,POL,2001,5800
Poland,POL,2002,4243
Poland,POL,2003,4794
Poland,POL,2004,4869
Poland,POL,2005,3158
Poland,POL,2006,2448
Poland,POL,2007,1076
Poland,POL,2008,4101
Poland,POL,2009,5244
Poland,POL,2010,3376
Poland,POL,2011,4024
Poland,POL,2012,3428
Poland,POL,2013,4120
Poland,POL,2014,3728
Poland,POL,2015,3690
Poland,POL,2016,3073
Poland,POL,2017,1335
Poland,POL,2018,3600
Poland,POL,2019,3140
Poland,POL,2020,3100
Poland,POL,2021,3100
Poland,POL,2022,4600
Poland,POL,2023,4400
Portugal,PRT,1961,8296
Portugal,PRT,1962,6840
Portugal,PRT,1963,5660
Portugal,PRT,1964,4430
Portugal,PRT,1965,7760
Portugal,PRT,1966,8000
Portugal,PRT,1967,8000
Portugal,PRT,1968,10210
Portugal,PRT,1969,3250
Portugal,PRT,1970,6510
Portugal,PRT,1971,10100
Portugal,PRT,1972,8880
Portugal,PRT,1973,11960
Portugal,PRT,1974,9568
Portugal,PRT,1975,7809
Portugal,PRT,1976,9578
Portugal,PRT,1977,3640
Portugal,PRT,1978,4004
Portugal,PRT,1979,5600
Portugal,PRT,1980,6040
Portugal,PRT,1981,5380
Portugal,PRT,1982,5920
Portugal,PRT,1983,6867
Portugal,PRT,1984,4807
Portugal,PRT,1985,5240
Portugal,PRT,1986,4615
Portugal,PRT,1987,5494
Portugal,PRT,1988,4905
Portugal,PRT,1989,4500
Portugal,PRT,1990,4650
Portugal,PRT,1991,4480
Portugal,PRT,1992,4700
Portugal,PRT,1993,4260
Portugal,PRT,1994,5124
Portugal,PRT,1995,5052
Portugal,PRT,1996,4693
Portugal,PRT,1997,4968
Portugal,PRT,1998,3859
Portugal,PRT,1999,6068
Portugal,PRT,2000,5401
Portugal,PRT,2001,2803
Portugal,PRT,2002,4383
Portugal,PRT,2003,4167
Portugal,PRT,2004,4010
Portugal,PRT,2005,3598
Portugal,PRT,2006,3445
Portugal,PRT,2007,3274
Portugal,PRT,2008,3117
Portugal,PRT,2009,3887
Portugal,PRT,2010,3227
Portugal,PRT,2011,3225
Portugal,PRT,2012,3249
Portugal,PRT,2013,2157
Portugal,PRT,2014,2234
Portugal,PRT,2015,2893
Portugal,PRT,2016,2330
Portugal,PRT,2017,4575
Portugal,PRT,2018,3510
Portugal,PRT,2019,3610
Portugal,PRT,2020,3240
Portugal,PRT,2021,3450
Portugal,PRT,2022,4010
Portugal,PRT,2023,2590
Romania,ROU,1961,33600
Romania,ROU,1962,30300
Romania,ROU,1963,29600
Romania,ROU,1964,40000
Romania,ROU,1965,21100
Romania,ROU,1966,38300
Romania,ROU,1967,51800
Romania,ROU,1968,49600
Romania,ROU,1969,81200
Romania,ROU,1970,46534
Romania,ROU,1971,26500
Romania,ROU,1972,39800
Romania,ROU,1973,52600
Romania,ROU,1974,39193
Romania,ROU,1975,63028
Romania,ROU,1976,34532
Romania,ROU,1977,47357
Romania,ROU,1978,33476
Romania,ROU,1979,31552
Romania,ROU,1980,33000
Romania,ROU,1981,34484
Romania,ROU,1982,35805
Romania,ROU,1983,38503
Romania,ROU,1984,44123
Romania,ROU,1985,42500
Romania,ROU,1986,49100
Romania,ROU,1987,32800
Romania,ROU,1988,35800
Romania,ROU,1989,49700
Romania,ROU,1990,48000
Romania,ROU,1991,25992
Romania,ROU,1992,40691
Romania,ROU,1993,41690
Romania,ROU,1994,34618
Romania,ROU,1995,15264
Romania,ROU,1996,43797
Romania,ROU,1997,27623
Romania,ROU,1998,36956
Romania,ROU,1999,31545
Romania,ROU,2000,28391
Romania,ROU,2001,28316
Romania,ROU,2002,18257
Romania,ROU,2003,42591
Romania,ROU,2004,20648
Romania,ROU,2005,52410
Romania,ROU,2006,38754
Romania,ROU,2007,27566
Romania,ROU,2008,32125
Romania,ROU,2009,32499
Romania,ROU,2010,23804
Romania,ROU,2011,33745
Romania,ROU,2012,29089
Romania,ROU,2013,28310
Romania,ROU,2014,43609
Romania,ROU,2015,30998
Romania,ROU,2016,30726
Romania,ROU,2017,33851
Romania,ROU,2018,34430
Romania,ROU,2019,29420
Romania,ROU,2020,26770
Romania,ROU,2021,26840
Romania,ROU,2022,23500
Romania,ROU,2023,24550
Russia,RUS,1992,55500
Russia,RUS,1993,55200
Russia,RUS,1994,41900
Russia,RUS,1995,40000
Russia,RUS,1996,70000
Russia,RUS,1997,57000
Russia,RUS,1998,38000
Russia,RUS,1999,50000
Russia,RUS,2000,67000
Russia,RUS,2001,50000
Russia,RUS,2002,60740
Russia,RUS,2003,75230
Russia,RUS,2004,80100
Russia,RUS,2005,72000
Russia,RUS,2006,39000
Russia,RUS,2007,78000
Russia,RUS,2008,57500
Russia,RUS,2009,60000
Russia,RUS,2010,51000
Russia,RUS,2011,60000
Russia,RUS,2012,57000
Russia,RUS,2013,62000
Russia,RUS,2014,62000
Russia,RUS,2015,60000
Russia,RUS,2016,60700
Russia,RUS,2017,53300
Russia,RUS,2018,66300
Russia,RUS,2019,69600
Russia,RUS,2020,72800
Russia,RUS,2021,79000
Russia,RUS,2022,84900
Russia,RUS,2023,74503.12
Serbia,SRB,2006,21863
Serbia,SRB,2007,22952
Serbia,SRB,2008,22301
Serbia,SRB,2009,31157
Serbia,SRB,2010,22936
Serbia,SRB,2011,32656
Serbia,SRB,2012,22631.63
Serbia,SRB,2013,29664.41
Serbia,SRB,2014,29655
Serbia,SRB,2015,27611.49
Serbia,SRB,2016,25617.06
Serbia,SRB,2017,41320
Serbia,SRB,2018,25414
Serbia,SRB,2019,40929.79
Serbia,SRB,2020,30493.58
Serbia,SRB,2021,31362
Serbia,SRB,2022,44386
Serbia,SRB,2023,29087.23
Serbia and Montenegro,SCG,1992,30600
Serbia and Montenegro,SCG,1993,20913
Serbia and Montenegro,SCG,1994,23084
Serbia and Montenegro,SCG,1995,12334
Serbia and Montenegro,SCG,1996,28744
Serbia and Montenegro,SCG,1997,8206
Serbia and Montenegro,SCG,1998,6408
Serbia and Montenegro,SCG,1999,27496
Serbia and Montenegro,SCG,2000,13118
Serbia and Montenegro,SCG,2001,15964
Serbia and Montenegro,SCG,2002,13777
Serbia and Montenegro,SCG,2003,27603
Serbia and Montenegro,SCG,2004,29982
Serbia and Montenegro,SCG,2005,13633
Slovakia,SVK,1993,4489
Slovakia,SVK,1994,9133
Slovakia,SVK,1995,4308
Slovakia,SVK,1996,7346
Slovakia,SVK,1997,5999
Slovakia,SVK,1998,6828
Slovakia,SVK,1999,4704
Slovakia,SVK,2000,3747
Slovakia,SVK,2001,2362
Slovakia,SVK,2002,2246
Slovakia,SVK,2003,2677
Slovakia,SVK,2004,1584
Slovakia,SVK,2005,1255
Slovakia,SVK,2006,1780
Slovakia,SVK,2007,1511
Slovakia,SVK,2008,2087
Slovakia,SVK,2009,2086
Slovakia,SVK,2010,1198
Slovakia,SVK,2011,1017.84
Slovakia,SVK,2012,265
Slovakia,SVK,2013,369
Slovakia,SVK,2014,398
Slovakia,SVK,2015,254
Slovakia,SVK,2016,232
Slovakia,SVK,2017,333
Slovakia,SVK,2018,340
Slovakia,SVK,2019,450
Slovakia,SVK,2020,140
Slovakia,SVK,2021,310
Slovakia,SVK,2022,460
Slovakia,SVK,2023,270
Slovenia,SVN,1992,395
Slovenia,SVN,1993,543
Slovenia,SVN,1994,1079
Slovenia,SVN,1995,786
Slovenia,SVN,1996,771
Slovenia,SVN,1997,589
Slovenia,SVN,1998,599
Slovenia,SVN,1999,867
Slovenia,SVN,2000,752
Slovenia,SVN,2001,288
Slovenia,SVN,2002,681
Slovenia,SVN,2003,262
Slovenia,SVN,2004,755
Slovenia,SVN,2005,373
Slovenia,SVN,2006,662
Slovenia,SVN,2007,483
Slovenia,SVN,2008,269
Slovenia,SVN,2009,616
Slovenia,SVN,2010,482
Slovenia,SVN,2011,687
Slovenia,SVN,2012,681
Slovenia,SVN,2013,435
Slovenia,SVN,2014,673
Slovenia,SVN,2015,1313
Slovenia,SVN,2016,961
Slovenia,SVN,2017,760
Slovenia,SVN,2018,130
Slovenia,SVN,2019,920
Slovenia,SVN,2020,480
Slovenia,SVN,2021,60
Slovenia,SVN,2022,910
Slovenia,SVN,2023,360
South Africa,ZAF,1961,21802
South Africa,ZAF,1962,28401
South Africa,ZAF,1963,24523
South Africa,ZAF,1964,33405
South Africa,ZAF,1965,28632
South Africa,ZAF,1966,23640
South Africa,ZAF,1967,23097
South Africa,ZAF,1968,28747
South Africa,ZAF,1969,17785
South Africa,ZAF,1970,25140
South Africa,ZAF,1971,25272
South Africa,ZAF,1972,21067
South Africa,ZAF,1973,18377
South Africa,ZAF,1974,29705
South Africa,ZAF,1975,23143
South Africa,ZAF,1976,35646
South Africa,ZAF,1977,29811
South Africa,ZAF,1978,32964
South Africa,ZAF,1979,41929
South Africa,ZAF,1980,38863
South Africa,ZAF,1981,45842
South Africa,ZAF,1982,34944
South Africa,ZAF,1983,46169
South Africa,ZAF,1984,40000
South Africa,ZAF,1985,32610
South Africa,ZAF,1986,65988
South Africa,ZAF,1987,65988
South Africa,ZAF,1988,56390
South Africa,ZAF,1989,57584
South Africa,ZAF,1990,55702
South Africa,ZAF,1991,48469
South Africa,ZAF,1992,48175
South Africa,ZAF,1993,45810
South Africa,ZAF,1994,47443
South Africa,ZAF,1995,60469
South Africa,ZAF,1996,54641
South Africa,ZAF,1997,85545
South Africa,ZAF,1998,59644
South Africa,ZAF,1999,53175
South Africa,ZAF,2000,56223
South Africa,ZAF,2001,50448
South Africa,ZAF,2002,42121
South Africa,ZAF,2003,71156
South Africa,ZAF,2004,57217
South Africa,ZAF,2005,59878
South Africa,ZAF,2006,53259
South Africa,ZAF,2007,55283
South Africa,ZAF,2008,43618
South Africa,ZAF,2009,46594
South Africa,ZAF,2010,44346
South Africa,ZAF,2011,57518
South Africa,ZAF,2012,52504
South Africa,ZAF,2013,41760
South Africa,ZAF,2014,35235
South Africa,ZAF,2015,48365
South Africa,ZAF,2016,25909
South Africa,ZAF,2017,30637
South Africa,ZAF,2018,26512
South Africa,ZAF,2019,34107
South Africa,ZAF,2020,21578
South Africa,ZAF,2021,39520
South Africa,ZAF,2022,29276
South Africa,ZAF,2023,24887.87
Spain,ESP,1961,109900
Spain,ESP,1962,108900
Spain,ESP,1963,109700
Spain,ESP,1964,129500
Spain,ESP,1965,199500
Spain,ESP,1966,157800
Spain,ESP,1967,135200
Spain,ESP,1968,184500
Spain,ESP,1969,100400
Spain,ESP,1970,161800
Spain,ESP,1971,145800
Spain,ESP,1972,159100
Spain,ESP,1973,131000
Spain,ESP,1974,212800
Spain,ESP,1975,132400
Spain,ESP,1976,216300
Spain,ESP,1977,65500
Spain,ESP,1978,219500
Spain,ESP,1979,154500
Spain,ESP,1980,113800
Spain,ESP,1981,173700
Spain,ESP,1982,180500
Spain,ESP,1983,151100
Spain,ESP,1984,208100
Spain,ESP,1985,150664
Spain,ESP,1986,151000
Spain,ESP,1987,142000
Spain,ESP,1988,157400
Spain,ESP,1989,165000
Spain,ESP,1990,119600
Spain,ESP,1991,210900
Spain,ESP,1992,198700
Spain,ESP,1993,210000
Spain,ESP,1994,200200
Spain,ESP,1995,138700
Spain,ESP,1996,197800
Spain,ESP,1997,141915
Spain,ESP,1998,149800
Spain,ESP,1999,148924
Spain,ESP,2000,142498
Spain,ESP,2001,134767
Spain,ESP,2002,127549
Spain,ESP,2003,143840
Spain,ESP,2004,121486
Spain,ESP,2005,137167
Spain,ESP,2006,156872
Spain,ESP,2007,89023
Spain,ESP,2008,109108
Spain,ESP,2009,95221
Spain,ESP,2010,78715
Spain,ESP,2011,86880
Spain,ESP,2012,118114
Spain,ESP,2013,131800
Spain,ESP,2014,136446
Spain,ESP,2015,153667
Spain,ESP,2016,139605
Spain,ESP,2017,162872
Spain,ESP,2018,176290
Spain,ESP,2019,145830
Spain,ESP,2020,128700
Spain,ESP,2021,114720
Spain,ESP,2022,80870
Spain,ESP,2023,108450
Sweden,SWE,2018,0
Sweden,SWE,2019,0
Sweden,SWE,2020,0
Sweden,SWE,2021,0
Sweden,SWE,2022,0
Sweden,SWE,2023,0
Switzerland,CHE,1961,12000
Switzerland,CHE,1962,3000
Switzerland,CHE,1963,13000
Switzerland,CHE,1964,6000
Switzerland,CHE,1965,5000
Switzerland,CHE,1966,5000
Switzerland,CHE,1967,5500
Switzerland,CHE,1968,11000
Switzerland,CHE,1969,12000
Switzerland,CHE,1970,7500
Switzerland,CHE,1971,11000
Switzerland,CHE,1972,9500
Switzerland,CHE,1973,5500
Switzerland,CHE,1974,2000
Switzerland,CHE,1975,1000
Switzerland,CHE,1976,9000
Switzerland,CHE,1977,6000
Switzerland,CHE,1978,5500
Switzerland,CHE,1979,5000
Switzerland,CHE,1980,6000
Switzerland,CHE,1981,8000
Switzerland,CHE,1982,6000
Switzerland,CHE,1983,11000
Switzerland,CHE,1984,6000
Switzerland,CHE,1985,10000
Switzerland,CHE,1986,5000
Switzerland,CHE,1987,13000
Switzerland,CHE,1988,2650
Switzerland,CHE,1989,14175
Switzerland,CHE,1990,7350
Switzerland,CHE,1991,4200
Switzerland,CHE,1992,9450
Switzerland,CHE,1993,1785
Switzerland,CHE,1994,6899
Switzerland,CHE,1995,4342
Switzerland,CHE,1996,5250
Switzerland,CHE,1997,1922
Switzerland,CHE,1998,4200
Switzerland,CHE,1999,3045
Switzerland,CHE,2000,6925
Switzerland,CHE,2001,1255
Switzerland,CHE,2002,4615
Switzerland,CHE,2003,2410
Switzerland,CHE,2004,7061
Switzerland,CHE,2005,5161
Switzerland,CHE,2006,6594
Switzerland,CHE,2007,6405
Switzerland,CHE,2008,5618
Switzerland,CHE,2009,9450
Switzerland,CHE,2010,8190
Switzerland,CHE,2011,9398
Switzerland,CHE,2012,8768
Switzerland,CHE,2013,8395
Switzerland,CHE,2014,10621
Switzerland,CHE,2015,8364
Switzerland,CHE,2016,9253
Switzerland,CHE,2017,4720
Switzerland,CHE,2018,9393
Switzerland,CHE,2019,9017
Switzerland,CHE,2020,8290
Switzerland,CHE,2021,3347
Switzerland,CHE,2022,8141.95
Switzerland,CHE,2023,5192.5
Syria,SYR,1961,18428
Syria,SYR,1962,43407
Syria,SYR,1963,27634
Syria,SYR,1964,28906
Syria,SYR,1965,9267
Syria,SYR,1966,15000
Syria,SYR,1967,22237
Syria,SYR,1968,19267
Syria,SYR,1969,13075
Syria,SYR,1970,21644
Syria,SYR,1971,31279
Syria,SYR,1972,39496
Syria,SYR,1973,29003
Syria,SYR,1974,32912
Syria,SYR,1975,53410
Syria,SYR,1976,46290
Syria,SYR,1977,32438
Syria,SYR,1978,47382
Syria,SYR,1979,46100
Syria,SYR,1980,48474
Syria,SYR,1981,48758
Syria,SYR,1982,81458
Syria,SYR,1983,78593
Syria,SYR,1984,51034
Syria,SYR,1985,80515
Syria,SYR,1986,63692
Syria,SYR,1987,25467
Syria,SYR,1988,88584
Syria,SYR,1989,39000
Syria,SYR,1990,72700
Syria,SYR,1991,55700
Syria,SYR,1992,98321
Syria,SYR,1993,62400
Syria,SYR,1994,58851
Syria,SYR,1995,30392
Syria,SYR,1996,83346
Syria,SYR,1997,34658
Syria,SYR,1998,67192
Syria,SYR,1999,62914
Syria,SYR,2000,78873
Syria,SYR,2001,66023
Syria,SYR,2002,100902
Syria,SYR,2003,104900
Syria,SYR,2004,75700
Syria,SYR,2005,65513
Syria,SYR,2006,98538
Syria,SYR,2007,112738
Syria,SYR,2008,100900
Syria,SYR,2009,98913
Syria,SYR,2010,61981
Syria,SYR,2011,75919
Syria,SYR,2012,72000
Syria,SYR,2013,65272
Syria,SYR,2014,32008
Syria,SYR,2015,39545
Syria,SYR,2016,50072
Syria,SYR,2017,46680
Syria,SYR,2018,39318.15
Syria,SYR,2019,39419
Syria,SYR,2020,35014
Syria,SYR,2021,33635.38
Syria,SYR,2022,57779
Syria,SYR,2023,54686
Tajikistan,TJK,1992,35000
Tajikistan,TJK,1993,28500
Tajikistan,TJK,1994,28200
Tajikistan,TJK,1995,28400
Tajikistan,TJK,1996,24100
Tajikistan,TJK,1997,21500
Tajikistan,TJK,1998,18600
Tajikistan,TJK,1999,14600
Tajikistan,TJK,2000,10400
Tajikistan,TJK,2001,15000
Tajikistan,TJK,2002,17000
Tajikistan,TJK,2003,14100
Tajikistan,TJK,2004,14500
Tajikistan,TJK,2005,12300
Tajikistan,TJK,2006,21000
Tajikistan,TJK,2007,15500
Tajikistan,TJK,2008,26000
Tajikistan,TJK,2009,20400
Tajikistan,TJK,2010,21000
Tajikistan,TJK,2011,25000
Tajikistan,TJK,2012,30000
Tajikistan,TJK,2013,31400
Tajikistan,TJK,2014,33000
Tajikistan,TJK,2015,32340.57
Tajikistan,TJK,2016,31134.77
Tajikistan,TJK,2017,32158.45
Tajikistan,TJK,2018,31676.93
Tajikistan,TJK,2019,31771.91
Tajikistan,TJK,2020,31688.3
Tajikistan,TJK,2021,31599.31
Tajikistan,TJK,2022,31493.01
Tajikistan,TJK,2023,31432.57
Tunisia,TUN,1961,11600
Tunisia,TUN,1962,12450
Tunisia,TUN,1963,15000
Tunisia,TUN,1964,9500
Tunisia,TUN,1965,15000
Tunisia,TUN,1966,13500
Tunisia,TUN,1967,16300
Tunisia,TUN,1968,13200
Tunisia,TUN,1969,16300
Tunisia,TUN,1970,17800
Tunisia,TUN,1971,21200
Tunisia,TUN,1972,22000
Tunisia,TUN,1973,19000
Tunisia,TUN,1974,23600
Tunisia,TUN,1975,26000
Tunisia,TUN,1976,29000
Tunisia,TUN,1977,28000
Tunisia,TUN,1978,26000
Tunisia,TUN,1979,21500
Tunisia,TUN,1980,26000
Tunisia,TUN,1981,21000
Tunisia,TUN,1982,15000
Tunisia,TUN,1983,20000
Tunisia,TUN,1984,19000
Tunisia,TUN,1985,19500
Tunisia,TUN,1986,17500
Tunisia,TUN,1987,20000
Tunisia,TUN,1988,14500
Tunisia,TUN,1989,18800
Tunisia,TUN,1990,17000
Tunisia,TUN,1991,20000
Tunisia,TUN,1992,20000
Tunisia,TUN,1993,24000
Tunisia,TUN,1994,26500
Tunisia,TUN,1995,26000
Tunisia,TUN,1996,25000
Tunisia,TUN,1997,26000
Tunisia,TUN,1998,27000
Tunisia,TUN,1999,30700
Tunisia,TUN,2000,28000
Tunisia,TUN,2001,25000
Tunisia,TUN,2002,24000
Tunisia,TUN,2003,26000
Tunisia,TUN,2004,27000
Tunisia,TUN,2005,26000
Tunisia,TUN,2006,28000
Tunisia,TUN,2007,24000
Tunisia,TUN,2008,26500
Tunisia,TUN,2009,30000
Tunisia,TUN,2010,23500
Tunisia,TUN,2011,30000
Tunisia,TUN,2012,33500
Tunisia,TUN,2013,29500
Tunisia,TUN,2014,29000
Tunisia,TUN,2015,32500
Tunisia,TUN,2016,31000
Tunisia,TUN,2017,30500
Tunisia,TUN,2018,36000
Tunisia,TUN,2019,38000
Tunisia,TUN,2020,38000
Tunisia,TUN,2021,38000
Tunisia,TUN,2022,37000
Tunisia,TUN,2023,36384.7
Turkey,TUR,1961,114900
Turkey,TUR,1962,86800
Turkey,TUR,1963,75800
Turkey,TUR,1964,102000
Turkey,TUR,1965,88000
Turkey,TUR,1966,38800
Turkey,TUR,1967,118000
Turkey,TUR,1968,131000
Turkey,TUR,1969,112500
Turkey,TUR,1970,95000
Turkey,TUR,1971,80000
Turkey,TUR,1972,123000
Turkey,TUR,1973,143000
Turkey,TUR,1974,124000
Turkey,TUR,1975,165000
Turkey,TUR,1976,176000
Turkey,TUR,1977,151000
Turkey,TUR,1978,153000
Turkey,TUR,1979,165000
Turkey,TUR,1980,160000
Turkey,TUR,1981,152000
Turkey,TUR,1982,205000
Turkey,TUR,1983,245000
Turkey,TUR,1984,250000
Turkey,TUR,1985,202000
Turkey,TUR,1986,350000
Turkey,TUR,1987,250000
Turkey,TUR,1988,363000
Turkey,TUR,1989,449000
Turkey,TUR,1990,300000
Turkey,TUR,1991,276000
Turkey,TUR,1992,320000
Turkey,TUR,1993,230000
Turkey,TUR,1994,400000
Turkey,TUR,1995,250000
Turkey,TUR,1996,206000
Turkey,TUR,1997,270000
Turkey,TUR,1998,490000
Turkey,TUR,1999,335000
Turkey,TUR,2000,530000
Turkey,TUR,2001,470000
Turkey,TUR,2002,315000
Turkey,TUR,2003,460000
Turkey,TUR,2004,320000
Turkey,TUR,2005,860000
Turkey,TUR,2006,460182
Turkey,TUR,2007,557572
Turkey,TUR,2008,716415
Turkey,TUR,2009,660894
Turkey,TUR,2010,450000
Turkey,TUR,2011,650000
Turkey,TUR,2012,760000
Turkey,TUR,2013,780000
Turkey,TUR,2014,270000
Turkey,TUR,2015,680000
Turkey,TUR,2016,730000
Turkey,TUR,2017,985000
Turkey,TUR,2018,750000
Turkey,TUR,2019,846606
Turkey,TUR,2020,833398
Turkey,TUR,2021,800000
Turkey,TUR,2022,803000
Turkey,TUR,2023,750000
Turkmenistan,TKM,1992,11000
Turkmenistan,TKM,1993,6000
Turkmenistan,TKM,1994,5000
Turkmenistan,TKM,1995,5000
Turkmenistan,TKM,1996,4200
Turkmenistan,TKM,1997,10600
Turkmenistan,TKM,1998,13900
Turkmenistan,TKM,1999,14600
Turkmenistan,TKM,2000,17000
Turkmenistan,TKM,2001,20000
Turkmenistan,TKM,2002,21000
Turkmenistan,TKM,2003,21000
Turkmenistan,TKM,2004,24000
Turkmenistan,TKM,2005,28000
Turkmenistan,TKM,2006,30000
Turkmenistan,TKM,2007,33000
Turkmenistan,TKM,2008,32000
Turkmenistan,TKM,2009,33500
Turkmenistan,TKM,2010,33500
Turkmenistan,TKM,2011,33500
Turkmenistan,TKM,2012,33500
Turkmenistan,TKM,2013,33500
Turkmenistan,TKM,2014,33500
Turkmenistan,TKM,2015,33550
Turkmenistan,TKM,2016,33550
Turkmenistan,TKM,2017,33550
Turkmenistan,TKM,2018,33640.6
Turkmenistan,TKM,2019,33855.41
Turkmenistan,TKM,2020,33682
Turkmenistan,TKM,2021,33726
Turkmenistan,TKM,2022,33754.47
Turkmenistan,TKM,2023,33720.82
USSR,SUN,1961,112000
USSR,SUN,1962,120000
USSR,SUN,1963,154000
USSR,SUN,1964,169000
USSR,SUN,1965,175000
USSR,SUN,1966,150000
USSR,SUN,1967,265000
USSR,SUN,1968,160000
USSR,SUN,1969,254000
USSR,SUN,1970,257000
USSR,SUN,1971,222000
USSR,SUN,1972,196000
USSR,SUN,1973,298000
USSR,SUN,1974,318000
USSR,SUN,1975,164000
USSR,SUN,1976,226000
USSR,SUN,1977,285000
USSR,SUN,1978,146000
USSR,SUN,1979,132000
USSR,SUN,1980,280000
USSR,SUN,1981,352000
USSR,SUN,1982,180000
USSR,SUN,1983,240000
USSR,SUN,1984,170000
USSR,SUN,1985,205000
USSR,SUN,1986,235000
USSR,SUN,1987,190000
USSR,SUN,1988,213000
USSR,SUN,1989,225000
USSR,SUN,1990,217000
USSR,SUN,1991,187000
Ukraine,UKR,1992,80748
Ukraine,UKR,1993,107000
Ukraine,UKR,1994,12000
Ukraine,UKR,1995,97300
Ukraine,UKR,1996,123700
Ukraine,UKR,1997,101400
Ukraine,UKR,1998,59600
Ukraine,UKR,1999,57200
Ukraine,UKR,2000,102100
Ukraine,UKR,2001,43711
Ukraine,UKR,2002,68500
Ukraine,UKR,2003,110500
Ukraine,UKR,2004,99300
Ukraine,UKR,2005,94200
Ukraine,UKR,2006,28000
Ukraine,UKR,2007,55600
Ukraine,UKR,2008,88900
Ukraine,UKR,2009,74300
Ukraine,UKR,2010,77200
Ukraine,UKR,2011,119900
Ukraine,UKR,2012,62900
Ukraine,UKR,2013,134970
Ukraine,UKR,2014,64520
Ukraine,UKR,2015,64900
Ukraine,UKR,2016,81290
Ukraine,UKR,2017,86680
Ukraine,UKR,2018,111670
Ukraine,UKR,2019,83660
Ukraine,UKR,2020,69480
Ukraine,UKR,2021,56840
Ukraine,UKR,2022,49710
Ukraine,UKR,2023,40770
United States,USA,1961,172183
United States,USA,1962,150319
United States,USA,1963,180075
United States,USA,1964,199670
United States,USA,1965,205023
United States,USA,1966,175539
United States,USA,1967,133832
United States,USA,1968,135424
United States,USA,1969,207381
United States,USA,1970,158757
United States,USA,1971,169144
United States,USA,1972,115760
United States,USA,1973,143244
United States,USA,1974,84867
United States,USA,1975,165651
United States,USA,1976,140250
United States,USA,1977,133718
United States,USA,1978,114490
United States,USA,1979,130820
United States,USA,1980,117030
United States,USA,1981,81100
United States,USA,1982,107230
United States,USA,1983,84370
United States,USA,1984,115390
United States,USA,1985,118840
United States,USA,1986,49600
United States,USA,1987,103800
United States,USA,1988,92500
United States,USA,1989,109000
United States,USA,1990,111085
United States,USA,1991,86908
United States,USA,1992,96524
United States,USA,1993,88314
United States,USA,1994,138980
United States,USA,1995,54884
United States,USA,1996,71939
United States,USA,1997,126307
United States,USA,1998,107492
United States,USA,1999,82100
United States,USA,2000,87906
United States,USA,2001,74806
United States,USA,2002,81682
United States,USA,2003,88523
United States,USA,2004,91743
United States,USA,2005,74071
United States,USA,2006,40351
United States,USA,2007,80249
United States,USA,2008,74035
United States,USA,2009,62341
United States,USA,2010,60219
United States,USA,2011,60464
United States,USA,2012,55157
United States,USA,2013,55370
United States,USA,2014,58901
United States,USA,2015,37790
United States,USA,2016,58110
United States,USA,2017,41410
United States,USA,2018,35880
United States,USA,2019,46540
United States,USA,2020,28320
United States,USA,2021,36250
United States,USA,2022,26360
United States,USA,2023,32500
Uzbekistan,UZB,1992,51400
Uzbekistan,UZB,1993,55000
Uzbekistan,UZB,1994,55000
Uzbekistan,UZB,1995,55000
Uzbekistan,UZB,1996,65000
Uzbekistan,UZB,1997,50000
Uzbekistan,UZB,1998,40000
Uzbekistan,UZB,1999,27500
Uzbekistan,UZB,2000,68000
Uzbekistan,UZB,2001,85000
Uzbekistan,UZB,2002,97000
Uzbekistan,UZB,2003,82000
Uzbekistan,UZB,2004,162000
Uzbekistan,UZB,2005,170000
Uzbekistan,UZB,2006,235637
Uzbekistan,UZB,2007,230000
Uzbekistan,UZB,2008,265000
Uzbekistan,UZB,2009,292000
Uzbekistan,UZB,2010,325000
Uzbekistan,UZB,2011,384079
Uzbekistan,UZB,2012,426000
Uzbekistan,UZB,2013,480000
Uzbekistan,UZB,2014,547000
Uzbekistan,UZB,2015,606000
Uzbekistan,UZB,2016,569000
Uzbekistan,UZB,2017,532565
Uzbekistan,UZB,2018,493842
Uzbekistan,UZB,2019,536544
Uzbekistan,UZB,2020,529109
Uzbekistan,UZB,2021,424734
Uzbekistan,UZB,2022,451262.75
Uzbekistan,UZB,2023,500545.44
Yemen,YEM,1961,0
Yemen,YEM,1962,0
Yemen,YEM,1963,0
Yemen,YEM,1964,0
Yemen,YEM,1965,0
Yemen,YEM,1966,0
Yemen,YEM,1967,0
Yemen,YEM,1968,0
Yemen,YEM,1969,0
Yemen,YEM,1970,0
Yemen,YEM,1971,0
Yemen,YEM,1972,0
Yemen,YEM,1973,0
Yemen,YEM,1974,0
Yemen,YEM,1975,0
Yemen,YEM,1976,0
Yemen,YEM,1977,0
Yemen,YEM,1978,0
Yemen,YEM,1979,5100
Yemen,YEM,1980,5300
Yemen,YEM,1981,4856
Yemen,YEM,1982,5091
Yemen,YEM,1983,5091
Yemen,YEM,1984,5311
Yemen,YEM,1985,5536
Yemen,YEM,1986,6258
Yemen,YEM,1987,7281
Yemen,YEM,1988,8124
Yemen,YEM,1989,8386
Yemen,YEM,1990,7476
Yemen,YEM,1991,5111
Yemen,YEM,1992,5410
Yemen,YEM,1993,7699
Yemen,YEM,1994,6537
Yemen,YEM,1995,6631
Yemen,YEM,1996,6488
Yemen,YEM,1997,6549
Yemen,YEM,1998,6559
Yemen,YEM,1999,6591
Yemen,YEM,2000,6648
Yemen,YEM,2001,6421
Yemen,YEM,2002,6671
Yemen,YEM,2003,6583
Yemen,YEM,2004,1177
Yemen,YEM,2005,1365
Yemen,YEM,2006,1509
Yemen,YEM,2007,1615
Yemen,YEM,2008,1655
Yemen,YEM,2009,1691
Yemen,YEM,2010,1709
Yemen,YEM,2011,1736
Yemen,YEM,2012,1787
Yemen,YEM,2013,1806
Yemen,YEM,2014,1869
Yemen,YEM,2015,1794
Yemen,YEM,2016,1714
Yemen,YEM,2017,1705
Yemen,YEM,2018,1737.67
Yemen,YEM,2019,1718.89
Yemen,YEM,2020,1720.52
Yemen,YEM,2021,1725.69
Yemen,YEM,2022,1721.7
Yemen,YEM,2023,1722.64
Yugoslavia,YUG,1961,48800
Yugoslavia,YUG,1962,24700
Yugoslavia,YUG,1963,19200
Yugoslavia,YUG,1964,34900
Yugoslavia,YUG,1965,17200
Yugoslavia,YUG,1966,22300
Yugoslavia,YUG,1967,25900
Yugoslavia,YUG,1968,16100
Yugoslavia,YUG,1969,35417
Yugoslavia,YUG,1970,22512
Yugoslavia,YUG,1971,16907
Yugoslavia,YUG,1972,29217
Yugoslavia,YUG,1973,24014
Yugoslavia,YUG,1974,28760
Yugoslavia,YUG,1975,20012
Yugoslavia,YUG,1976,25741
Yugoslavia,YUG,1977,19707
Yugoslavia,YUG,1978,13645
Yugoslavia,YUG,1979,17364
Yugoslavia,YUG,1980,24493
Yugoslavia,YUG,1981,30076
Yugoslavia,YUG,1982,28113
Yugoslavia,YUG,1983,32162
Yugoslavia,YUG,1984,19314
Yugoslavia,YUG,1985,26430
Yugoslavia,YUG,1986,25585
Yugoslavia,YUG,1987,21318
Yugoslavia,YUG,1988,28232
Yugoslavia,YUG,1989,46341
Yugoslavia,YUG,1990,46861
Yugoslavia,YUG,1991,25741
Zimbabwe,ZWE,1961,0
Zimbabwe,ZWE,1962,0
Zimbabwe,ZWE,1963,0
Zimbabwe,ZWE,1964,0
Zimbabwe,ZWE,1965,0
Zimbabwe,ZWE,1966,0
Zimbabwe,ZWE,1967,0
Zimbabwe,ZWE,1968,0
Zimbabwe,ZWE,1969,0
Zimbabwe,ZWE,1970,0
Zimbabwe,ZWE,1971,0
Zimbabwe,ZWE,1972,0
Zimbabwe,ZWE,1973,0
Zimbabwe,ZWE,1974,0
Zimbabwe,ZWE,1975,0
Zimbabwe,ZWE,1976,10
Zimbabwe,ZWE,1977,20
Zimbabwe,ZWE,1978,36
Zimbabwe,ZWE,1979,76
Zimbabwe,ZWE,1980,49
Zimbabwe,ZWE,1981,65
Zimbabwe,ZWE,1982,50
Zimbabwe,ZWE,1983,36
Zimbabwe,ZWE,1984,24
Zimbabwe,ZWE,1985,47
Zimbabwe,ZWE,1986,25
Zimbabwe,ZWE,1987,38
Zimbabwe,ZWE,1988,38
Zimbabwe,ZWE,1989,42
Zimbabwe,ZWE,1990,65
Zimbabwe,ZWE,1991,49
Zimbabwe,ZWE,1992,40
Zimbabwe,ZWE,1993,38.97
Zimbabwe,ZWE,1994,38.46
Zimbabwe,ZWE,1995,30
Zimbabwe,ZWE,1996,40
Zimbabwe,ZWE,1997,36.69
Zimbabwe,ZWE,1998,30
Zimbabwe,ZWE,1999,40
Zimbabwe,ZWE,2000,30
Zimbabwe,ZWE,2001,40
Zimbabwe,ZWE,2002,41.79
Zimbabwe,ZWE,2003,42.11
Zimbabwe,ZWE,2004,41.89
Zimbabwe,ZWE,2005,41.78
Zimbabwe,ZWE,2006,40.99
Zimbabwe,ZWE,2007,40
Zimbabwe,ZWE,2008,40
Zimbabwe,ZWE,2009,41.55
Zimbabwe,ZWE,2010,43.16
Zimbabwe,ZWE,2011,43.15
Zimbabwe,ZWE,2012,46
Zimbabwe,ZWE,2013,46
Zimbabwe,ZWE,2014,44.82
Zimbabwe,ZWE,2015,44.31
Zimbabwe,ZWE,2016,44.3
Zimbabwe,ZWE,2017,44.21
Zimbabwe,ZWE,2018,44.39
Zimbabwe,ZWE,2019,44.61
Zimbabwe,ZWE,2020,45.03
Zimbabwe,ZWE,2021,44.93
Zimbabwe,ZWE,2022,45.15
Zimbabwe,ZWE,2023,45.42
