Entity,Code,Year,Raspberries | 00000547 || Production | 005510 || tonnes
Australia,AUS,1961,2361
Australia,AUS,1962,2361
Australia,AUS,1963,1734
Australia,AUS,1964,1919
Australia,AUS,1965,1696
Australia,AUS,1966,1782
Australia,AUS,1967,1641
Australia,AUS,1968,1313
Australia,AUS,1969,1311
Australia,AUS,1970,1465
Australia,AUS,1971,1537
Australia,AUS,1972,1464
Australia,AUS,1973,1628
Australia,AUS,1974,1131
Australia,AUS,1975,1345
Australia,AUS,1976,759
Australia,AUS,1977,664
Australia,AUS,1978,643
Australia,AUS,1979,523
Australia,AUS,1980,656
Australia,AUS,1981,602
Australia,AUS,1982,604
Australia,AUS,1983,584
Australia,AUS,1984,431
Australia,AUS,1985,547
Australia,AUS,1986,360
Australia,AUS,1987,481
Australia,AUS,1988,517
Australia,AUS,1989,519
Australia,AUS,1990,572
Australia,AUS,1991,444
Australia,AUS,1992,482
Australia,AUS,1993,537
Australia,AUS,1994,500
Australia,AUS,1995,399
Australia,AUS,1996,370
Australia,AUS,1997,361
Australia,AUS,1998,568
Australia,AUS,1999,600
Australia,AUS,2000,499.43
Australia,AUS,2001,399
Australia,AUS,2002,457
Australia,AUS,2003,633
Australia,AUS,2004,374
Australia,AUS,2005,332
Australia,AUS,2006,532
Australia,AUS,2007,637
Australia,AUS,2008,589.91
Australia,AUS,2009,620
Australia,AUS,2010,646.11
Australia,AUS,2011,797
Australia,AUS,2012,712.46
Australia,AUS,2013,612.68
Australia,AUS,2014,599.84
Australia,AUS,2015,685.78
Australia,AUS,2016,632.77
Australia,AUS,2017,614.99
Australia,AUS,2018,632.9
Australia,AUS,2019,650.71
Australia,AUS,2020,651.23
Australia,AUS,2021,643.46
Australia,AUS,2022,645.07
Australia,AUS,2023,646.67
Austria,AUT,2002,1166.8
Austria,AUT,2003,1191.37
Austria,AUT,2004,1146.44
Austria,AUT,2005,1224.57
Austria,AUT,2006,910
Austria,AUT,2007,1321
Austria,AUT,2008,1139
Austria,AUT,2009,1112
Austria,AUT,2010,1168
Austria,AUT,2011,1209
Austria,AUT,2012,820.64
Austria,AUT,2013,895.96
Austria,AUT,2014,948.06
Austria,AUT,2015,828.77
Austria,AUT,2016,643.82
Austria,AUT,2017,1102
Austria,AUT,2018,650
Austria,AUT,2019,680
Austria,AUT,2020,680
Austria,AUT,2021,700
Austria,AUT,2022,700
Austria,AUT,2023,610
Azerbaijan,AZE,1992,900
Azerbaijan,AZE,1993,800
Azerbaijan,AZE,1994,800
Azerbaijan,AZE,1995,800
Azerbaijan,AZE,1996,700
Azerbaijan,AZE,1997,800
Azerbaijan,AZE,1998,500
Azerbaijan,AZE,1999,600
Azerbaijan,AZE,2000,1000
Azerbaijan,AZE,2001,1100
Azerbaijan,AZE,2002,2300
Azerbaijan,AZE,2003,4800
Azerbaijan,AZE,2004,10000
Azerbaijan,AZE,2005,10000
Azerbaijan,AZE,2006,13700
Azerbaijan,AZE,2007,8000
Azerbaijan,AZE,2008,9500
Azerbaijan,AZE,2009,10000
Azerbaijan,AZE,2010,11000
Azerbaijan,AZE,2011,11500
Azerbaijan,AZE,2012,11800
Azerbaijan,AZE,2013,12000
Azerbaijan,AZE,2014,12000
Azerbaijan,AZE,2015,11645.65
Azerbaijan,AZE,2016,11977.78
Azerbaijan,AZE,2017,11876.81
Azerbaijan,AZE,2018,11765.72
Azerbaijan,AZE,2019,11816.65
Azerbaijan,AZE,2020,11819.73
Azerbaijan,AZE,2021,11800.7
Azerbaijan,AZE,2022,11812.36
Azerbaijan,AZE,2023,11810.93
Belgium,BEL,2000,200
Belgium,BEL,2001,200
Belgium,BEL,2002,200
Belgium,BEL,2003,180
Belgium,BEL,2004,230
Belgium,BEL,2005,275
Belgium,BEL,2006,400
Belgium,BEL,2007,700
Belgium,BEL,2008,700
Belgium,BEL,2009,500
Belgium,BEL,2010,1155
Belgium,BEL,2011,850
Belgium,BEL,2012,1200
Belgium,BEL,2013,1000
Belgium,BEL,2014,1400
Belgium,BEL,2015,1803
Belgium,BEL,2016,2763
Belgium,BEL,2017,2989
Belgium,BEL,2018,2100
Belgium,BEL,2019,2100
Belgium,BEL,2020,2100
Belgium,BEL,2021,1820
Belgium,BEL,2022,2040
Belgium,BEL,2023,1720
Bosnia and Herzegovina,BIH,1992,3288
Bosnia and Herzegovina,BIH,1993,3000
Bosnia and Herzegovina,BIH,1994,2700
Bosnia and Herzegovina,BIH,1995,2534.28
Bosnia and Herzegovina,BIH,1996,2400
Bosnia and Herzegovina,BIH,1997,1800
Bosnia and Herzegovina,BIH,1998,1200
Bosnia and Herzegovina,BIH,1999,1000
Bosnia and Herzegovina,BIH,2000,2000
Bosnia and Herzegovina,BIH,2001,3372
Bosnia and Herzegovina,BIH,2002,2500
Bosnia and Herzegovina,BIH,2003,1719
Bosnia and Herzegovina,BIH,2004,1700
Bosnia and Herzegovina,BIH,2005,4118.35
Bosnia and Herzegovina,BIH,2006,6452
Bosnia and Herzegovina,BIH,2007,8032
Bosnia and Herzegovina,BIH,2008,7483
Bosnia and Herzegovina,BIH,2009,8487
Bosnia and Herzegovina,BIH,2010,7937
Bosnia and Herzegovina,BIH,2011,9459
Bosnia and Herzegovina,BIH,2012,7016
Bosnia and Herzegovina,BIH,2013,9075
Bosnia and Herzegovina,BIH,2014,10613
Bosnia and Herzegovina,BIH,2015,13631
Bosnia and Herzegovina,BIH,2016,22160
Bosnia and Herzegovina,BIH,2017,22670.8
Bosnia and Herzegovina,BIH,2018,27466
Bosnia and Herzegovina,BIH,2019,19749
Bosnia and Herzegovina,BIH,2020,18794
Bosnia and Herzegovina,BIH,2021,16833
Bosnia and Herzegovina,BIH,2022,12188
Bosnia and Herzegovina,BIH,2023,12080
Bulgaria,BGR,1961,6000
Bulgaria,BGR,1962,6000
Bulgaria,BGR,1963,6500
Bulgaria,BGR,1964,6500
Bulgaria,BGR,1965,6800
Bulgaria,BGR,1966,7000
Bulgaria,BGR,1967,7300
Bulgaria,BGR,1968,7500
Bulgaria,BGR,1969,8126
Bulgaria,BGR,1970,10399
Bulgaria,BGR,1971,14411
Bulgaria,BGR,1972,12045
Bulgaria,BGR,1973,11937
Bulgaria,BGR,1974,8537
Bulgaria,BGR,1975,9016
Bulgaria,BGR,1976,8403
Bulgaria,BGR,1977,9195
Bulgaria,BGR,1978,8733
Bulgaria,BGR,1979,7207
Bulgaria,BGR,1980,5857
Bulgaria,BGR,1981,8145
Bulgaria,BGR,1982,8243
Bulgaria,BGR,1983,5711
Bulgaria,BGR,1984,6891
Bulgaria,BGR,1985,5604
Bulgaria,BGR,1986,6817
Bulgaria,BGR,1987,5376
Bulgaria,BGR,1988,4101
Bulgaria,BGR,1989,3781
Bulgaria,BGR,1990,4165
Bulgaria,BGR,1991,3654
Bulgaria,BGR,1992,4344
Bulgaria,BGR,1993,1000
Bulgaria,BGR,1994,2223
Bulgaria,BGR,1995,2569
Bulgaria,BGR,1996,1500
Bulgaria,BGR,1997,2500
Bulgaria,BGR,1998,2805
Bulgaria,BGR,1999,3000
Bulgaria,BGR,2000,3000
Bulgaria,BGR,2001,3147
Bulgaria,BGR,2002,3938
Bulgaria,BGR,2003,4083
Bulgaria,BGR,2004,5606
Bulgaria,BGR,2005,3897
Bulgaria,BGR,2006,5766
Bulgaria,BGR,2007,3711
Bulgaria,BGR,2008,3540
Bulgaria,BGR,2009,3510
Bulgaria,BGR,2010,6109
Bulgaria,BGR,2011,7650
Bulgaria,BGR,2012,4850
Bulgaria,BGR,2013,5491
Bulgaria,BGR,2014,4569
Bulgaria,BGR,2015,6845
Bulgaria,BGR,2016,8398
Bulgaria,BGR,2017,7476
Bulgaria,BGR,2018,7450
Bulgaria,BGR,2019,7130
Bulgaria,BGR,2020,6170
Bulgaria,BGR,2021,5560
Bulgaria,BGR,2022,5690
Bulgaria,BGR,2023,5660
Canada,CAN,1961,6489
Canada,CAN,1962,6357
Canada,CAN,1963,8320
Canada,CAN,1964,9447
Canada,CAN,1965,8096
Canada,CAN,1966,9607
Canada,CAN,1967,9958
Canada,CAN,1968,7590
Canada,CAN,1969,8111
Canada,CAN,1970,6676
Canada,CAN,1971,5816
Canada,CAN,1972,5973
Canada,CAN,1973,5917
Canada,CAN,1974,6200
Canada,CAN,1975,6874
Canada,CAN,1976,6648
Canada,CAN,1977,7485
Canada,CAN,1978,7394
Canada,CAN,1979,7563
Canada,CAN,1980,8942
Canada,CAN,1981,9065
Canada,CAN,1982,12856
Canada,CAN,1983,15484
Canada,CAN,1984,14999
Canada,CAN,1985,15263
Canada,CAN,1986,13110
Canada,CAN,1987,22894
Canada,CAN,1988,21494
Canada,CAN,1989,21746
Canada,CAN,1990,14213
Canada,CAN,1991,13160
Canada,CAN,1992,16812
Canada,CAN,1993,17091
Canada,CAN,1994,19860
Canada,CAN,1995,16139
Canada,CAN,1996,13974
Canada,CAN,1997,17207
Canada,CAN,1998,15470
Canada,CAN,1999,17348
Canada,CAN,2000,17524
Canada,CAN,2001,14583
Canada,CAN,2002,14880
Canada,CAN,2003,14236
Canada,CAN,2004,13340
Canada,CAN,2005,12975
Canada,CAN,2006,11579
Canada,CAN,2007,12390
Canada,CAN,2008,11825
Canada,CAN,2009,12672
Canada,CAN,2010,11864
Canada,CAN,2011,13418
Canada,CAN,2012,12323
Canada,CAN,2013,11281
Canada,CAN,2014,12718
Canada,CAN,2015,10868
Canada,CAN,2016,11670
Canada,CAN,2017,10743
Canada,CAN,2018,10338
Canada,CAN,2019,9145
Canada,CAN,2020,7608
Canada,CAN,2021,5541
Canada,CAN,2022,6907
Canada,CAN,2023,6720
Chile,CHL,1991,15856.52
Chile,CHL,1992,15912.44
Chile,CHL,1993,15968.36
Chile,CHL,1994,16024.27
Chile,CHL,1995,16080.19
Chile,CHL,1996,16136.11
Chile,CHL,1997,16192.02
Chile,CHL,1998,16247.94
Chile,CHL,1999,16303.86
Chile,CHL,2000,16359.77
Chile,CHL,2001,16415.69
Chile,CHL,2002,16471.61
Chile,CHL,2003,16535.09
Chile,CHL,2004,15534.82
Chile,CHL,2005,16383.85
Chile,CHL,2006,17594.15
Chile,CHL,2007,17379.78
Chile,CHL,2008,17284.46
Chile,CHL,2009,17135.18
Chile,CHL,2010,16896.41
Chile,CHL,2011,17056.04
Chile,CHL,2012,17292.99
Chile,CHL,2013,13547.37
Chile,CHL,2014,13499.49
Chile,CHL,2015,18287.15
Chile,CHL,2016,19030.4
Chile,CHL,2017,19191.2
Chile,CHL,2018,19444.53
Chile,CHL,2019,15824.93
Chile,CHL,2020,15945.97
Chile,CHL,2021,15847.31
Chile,CHL,2022,11745.56
Chile,CHL,2023,11834.98
Croatia,HRV,1992,235
Croatia,HRV,1993,424
Croatia,HRV,1994,606
Croatia,HRV,1995,592
Croatia,HRV,1996,707
Croatia,HRV,1997,873
Croatia,HRV,1998,1020
Croatia,HRV,1999,1152
Croatia,HRV,2000,959
Croatia,HRV,2001,893
Croatia,HRV,2002,916
Croatia,HRV,2003,771
Croatia,HRV,2004,800
Croatia,HRV,2005,744.38
Croatia,HRV,2006,713.62
Croatia,HRV,2007,694.43
Croatia,HRV,2008,647.38
Croatia,HRV,2009,556.84
Croatia,HRV,2010,480.35
Croatia,HRV,2011,395.5
Croatia,HRV,2012,305.62
Croatia,HRV,2013,221
Croatia,HRV,2014,41
Croatia,HRV,2015,189.21
Croatia,HRV,2016,133
Croatia,HRV,2017,78
Croatia,HRV,2018,110
Croatia,HRV,2019,550
Croatia,HRV,2020,300
Croatia,HRV,2021,100
Croatia,HRV,2022,170
Croatia,HRV,2023,160
Czechia,CZE,1993,702.48
Czechia,CZE,1994,789
Czechia,CZE,1995,687
Czechia,CZE,1996,824
Czechia,CZE,1997,756
Czechia,CZE,1998,741
Czechia,CZE,1999,700
Czechia,CZE,2000,727
Czechia,CZE,2001,488
Czechia,CZE,2002,39
Czechia,CZE,2003,30
Czechia,CZE,2004,33
Czechia,CZE,2005,28
Czechia,CZE,2006,65
Czechia,CZE,2007,23
Czechia,CZE,2008,50
Czechia,CZE,2009,42.92
Czechia,CZE,2010,30.75
Czechia,CZE,2011,26.93
Czechia,CZE,2012,26.97
Czechia,CZE,2013,26.97
Czechia,CZE,2014,32.57
Czechia,CZE,2015,37.94
Czechia,CZE,2016,37.82
Czechia,CZE,2017,30.29
Czechia,CZE,2018,100
Czechia,CZE,2019,120
Czechia,CZE,2020,50
Czechia,CZE,2021,40
Czechia,CZE,2022,50
Czechia,CZE,2023,80
Czechoslovakia,CSK,1961,500
Czechoslovakia,CSK,1962,500
Czechoslovakia,CSK,1963,500
Czechoslovakia,CSK,1964,500
Czechoslovakia,CSK,1965,500
Czechoslovakia,CSK,1966,500
Czechoslovakia,CSK,1967,500
Czechoslovakia,CSK,1968,500
Czechoslovakia,CSK,1969,500
Czechoslovakia,CSK,1970,500
Czechoslovakia,CSK,1971,500
Czechoslovakia,CSK,1972,1132
Czechoslovakia,CSK,1973,1066
Czechoslovakia,CSK,1974,1066
Czechoslovakia,CSK,1975,1209
Czechoslovakia,CSK,1976,1257
Czechoslovakia,CSK,1977,1257
Czechoslovakia,CSK,1978,1208
Czechoslovakia,CSK,1979,1326
Czechoslovakia,CSK,1980,682
Czechoslovakia,CSK,1981,818
Czechoslovakia,CSK,1982,826
Czechoslovakia,CSK,1983,1086
Czechoslovakia,CSK,1984,881
Czechoslovakia,CSK,1985,1433
Czechoslovakia,CSK,1986,1757
Czechoslovakia,CSK,1987,997
Czechoslovakia,CSK,1988,1000
Czechoslovakia,CSK,1989,1100
Czechoslovakia,CSK,1990,1000
Czechoslovakia,CSK,1991,955
Czechoslovakia,CSK,1992,900
Denmark,DNK,1961,1000
Denmark,DNK,1962,800
Denmark,DNK,1963,965
Denmark,DNK,1964,1197
Denmark,DNK,1965,1441
Denmark,DNK,1966,1610
Denmark,DNK,1967,1453
Denmark,DNK,1968,1518
Denmark,DNK,1969,925
Denmark,DNK,1970,1527
Denmark,DNK,1971,622
Denmark,DNK,1972,626
Denmark,DNK,1973,801
Denmark,DNK,1974,467
Denmark,DNK,1975,636
Denmark,DNK,1976,320
Denmark,DNK,1977,377
Denmark,DNK,1978,196
Denmark,DNK,1979,224
Denmark,DNK,1980,217
Denmark,DNK,1981,187
Denmark,DNK,1982,273
Denmark,DNK,1983,225
Denmark,DNK,1984,210
Denmark,DNK,1985,239
Denmark,DNK,1986,200
Denmark,DNK,1987,173
Denmark,DNK,1988,180
Denmark,DNK,1989,200
Denmark,DNK,1990,275
Denmark,DNK,1991,82.42
Denmark,DNK,1992,81.63
Denmark,DNK,1993,81.09
Denmark,DNK,1994,79.01
Denmark,DNK,1995,83.51
Denmark,DNK,1996,100
Denmark,DNK,1997,70
Denmark,DNK,1998,100
Denmark,DNK,1999,80
Denmark,DNK,2000,77.79
Denmark,DNK,2001,70
Denmark,DNK,2002,60
Denmark,DNK,2003,51
Denmark,DNK,2004,62
Denmark,DNK,2005,65
Denmark,DNK,2006,69.85
Denmark,DNK,2007,69.54
Denmark,DNK,2008,67.52
Denmark,DNK,2009,65
Denmark,DNK,2010,95
Denmark,DNK,2011,73
Denmark,DNK,2012,73
Denmark,DNK,2013,97
Denmark,DNK,2014,94
Denmark,DNK,2015,94
Denmark,DNK,2016,100
Denmark,DNK,2017,138
Denmark,DNK,2018,170
Denmark,DNK,2019,180
Denmark,DNK,2020,360
Denmark,DNK,2021,400
Denmark,DNK,2022,240
Denmark,DNK,2023,630
Estonia,EST,1992,456
Estonia,EST,1993,314
Estonia,EST,1994,330
Estonia,EST,1995,606
Estonia,EST,1996,195
Estonia,EST,1997,182
Estonia,EST,1998,116
Estonia,EST,1999,101
Estonia,EST,2000,90
Estonia,EST,2001,368
Estonia,EST,2002,535
Estonia,EST,2003,401
Estonia,EST,2004,317
Estonia,EST,2005,544
Estonia,EST,2006,236
Estonia,EST,2007,210
Estonia,EST,2008,256
Estonia,EST,2009,213
Estonia,EST,2010,282
Estonia,EST,2011,160
Estonia,EST,2012,193
Estonia,EST,2013,147
Estonia,EST,2014,137
Estonia,EST,2015,207
Estonia,EST,2016,176
Estonia,EST,2017,164
Estonia,EST,2018,130
Estonia,EST,2019,190
Estonia,EST,2020,120
Estonia,EST,2021,170
Estonia,EST,2022,100
Estonia,EST,2023,70
Finland,FIN,1961,300
Finland,FIN,1962,200
Finland,FIN,1963,200
Finland,FIN,1964,200
Finland,FIN,1965,300
Finland,FIN,1966,200
Finland,FIN,1967,200
Finland,FIN,1968,200
Finland,FIN,1969,200
Finland,FIN,1970,200
Finland,FIN,1971,200
Finland,FIN,1972,640
Finland,FIN,1973,470
Finland,FIN,1974,400
Finland,FIN,1975,300
Finland,FIN,1976,540
Finland,FIN,1977,400
Finland,FIN,1978,300
Finland,FIN,1979,330
Finland,FIN,1980,390
Finland,FIN,1981,320
Finland,FIN,1982,270
Finland,FIN,1983,280
Finland,FIN,1984,300
Finland,FIN,1985,100
Finland,FIN,1986,200
Finland,FIN,1987,100
Finland,FIN,1988,100
Finland,FIN,1989,200
Finland,FIN,1990,170
Finland,FIN,1991,208
Finland,FIN,1992,258
Finland,FIN,1993,184
Finland,FIN,1994,228
Finland,FIN,1995,308
Finland,FIN,1996,323
Finland,FIN,1997,265
Finland,FIN,1998,265
Finland,FIN,1999,307
Finland,FIN,2000,457
Finland,FIN,2001,418
Finland,FIN,2002,539
Finland,FIN,2003,540
Finland,FIN,2004,378
Finland,FIN,2005,608
Finland,FIN,2006,524
Finland,FIN,2007,436
Finland,FIN,2008,534
Finland,FIN,2009,567
Finland,FIN,2010,529
Finland,FIN,2011,696
Finland,FIN,2012,651
Finland,FIN,2013,737
Finland,FIN,2014,775
Finland,FIN,2015,1009
Finland,FIN,2016,1312
Finland,FIN,2017,1071
Finland,FIN,2018,950
Finland,FIN,2019,1310
Finland,FIN,2020,1300
Finland,FIN,2021,1460
Finland,FIN,2022,1470
Finland,FIN,2023,1370
France,FRA,1961,3910
France,FRA,1962,2930
France,FRA,1963,3830
France,FRA,1964,3640
France,FRA,1965,4690
France,FRA,1966,4686
France,FRA,1967,4673
France,FRA,1968,4707
France,FRA,1969,5227
France,FRA,1970,5040
France,FRA,1971,5900
France,FRA,1972,6500
France,FRA,1973,7040
France,FRA,1974,6580
France,FRA,1975,7265
France,FRA,1976,5176
France,FRA,1977,4966
France,FRA,1978,6980
France,FRA,1979,6900
France,FRA,1980,6900
France,FRA,1981,6600
France,FRA,1982,7100
France,FRA,1983,6600
France,FRA,1984,7000
France,FRA,1985,6300
France,FRA,1986,5800
France,FRA,1987,6100
France,FRA,1988,6700
France,FRA,1989,6268
France,FRA,1990,6402
France,FRA,1991,5714.5
France,FRA,1992,8272.8
France,FRA,1993,7821.1
France,FRA,1994,7727.3
France,FRA,1995,6569.1
France,FRA,1996,6634.8
France,FRA,1997,6031.3
France,FRA,1998,6390.1
France,FRA,1999,7989.7
France,FRA,2000,8061.5
France,FRA,2001,7841.4
France,FRA,2002,7795.3
France,FRA,2003,6791
France,FRA,2004,6484
France,FRA,2005,5890.4
France,FRA,2006,6019.4
France,FRA,2007,5144.3
France,FRA,2008,6219
France,FRA,2009,7368.2
France,FRA,2010,3590
France,FRA,2011,3722.3
France,FRA,2012,3317
France,FRA,2013,4047
France,FRA,2014,4497
France,FRA,2015,4242
France,FRA,2016,3921.9
France,FRA,2017,4627.1
France,FRA,2018,5030
France,FRA,2019,5450
France,FRA,2020,5210
France,FRA,2021,5140
France,FRA,2022,5970
France,FRA,2023,6300
Georgia,GEO,2019,600
Georgia,GEO,2020,500
Georgia,GEO,2021,600
Georgia,GEO,2022,1200
Georgia,GEO,2023,1200
Germany,DEU,1961,20212
Germany,DEU,1962,20765
Germany,DEU,1963,22423
Germany,DEU,1964,20663
Germany,DEU,1965,20848
Germany,DEU,1966,25092
Germany,DEU,1967,22403
Germany,DEU,1968,24282
Germany,DEU,1969,24896
Germany,DEU,1970,24807
Germany,DEU,1971,22111
Germany,DEU,1972,22054
Germany,DEU,1973,22829
Germany,DEU,1974,20400
Germany,DEU,1975,23378
Germany,DEU,1976,18427
Germany,DEU,1977,18295
Germany,DEU,1978,22194
Germany,DEU,1979,22457
Germany,DEU,1980,20603
Germany,DEU,1981,18955
Germany,DEU,1982,23855
Germany,DEU,1983,24651
Germany,DEU,1984,26586
Germany,DEU,1985,26371
Germany,DEU,1986,25000
Germany,DEU,1987,25000
Germany,DEU,1988,28000
Germany,DEU,1989,30000
Germany,DEU,1990,27241
Germany,DEU,1991,22904
Germany,DEU,1992,31500
Germany,DEU,1993,29500
Germany,DEU,1994,27000
Germany,DEU,1995,27000
Germany,DEU,1996,26193
Germany,DEU,1997,27141
Germany,DEU,1998,29900
Germany,DEU,1999,35500
Germany,DEU,2000,33700
Germany,DEU,2001,29200
Germany,DEU,2002,29700
Germany,DEU,2003,20000
Germany,DEU,2004,20034
Germany,DEU,2005,7000
Germany,DEU,2006,7196
Germany,DEU,2007,6191
Germany,DEU,2008,5334
Germany,DEU,2009,5068
Germany,DEU,2010,5212
Germany,DEU,2011,4778
Germany,DEU,2012,4666
Germany,DEU,2013,5086
Germany,DEU,2014,5563
Germany,DEU,2015,5631
Germany,DEU,2016,5617
Germany,DEU,2017,6354
Germany,DEU,2018,6820
Germany,DEU,2019,7540
Germany,DEU,2020,7140
Germany,DEU,2021,7020
Germany,DEU,2022,6770
Germany,DEU,2023,6670
Greece,GRC,1972,0
Greece,GRC,1992,0
Greece,GRC,1993,0
Greece,GRC,1994,100
Greece,GRC,2018,10
Greece,GRC,2019,0
Greece,GRC,2020,0
Greece,GRC,2021,0
Greece,GRC,2022,10
Greece,GRC,2023,10
Hungary,HUN,1961,8100
Hungary,HUN,1962,10800
Hungary,HUN,1963,11300
Hungary,HUN,1964,10600
Hungary,HUN,1965,8303
Hungary,HUN,1966,12131
Hungary,HUN,1967,13458
Hungary,HUN,1968,7764
Hungary,HUN,1969,10587
Hungary,HUN,1970,13593
Hungary,HUN,1971,11948
Hungary,HUN,1972,15214
Hungary,HUN,1973,20591
Hungary,HUN,1974,14614
Hungary,HUN,1975,23698
Hungary,HUN,1976,11442
Hungary,HUN,1977,14869
Hungary,HUN,1978,16490
Hungary,HUN,1979,17579
Hungary,HUN,1980,18530
Hungary,HUN,1981,19238
Hungary,HUN,1982,18042
Hungary,HUN,1983,21572
Hungary,HUN,1984,21448
Hungary,HUN,1985,26338
Hungary,HUN,1986,25992
Hungary,HUN,1987,18360
Hungary,HUN,1988,24381
Hungary,HUN,1989,24916
Hungary,HUN,1990,27208
Hungary,HUN,1991,26228
Hungary,HUN,1992,22681
Hungary,HUN,1993,18116
Hungary,HUN,1994,18116
Hungary,HUN,1995,18000
Hungary,HUN,1996,19855
Hungary,HUN,1997,18135
Hungary,HUN,1998,19834
Hungary,HUN,1999,22277
Hungary,HUN,2000,19804
Hungary,HUN,2001,13306
Hungary,HUN,2002,9847
Hungary,HUN,2003,9258
Hungary,HUN,2004,8470
Hungary,HUN,2005,6724
Hungary,HUN,2006,11900
Hungary,HUN,2007,6166
Hungary,HUN,2008,6304
Hungary,HUN,2009,4967
Hungary,HUN,2010,3184
Hungary,HUN,2011,2267
Hungary,HUN,2012,2000
Hungary,HUN,2013,1450
Hungary,HUN,2014,1580
Hungary,HUN,2015,1534
Hungary,HUN,2016,1232
Hungary,HUN,2017,1324
Hungary,HUN,2018,1260
Hungary,HUN,2019,1110
Hungary,HUN,2020,490
Hungary,HUN,2021,460
Hungary,HUN,2022,580
Hungary,HUN,2023,550
Ireland,IRL,1961,0
Ireland,IRL,1962,0
Ireland,IRL,1963,0
Ireland,IRL,1964,0
Ireland,IRL,1965,0
Ireland,IRL,1966,0
Ireland,IRL,1967,0
Ireland,IRL,1968,0
Ireland,IRL,1969,0
Ireland,IRL,1970,0
Ireland,IRL,1971,0
Ireland,IRL,1972,0
Ireland,IRL,1973,0
Ireland,IRL,1974,100
Ireland,IRL,1975,100
Ireland,IRL,1976,100
Ireland,IRL,1977,100
Ireland,IRL,1978,100
Ireland,IRL,1979,100
Ireland,IRL,1980,100
Ireland,IRL,1981,100
Ireland,IRL,1982,1000
Ireland,IRL,1983,1000
Ireland,IRL,1984,1000
Ireland,IRL,1985,1000
Ireland,IRL,1986,500
Ireland,IRL,1987,500
Ireland,IRL,1988,500
Ireland,IRL,1989,500
Ireland,IRL,1990,600
Ireland,IRL,1991,800
Ireland,IRL,1992,600
Ireland,IRL,1993,500
Ireland,IRL,1994,600
Ireland,IRL,1995,400
Ireland,IRL,1996,600
Ireland,IRL,1997,500
Ireland,IRL,1998,500
Ireland,IRL,1999,500
Ireland,IRL,2000,220
Ireland,IRL,2001,200
Ireland,IRL,2002,100
Ireland,IRL,2003,120
Ireland,IRL,2004,150
Ireland,IRL,2005,180
Ireland,IRL,2006,210
Ireland,IRL,2007,190
Ireland,IRL,2008,160
Ireland,IRL,2009,160
Ireland,IRL,2010,160
Ireland,IRL,2011,160
Ireland,IRL,2012,250
Ireland,IRL,2013,290
Ireland,IRL,2014,310
Ireland,IRL,2015,310
Ireland,IRL,2016,330
Ireland,IRL,2017,341
Ireland,IRL,2018,300
Ireland,IRL,2019,320
Ireland,IRL,2020,320
Ireland,IRL,2021,320
Ireland,IRL,2022,480
Ireland,IRL,2023,410
Italy,ITA,1961,427
Italy,ITA,1962,435
Italy,ITA,1963,412
Italy,ITA,1964,596
Italy,ITA,1965,301
Italy,ITA,1966,306
Italy,ITA,1967,271
Italy,ITA,1968,227
Italy,ITA,1969,204
Italy,ITA,1970,225
Italy,ITA,1971,194
Italy,ITA,1972,195
Italy,ITA,1973,203
Italy,ITA,1974,213
Italy,ITA,1975,172
Italy,ITA,1976,179
Italy,ITA,1977,310
Italy,ITA,1978,990
Italy,ITA,1979,1210
Italy,ITA,1980,1320
Italy,ITA,1981,1775
Italy,ITA,1982,1998
Italy,ITA,1983,1989
Italy,ITA,1984,1099
Italy,ITA,1985,1941
Italy,ITA,1986,1899
Italy,ITA,1987,1982
Italy,ITA,1988,1970
Italy,ITA,1989,2000
Italy,ITA,1990,1300
Italy,ITA,1991,1873
Italy,ITA,1992,1675
Italy,ITA,1993,1387
Italy,ITA,1994,1400
Italy,ITA,1995,1500
Italy,ITA,1996,1600
Italy,ITA,1997,1394.38
Italy,ITA,1998,1063
Italy,ITA,1999,1166
Italy,ITA,2000,1336
Italy,ITA,2001,1455
Italy,ITA,2002,1380
Italy,ITA,2003,1391
Italy,ITA,2004,1657
Italy,ITA,2005,1421
Italy,ITA,2006,1700
Italy,ITA,2007,1647
Italy,ITA,2008,1700
Italy,ITA,2009,1956
Italy,ITA,2010,1990
Italy,ITA,2011,2211
Italy,ITA,2012,1794.1
Italy,ITA,2013,2020.5
Italy,ITA,2014,2464.8
Italy,ITA,2015,2238
Italy,ITA,2016,2244.6
Italy,ITA,2017,2277
Italy,ITA,2018,1990
Italy,ITA,2019,2280
Italy,ITA,2020,2430
Italy,ITA,2021,2650
Italy,ITA,2022,2590
Italy,ITA,2023,2750
Kyrgyzstan,KGZ,1992,1600
Kyrgyzstan,KGZ,1993,460
Kyrgyzstan,KGZ,1994,200
Kyrgyzstan,KGZ,1995,50
Kyrgyzstan,KGZ,1996,100
Kyrgyzstan,KGZ,1997,1000
Kyrgyzstan,KGZ,1998,500
Kyrgyzstan,KGZ,1999,700
Kyrgyzstan,KGZ,2000,1700
Kyrgyzstan,KGZ,2001,1900
Kyrgyzstan,KGZ,2002,1800
Kyrgyzstan,KGZ,2003,1700
Kyrgyzstan,KGZ,2004,2000
Kyrgyzstan,KGZ,2005,1700
Kyrgyzstan,KGZ,2006,2200
Kyrgyzstan,KGZ,2007,2100
Kyrgyzstan,KGZ,2008,2200
Kyrgyzstan,KGZ,2009,2400
Kyrgyzstan,KGZ,2010,2300
Kyrgyzstan,KGZ,2011,2500
Kyrgyzstan,KGZ,2012,2600
Kyrgyzstan,KGZ,2013,2700
Kyrgyzstan,KGZ,2014,2700
Kyrgyzstan,KGZ,2015,2400
Kyrgyzstan,KGZ,2016,2600
Kyrgyzstan,KGZ,2017,2566.67
Kyrgyzstan,KGZ,2018,2636.02
Kyrgyzstan,KGZ,2019,2600.9
Kyrgyzstan,KGZ,2020,2601.19
Kyrgyzstan,KGZ,2021,2612.7
Kyrgyzstan,KGZ,2022,2604.93
Kyrgyzstan,KGZ,2023,2606.28
Latvia,LVA,1997,139
Latvia,LVA,1998,180
Latvia,LVA,1999,93
Latvia,LVA,2000,83
Latvia,LVA,2001,390
Latvia,LVA,2002,143
Latvia,LVA,2003,180
Latvia,LVA,2004,208
Latvia,LVA,2005,464
Latvia,LVA,2006,144
Latvia,LVA,2007,109
Latvia,LVA,2008,143
Latvia,LVA,2009,228
Latvia,LVA,2010,180
Latvia,LVA,2011,353
Latvia,LVA,2012,149
Latvia,LVA,2013,147
Latvia,LVA,2014,110
Latvia,LVA,2015,156
Latvia,LVA,2016,176
Latvia,LVA,2017,153
Latvia,LVA,2018,200
Latvia,LVA,2019,90
Latvia,LVA,2020,200
Latvia,LVA,2021,300
Latvia,LVA,2022,220
Latvia,LVA,2023,100
Lithuania,LTU,2003,623
Lithuania,LTU,2004,515
Lithuania,LTU,2005,583
Lithuania,LTU,2006,976
Lithuania,LTU,2007,1531
Lithuania,LTU,2008,1691
Lithuania,LTU,2009,1794
Lithuania,LTU,2010,1499
Lithuania,LTU,2011,1615
Lithuania,LTU,2012,2102
Lithuania,LTU,2013,2257
Lithuania,LTU,2014,2510
Lithuania,LTU,2015,2960
Lithuania,LTU,2016,2233
Lithuania,LTU,2017,1876
Lithuania,LTU,2018,1400
Lithuania,LTU,2019,1060
Lithuania,LTU,2020,1280
Lithuania,LTU,2021,1360
Lithuania,LTU,2022,1240
Lithuania,LTU,2023,1450
Luxembourg,LUX,2007,1
Luxembourg,LUX,2008,1
Luxembourg,LUX,2009,1
Luxembourg,LUX,2010,1
Luxembourg,LUX,2011,1
Luxembourg,LUX,2012,1
Luxembourg,LUX,2013,1
Luxembourg,LUX,2014,1
Luxembourg,LUX,2015,1
Luxembourg,LUX,2016,1
Luxembourg,LUX,2017,1
Luxembourg,LUX,2018,0
Luxembourg,LUX,2019,0
Luxembourg,LUX,2020,0
Luxembourg,LUX,2021,0
Luxembourg,LUX,2022,0
Luxembourg,LUX,2023,0
Malta,MLT,2018,0
Malta,MLT,2019,0
Malta,MLT,2020,0
Malta,MLT,2021,0
Malta,MLT,2022,0
Malta,MLT,2023,0
Mexico,MEX,1986,6
Mexico,MEX,1987,4
Mexico,MEX,1988,5
Mexico,MEX,1989,5
Mexico,MEX,1990,2
Mexico,MEX,1991,3
Mexico,MEX,1992,12
Mexico,MEX,1993,11
Mexico,MEX,1994,73
Mexico,MEX,1995,391
Mexico,MEX,1996,1024
Mexico,MEX,1997,1197
Mexico,MEX,1998,1625
Mexico,MEX,1999,1396
Mexico,MEX,2000,1138
Mexico,MEX,2001,1133
Mexico,MEX,2002,2046
Mexico,MEX,2003,2249
Mexico,MEX,2004,3045
Mexico,MEX,2005,5044
Mexico,MEX,2006,9351
Mexico,MEX,2007,11477
Mexico,MEX,2008,14726
Mexico,MEX,2009,13559
Mexico,MEX,2010,14343
Mexico,MEX,2011,21468
Mexico,MEX,2012,17009
Mexico,MEX,2013,30411
Mexico,MEX,2014,35627.45
Mexico,MEX,2015,65387.78
Mexico,MEX,2016,112661.47
Mexico,MEX,2017,120184.24
Mexico,MEX,2018,130187.15
Mexico,MEX,2019,128847.8
Mexico,MEX,2020,146349.72
Mexico,MEX,2021,165676.62
Mexico,MEX,2022,178667.23
Mexico,MEX,2023,190411.55
Moldova,MDA,1992,500
Moldova,MDA,1993,1000
Moldova,MDA,1994,500
Moldova,MDA,1995,487
Moldova,MDA,1996,500
Moldova,MDA,1997,500
Moldova,MDA,1998,800
Moldova,MDA,1999,300
Moldova,MDA,2000,300
Moldova,MDA,2001,846
Moldova,MDA,2002,1714
Moldova,MDA,2003,1814
Moldova,MDA,2004,1500
Moldova,MDA,2005,1000
Moldova,MDA,2006,814
Moldova,MDA,2007,622
Moldova,MDA,2008,813
Moldova,MDA,2009,794
Moldova,MDA,2010,714
Moldova,MDA,2011,623
Moldova,MDA,2012,350
Moldova,MDA,2013,422
Moldova,MDA,2014,1479
Moldova,MDA,2015,1284
Moldova,MDA,2016,1621
Moldova,MDA,2017,2130
Moldova,MDA,2018,2598
Moldova,MDA,2019,4593
Moldova,MDA,2020,4490
Moldova,MDA,2021,5071
Moldova,MDA,2022,6943
Moldova,MDA,2023,7964
Montenegro,MNE,2007,500
Montenegro,MNE,2008,500
Montenegro,MNE,2009,500
Montenegro,MNE,2010,500
Montenegro,MNE,2011,500
Montenegro,MNE,2012,500
Montenegro,MNE,2013,500
Montenegro,MNE,2014,500
Montenegro,MNE,2015,500
Montenegro,MNE,2016,500
Montenegro,MNE,2017,500
Montenegro,MNE,2018,500
Montenegro,MNE,2019,500
Montenegro,MNE,2020,500
Montenegro,MNE,2021,500
Montenegro,MNE,2022,500
Montenegro,MNE,2023,500
Morocco,MAR,1961,0
Morocco,MAR,1962,0
Morocco,MAR,1963,0
Morocco,MAR,1964,0
Morocco,MAR,1965,0
Morocco,MAR,1966,0
Morocco,MAR,1967,0
Morocco,MAR,1968,0
Morocco,MAR,1969,0
Morocco,MAR,1970,0
Morocco,MAR,1971,20
Morocco,MAR,1972,20
Morocco,MAR,1973,50
Morocco,MAR,1974,0
Morocco,MAR,1975,50
Morocco,MAR,1976,50
Morocco,MAR,1977,50
Morocco,MAR,1978,50
Morocco,MAR,1979,50
Morocco,MAR,1980,50
Morocco,MAR,1981,50
Morocco,MAR,1982,50
Morocco,MAR,1983,50
Morocco,MAR,1984,50
Morocco,MAR,1985,50
Morocco,MAR,1986,50
Morocco,MAR,1987,50
Morocco,MAR,1988,70
Morocco,MAR,1989,70
Morocco,MAR,1990,57
Morocco,MAR,1991,100
Morocco,MAR,1992,110.74
Morocco,MAR,1993,119.2
Morocco,MAR,1994,130
Morocco,MAR,1995,135.52
Morocco,MAR,1996,143.28
Morocco,MAR,1997,150
Morocco,MAR,1998,159.38
Morocco,MAR,1999,170.38
Morocco,MAR,2000,180
Morocco,MAR,2001,1695.42
Morocco,MAR,2002,2165.52
Morocco,MAR,2003,2647.09
Morocco,MAR,2004,3143.91
Morocco,MAR,2005,3661
Morocco,MAR,2006,4204.85
Morocco,MAR,2007,4783.73
Morocco,MAR,2008,5406.86
Morocco,MAR,2009,10696.61
Morocco,MAR,2010,6732.35
Morocco,MAR,2011,7563.86
Morocco,MAR,2012,8489.34
Morocco,MAR,2013,9514.25
Morocco,MAR,2014,10637.28
Morocco,MAR,2015,11850.86
Morocco,MAR,2016,16488.35
Morocco,MAR,2017,21561.8
Morocco,MAR,2018,24000
Morocco,MAR,2019,36000
Morocco,MAR,2020,35000
Morocco,MAR,2021,42000
Morocco,MAR,2022,56400
Morocco,MAR,2023,61181.73
Netherlands,NLD,1961,7962
Netherlands,NLD,1962,6876
Netherlands,NLD,1963,5262
Netherlands,NLD,1964,6835
Netherlands,NLD,1965,5971
Netherlands,NLD,1966,5467
Netherlands,NLD,1967,5774
Netherlands,NLD,1968,4094
Netherlands,NLD,1969,5135
Netherlands,NLD,1970,3943
Netherlands,NLD,1971,3204
Netherlands,NLD,1972,2400
Netherlands,NLD,1973,3000
Netherlands,NLD,1974,2300
Netherlands,NLD,1975,2200
Netherlands,NLD,1976,500
Netherlands,NLD,1977,600
Netherlands,NLD,1978,1000
Netherlands,NLD,1979,600
Netherlands,NLD,1980,700
Netherlands,NLD,1981,700
Netherlands,NLD,1982,700
Netherlands,NLD,1983,700
Netherlands,NLD,1984,600
Netherlands,NLD,1985,300
Netherlands,NLD,1986,400
Netherlands,NLD,1987,300
Netherlands,NLD,1988,400
Netherlands,NLD,1989,300
Netherlands,NLD,1990,300
Netherlands,NLD,1991,300
Netherlands,NLD,1992,400
Netherlands,NLD,1993,400
Netherlands,NLD,1994,400
Netherlands,NLD,1995,500
Netherlands,NLD,1996,500
Netherlands,NLD,1997,600
Netherlands,NLD,1998,300
Netherlands,NLD,1999,400
Netherlands,NLD,2000,400
Netherlands,NLD,2001,400
Netherlands,NLD,2002,500
Netherlands,NLD,2003,400
Netherlands,NLD,2004,400
Netherlands,NLD,2005,450
Netherlands,NLD,2006,520
Netherlands,NLD,2007,590
Netherlands,NLD,2008,770
Netherlands,NLD,2009,680
Netherlands,NLD,2010,2211.71
Netherlands,NLD,2011,2462.89
Netherlands,NLD,2012,2750.95
Netherlands,NLD,2013,3491.6
Netherlands,NLD,2014,4500
Netherlands,NLD,2015,4000
Netherlands,NLD,2016,6500
Netherlands,NLD,2017,6500
Netherlands,NLD,2018,4600
Netherlands,NLD,2019,4510
Netherlands,NLD,2020,3600
Netherlands,NLD,2021,3640
Netherlands,NLD,2022,3000
Netherlands,NLD,2023,3210
New Zealand,NZL,1961,925
New Zealand,NZL,1962,1211
New Zealand,NZL,1963,1080
New Zealand,NZL,1964,1020
New Zealand,NZL,1965,1200
New Zealand,NZL,1966,1114
New Zealand,NZL,1967,1111
New Zealand,NZL,1968,1126
New Zealand,NZL,1969,1226
New Zealand,NZL,1970,1460
New Zealand,NZL,1971,1816
New Zealand,NZL,1972,1595
New Zealand,NZL,1973,2092
New Zealand,NZL,1974,1811
New Zealand,NZL,1975,1537
New Zealand,NZL,1976,1271
New Zealand,NZL,1977,1268
New Zealand,NZL,1978,1357
New Zealand,NZL,1979,1235
New Zealand,NZL,1980,1295
New Zealand,NZL,1981,1511
New Zealand,NZL,1982,2420
New Zealand,NZL,1983,2400
New Zealand,NZL,1984,2500
New Zealand,NZL,1985,2600
New Zealand,NZL,1986,2400
New Zealand,NZL,1987,2300
New Zealand,NZL,1988,1800
New Zealand,NZL,1989,1500
New Zealand,NZL,1990,1200
New Zealand,NZL,1991,1154
New Zealand,NZL,1992,1200
New Zealand,NZL,1993,1000
New Zealand,NZL,1994,800
New Zealand,NZL,1995,700
New Zealand,NZL,1996,674.62
New Zealand,NZL,1997,500
New Zealand,NZL,1998,1200
New Zealand,NZL,1999,1200
New Zealand,NZL,2000,1100
New Zealand,NZL,2001,700
New Zealand,NZL,2002,400
New Zealand,NZL,2003,390
New Zealand,NZL,2004,430.28
New Zealand,NZL,2005,411.17
New Zealand,NZL,2006,367.34
New Zealand,NZL,2007,285.28
New Zealand,NZL,2008,350
New Zealand,NZL,2009,150
New Zealand,NZL,2010,170.8
New Zealand,NZL,2011,157.73
New Zealand,NZL,2012,141.2
New Zealand,NZL,2013,136.17
New Zealand,NZL,2014,103.3
New Zealand,NZL,2015,89.64
New Zealand,NZL,2016,70.03
New Zealand,NZL,2017,48.78
New Zealand,NZL,2018,36.85
New Zealand,NZL,2019,24.16
New Zealand,NZL,2020,24.44
New Zealand,NZL,2021,22.2
New Zealand,NZL,2022,16.98
New Zealand,NZL,2023,15.41
North Macedonia,MKD,2002,50
North Macedonia,MKD,2003,67.18
North Macedonia,MKD,2004,68.61
North Macedonia,MKD,2005,67.12
North Macedonia,MKD,2006,71.34
North Macedonia,MKD,2007,74.07
North Macedonia,MKD,2008,75.11
North Macedonia,MKD,2009,86
North Macedonia,MKD,2010,9
North Macedonia,MKD,2011,82
North Macedonia,MKD,2012,121
North Macedonia,MKD,2013,178
North Macedonia,MKD,2014,144
North Macedonia,MKD,2015,157
North Macedonia,MKD,2016,92
North Macedonia,MKD,2017,168
North Macedonia,MKD,2018,224
North Macedonia,MKD,2019,298
North Macedonia,MKD,2020,336
North Macedonia,MKD,2021,484
North Macedonia,MKD,2022,382
North Macedonia,MKD,2023,354
Norway,NOR,1961,1982
Norway,NOR,1962,1810
Norway,NOR,1963,1964
Norway,NOR,1964,1833
Norway,NOR,1965,1971
Norway,NOR,1966,2159
Norway,NOR,1967,2139
Norway,NOR,1968,2385
Norway,NOR,1969,2368
Norway,NOR,1970,2406
Norway,NOR,1971,2712
Norway,NOR,1972,2485
Norway,NOR,1973,2926
Norway,NOR,1974,2392
Norway,NOR,1975,2777
Norway,NOR,1976,2122
Norway,NOR,1977,3192
Norway,NOR,1978,2755
Norway,NOR,1979,3044
Norway,NOR,1980,3127
Norway,NOR,1981,2836
Norway,NOR,1982,3754
Norway,NOR,1983,3428
Norway,NOR,1984,4013
Norway,NOR,1985,3442
Norway,NOR,1986,3595
Norway,NOR,1987,3181
Norway,NOR,1988,4111
Norway,NOR,1989,4014
Norway,NOR,1990,4100
Norway,NOR,1991,1565
Norway,NOR,1992,1802
Norway,NOR,1993,1769
Norway,NOR,1994,1757
Norway,NOR,1995,1185
Norway,NOR,1996,1142
Norway,NOR,1997,1101
Norway,NOR,1998,868
Norway,NOR,1999,1243
Norway,NOR,2000,1456
Norway,NOR,2001,1401
Norway,NOR,2002,1687
Norway,NOR,2003,1702
Norway,NOR,2004,1811
Norway,NOR,2005,2215
Norway,NOR,2006,2656
Norway,NOR,2007,2304
Norway,NOR,2008,2592
Norway,NOR,2009,3414
Norway,NOR,2010,2144
Norway,NOR,2011,1955
Norway,NOR,2012,2235
Norway,NOR,2013,2056
Norway,NOR,2014,2540
Norway,NOR,2015,2843
Norway,NOR,2016,2942
Norway,NOR,2017,2994
Norway,NOR,2018,2599
Norway,NOR,2019,2390
Norway,NOR,2020,2062
Norway,NOR,2021,1798
Norway,NOR,2022,1903
Norway,NOR,2023,2035
Poland,POL,1961,4800
Poland,POL,1962,4700
Poland,POL,1963,5200
Poland,POL,1964,8300
Poland,POL,1965,5900
Poland,POL,1966,7800
Poland,POL,1967,12800
Poland,POL,1968,9000
Poland,POL,1969,12300
Poland,POL,1970,11044
Poland,POL,1971,11329
Poland,POL,1972,12144
Poland,POL,1973,19133
Poland,POL,1974,17939
Poland,POL,1975,24951
Poland,POL,1976,18457
Poland,POL,1977,20632
Poland,POL,1978,24087
Poland,POL,1979,24650
Poland,POL,1980,19507
Poland,POL,1981,24924
Poland,POL,1982,29854
Poland,POL,1983,29304
Poland,POL,1984,29550
Poland,POL,1985,37916
Poland,POL,1986,32198
Poland,POL,1987,17131
Poland,POL,1988,43421
Poland,POL,1989,43922
Poland,POL,1990,28457
Poland,POL,1991,31650
Poland,POL,1992,28148
Poland,POL,1993,32457
Poland,POL,1994,30228
Poland,POL,1995,40420
Poland,POL,1996,35760
Poland,POL,1997,40347
Poland,POL,1998,44845
Poland,POL,1999,43195
Poland,POL,2000,39727
Poland,POL,2001,44818
Poland,POL,2002,44874
Poland,POL,2003,42941
Poland,POL,2004,56835
Poland,POL,2005,65482
Poland,POL,2006,52539
Poland,POL,2007,56391
Poland,POL,2008,81552
Poland,POL,2009,81778
Poland,POL,2010,92864
Poland,POL,2011,117995
Poland,POL,2012,127055
Poland,POL,2013,121040
Poland,POL,2014,125859
Poland,POL,2015,79895
Poland,POL,2016,129063
Poland,POL,2017,104482
Poland,POL,2018,115610
Poland,POL,2019,75660
Poland,POL,2020,123200
Poland,POL,2021,103900
Poland,POL,2022,104900
Poland,POL,2023,96100
Portugal,PRT,1961,0
Portugal,PRT,1962,0
Portugal,PRT,1963,0
Portugal,PRT,1964,0
Portugal,PRT,1965,0
Portugal,PRT,1966,0
Portugal,PRT,1967,0
Portugal,PRT,1968,0
Portugal,PRT,1969,0
Portugal,PRT,1970,0
Portugal,PRT,1971,0
Portugal,PRT,1972,0
Portugal,PRT,1973,0
Portugal,PRT,1974,0
Portugal,PRT,1975,0
Portugal,PRT,1976,0
Portugal,PRT,1977,0
Portugal,PRT,1978,0
Portugal,PRT,1979,0
Portugal,PRT,1980,0
Portugal,PRT,1981,0
Portugal,PRT,1982,0
Portugal,PRT,1983,0
Portugal,PRT,1984,0
Portugal,PRT,1985,100
Portugal,PRT,1986,100
Portugal,PRT,1987,100
Portugal,PRT,1988,100
Portugal,PRT,1989,100
Portugal,PRT,1990,128
Portugal,PRT,1991,1090.07
Portugal,PRT,1992,1090.07
Portugal,PRT,1993,1090.07
Portugal,PRT,1994,1090.07
Portugal,PRT,1995,1090.07
Portugal,PRT,1996,1090.07
Portugal,PRT,1997,1090.07
Portugal,PRT,1998,1090.07
Portugal,PRT,1999,1090.07
Portugal,PRT,2000,1090.07
Portugal,PRT,2001,1090.07
Portugal,PRT,2002,1090.07
Portugal,PRT,2003,1090.07
Portugal,PRT,2004,699.66
Portugal,PRT,2005,292.15
Portugal,PRT,2006,500
Portugal,PRT,2007,700
Portugal,PRT,2008,900
Portugal,PRT,2009,1500
Portugal,PRT,2010,1600.12
Portugal,PRT,2011,1942.59
Portugal,PRT,2012,3091.16
Portugal,PRT,2013,2756.79
Portugal,PRT,2014,4697.36
Portugal,PRT,2015,12658.59
Portugal,PRT,2016,16972
Portugal,PRT,2017,17880
Portugal,PRT,2018,26930
Portugal,PRT,2019,25420
Portugal,PRT,2020,25276
Portugal,PRT,2021,27950
Portugal,PRT,2022,29300
Portugal,PRT,2023,35660
Romania,ROU,1992,1500
Romania,ROU,1993,1200
Romania,ROU,1994,2300
Romania,ROU,1995,902
Romania,ROU,1996,500
Romania,ROU,1997,389
Romania,ROU,1998,371.04
Romania,ROU,1999,318.32
Romania,ROU,2000,239
Romania,ROU,2001,399
Romania,ROU,2002,120.37
Romania,ROU,2003,217.4
Romania,ROU,2004,382
Romania,ROU,2005,224.3
Romania,ROU,2006,42
Romania,ROU,2007,37
Romania,ROU,2008,17
Romania,ROU,2009,48
Romania,ROU,2010,31
Romania,ROU,2011,47
Romania,ROU,2012,152
Romania,ROU,2013,123
Romania,ROU,2014,86
Romania,ROU,2015,92
Romania,ROU,2016,89
Romania,ROU,2017,120
Romania,ROU,2018,130
Romania,ROU,2019,110
Romania,ROU,2020,130
Romania,ROU,2021,180
Romania,ROU,2022,170
Romania,ROU,2023,430
Russia,RUS,1992,70900
Russia,RUS,1993,81400
Russia,RUS,1994,82800
Russia,RUS,1995,85000
Russia,RUS,1996,90000
Russia,RUS,1997,94000
Russia,RUS,1998,95000
Russia,RUS,1999,120000
Russia,RUS,2000,130000
Russia,RUS,2001,140000
Russia,RUS,2002,165000
Russia,RUS,2003,150000
Russia,RUS,2004,170000
Russia,RUS,2005,175000
Russia,RUS,2006,175000
Russia,RUS,2007,175000
Russia,RUS,2008,137000
Russia,RUS,2009,140000
Russia,RUS,2010,125000
Russia,RUS,2011,140000
Russia,RUS,2012,133000
Russia,RUS,2013,143000
Russia,RUS,2014,144000
Russia,RUS,2015,137800
Russia,RUS,2016,151700
Russia,RUS,2017,133200
Russia,RUS,2018,165800
Russia,RUS,2019,174000
Russia,RUS,2020,182000
Russia,RUS,2021,197600
Russia,RUS,2022,212300
Russia,RUS,2023,219338.33
Serbia,SRB,2006,79680
Serbia,SRB,2007,76991
Serbia,SRB,2008,84299
Serbia,SRB,2009,86961
Serbia,SRB,2010,83870
Serbia,SRB,2011,89602
Serbia,SRB,2012,70320
Serbia,SRB,2013,68458
Serbia,SRB,2014,61715
Serbia,SRB,2015,97165.33
Serbia,SRB,2016,113171.9
Serbia,SRB,2017,109742.22
Serbia,SRB,2018,127010
Serbia,SRB,2019,120058
Serbia,SRB,2020,118674.29
Serbia,SRB,2021,110589
Serbia,SRB,2022,116093
Serbia,SRB,2023,98674
Serbia and Montenegro,SCG,1992,44193
Serbia and Montenegro,SCG,1993,35000
Serbia and Montenegro,SCG,1994,44000
Serbia and Montenegro,SCG,1995,53084
Serbia and Montenegro,SCG,1996,62658
Serbia and Montenegro,SCG,1997,45020
Serbia and Montenegro,SCG,1998,56010
Serbia and Montenegro,SCG,1999,60000
Serbia and Montenegro,SCG,2000,56059
Serbia and Montenegro,SCG,2001,77781
Serbia and Montenegro,SCG,2002,94366
Serbia and Montenegro,SCG,2003,79471
Serbia and Montenegro,SCG,2004,91725
Serbia and Montenegro,SCG,2005,84331
Slovakia,SVK,1993,239.78
Slovakia,SVK,1994,187.28
Slovakia,SVK,1995,100
Slovakia,SVK,1996,200
Slovakia,SVK,1997,208.61
Slovakia,SVK,1998,210.58
Slovakia,SVK,1999,201.16
Slovakia,SVK,2000,200
Slovakia,SVK,2001,180
Slovakia,SVK,2002,173.48
Slovakia,SVK,2003,172.98
Slovakia,SVK,2004,190
Slovakia,SVK,2005,180
Slovakia,SVK,2006,160
Slovakia,SVK,2007,19
Slovakia,SVK,2008,14
Slovakia,SVK,2009,6
Slovakia,SVK,2010,2
Slovakia,SVK,2011,4
Slovakia,SVK,2012,5
Slovakia,SVK,2013,6
Slovakia,SVK,2014,21
Slovakia,SVK,2015,22
Slovakia,SVK,2016,19
Slovakia,SVK,2017,17
Slovakia,SVK,2018,20
Slovakia,SVK,2019,10
Slovakia,SVK,2020,10
Slovakia,SVK,2021,10
Slovakia,SVK,2022,30
Slovakia,SVK,2023,40
Slovenia,SVN,1992,284
Slovenia,SVN,1993,227
Slovenia,SVN,1994,291
Slovenia,SVN,1995,100
Slovenia,SVN,1996,80
Slovenia,SVN,1997,67
Slovenia,SVN,1998,80
Slovenia,SVN,1999,120
Slovenia,SVN,2000,180
Slovenia,SVN,2001,120
Slovenia,SVN,2002,0
Slovenia,SVN,2003,0
Slovenia,SVN,2004,0
Slovenia,SVN,2005,0
Slovenia,SVN,2006,0
Slovenia,SVN,2007,0
Slovenia,SVN,2008,0
Slovenia,SVN,2009,0
Slovenia,SVN,2010,1.01
Slovenia,SVN,2011,1.84
Slovenia,SVN,2012,1.84
Slovenia,SVN,2014,0.46
Slovenia,SVN,2015,0.5
Slovenia,SVN,2016,0.52
Slovenia,SVN,2017,0.5
Slovenia,SVN,2018,250
Slovenia,SVN,2019,230
Slovenia,SVN,2020,200
Slovenia,SVN,2021,180
Slovenia,SVN,2022,160
Slovenia,SVN,2023,140
Spain,ESP,1961,0
Spain,ESP,1962,0
Spain,ESP,1963,0
Spain,ESP,1964,0
Spain,ESP,1965,0
Spain,ESP,1966,0
Spain,ESP,1967,0
Spain,ESP,1968,0
Spain,ESP,1969,0
Spain,ESP,1970,0
Spain,ESP,1971,0
Spain,ESP,1972,0
Spain,ESP,1973,0
Spain,ESP,1974,0
Spain,ESP,1975,0
Spain,ESP,1976,0
Spain,ESP,1977,0
Spain,ESP,1978,0
Spain,ESP,1979,0
Spain,ESP,1980,0
Spain,ESP,1981,0
Spain,ESP,1982,0
Spain,ESP,1983,0
Spain,ESP,1984,1000
Spain,ESP,1985,1000
Spain,ESP,1986,1000
Spain,ESP,1987,1000
Spain,ESP,1988,1000
Spain,ESP,1989,1000
Spain,ESP,1990,1076
Spain,ESP,1991,2560.68
Spain,ESP,1992,2560.68
Spain,ESP,1993,2560.68
Spain,ESP,1994,2560.68
Spain,ESP,1995,2560.68
Spain,ESP,1996,2241.39
Spain,ESP,1997,1196.83
Spain,ESP,1998,1200
Spain,ESP,1999,2000
Spain,ESP,2000,2500
Spain,ESP,2001,3200
Spain,ESP,2002,4500
Spain,ESP,2003,5017.04
Spain,ESP,2004,6000
Spain,ESP,2005,7000
Spain,ESP,2006,7500
Spain,ESP,2007,10000
Spain,ESP,2008,12000
Spain,ESP,2009,12000
Spain,ESP,2010,9226
Spain,ESP,2011,9552
Spain,ESP,2012,12931
Spain,ESP,2013,11700
Spain,ESP,2014,14307
Spain,ESP,2015,16724
Spain,ESP,2016,21983
Spain,ESP,2017,43529
Spain,ESP,2018,43710
Spain,ESP,2019,59990
Spain,ESP,2020,49640
Spain,ESP,2021,48830
Spain,ESP,2022,45420
Spain,ESP,2023,33070
Sweden,SWE,1989,100
Sweden,SWE,1990,92
Sweden,SWE,1991,67.11
Sweden,SWE,1992,86.23
Sweden,SWE,1993,100
Sweden,SWE,1994,100
Sweden,SWE,1995,100
Sweden,SWE,1996,100
Sweden,SWE,1997,100
Sweden,SWE,1998,100
Sweden,SWE,1999,118
Sweden,SWE,2000,100
Sweden,SWE,2001,100
Sweden,SWE,2002,191
Sweden,SWE,2003,191
Sweden,SWE,2004,190
Sweden,SWE,2005,230.92
Sweden,SWE,2006,266.1
Sweden,SWE,2007,300
Sweden,SWE,2008,400
Sweden,SWE,2009,430
Sweden,SWE,2010,450
Sweden,SWE,2011,465
Sweden,SWE,2012,520
Sweden,SWE,2013,540
Sweden,SWE,2014,550
Sweden,SWE,2015,600
Sweden,SWE,2016,630
Sweden,SWE,2017,430
Sweden,SWE,2018,480
Sweden,SWE,2019,480
Sweden,SWE,2020,380
Sweden,SWE,2021,450
Sweden,SWE,2022,440
Sweden,SWE,2023,530
Switzerland,CHE,1985,778
Switzerland,CHE,1986,775
Switzerland,CHE,1987,770
Switzerland,CHE,1988,765
Switzerland,CHE,1989,765
Switzerland,CHE,1990,761
Switzerland,CHE,1991,1005
Switzerland,CHE,1992,1323
Switzerland,CHE,1993,1261
Switzerland,CHE,1994,1118
Switzerland,CHE,1995,1094
Switzerland,CHE,1996,1256
Switzerland,CHE,1997,1341
Switzerland,CHE,1998,1405
Switzerland,CHE,1999,1317
Switzerland,CHE,2000,1501
Switzerland,CHE,2001,1832
Switzerland,CHE,2002,1638
Switzerland,CHE,2003,1502
Switzerland,CHE,2004,2056
Switzerland,CHE,2005,1736
Switzerland,CHE,2006,1954
Switzerland,CHE,2007,1968
Switzerland,CHE,2008,1942
Switzerland,CHE,2009,2213
Switzerland,CHE,2010,1966
Switzerland,CHE,2011,2158
Switzerland,CHE,2012,2259
Switzerland,CHE,2013,2582
Switzerland,CHE,2014,2920
Switzerland,CHE,2015,2805
Switzerland,CHE,2016,3051
Switzerland,CHE,2017,3572
Switzerland,CHE,2018,3808
Switzerland,CHE,2019,3997
Switzerland,CHE,2020,4670
Switzerland,CHE,2021,4291
Switzerland,CHE,2022,4533
Switzerland,CHE,2023,3636.8
USSR,SUN,1961,36000
USSR,SUN,1962,39000
USSR,SUN,1963,50000
USSR,SUN,1964,55000
USSR,SUN,1965,56000
USSR,SUN,1966,45000
USSR,SUN,1967,50000
USSR,SUN,1968,44000
USSR,SUN,1969,44000
USSR,SUN,1970,82000
USSR,SUN,1971,70000
USSR,SUN,1972,73000
USSR,SUN,1973,107000
USSR,SUN,1974,73000
USSR,SUN,1975,103000
USSR,SUN,1976,94000
USSR,SUN,1977,90000
USSR,SUN,1978,88000
USSR,SUN,1979,93000
USSR,SUN,1980,90000
USSR,SUN,1981,114000
USSR,SUN,1982,90000
USSR,SUN,1983,100000
USSR,SUN,1984,110000
USSR,SUN,1985,117000
USSR,SUN,1986,125000
USSR,SUN,1987,138000
USSR,SUN,1988,142000
USSR,SUN,1989,145000
USSR,SUN,1990,80000
USSR,SUN,1991,65000
Ukraine,UKR,1992,9595
Ukraine,UKR,1993,11388
Ukraine,UKR,1994,7038
Ukraine,UKR,1995,8053
Ukraine,UKR,1996,8314
Ukraine,UKR,1997,6986
Ukraine,UKR,1998,18652
Ukraine,UKR,1999,13786
Ukraine,UKR,2000,19723
Ukraine,UKR,2001,19137
Ukraine,UKR,2002,18100
Ukraine,UKR,2003,19700
Ukraine,UKR,2004,25300
Ukraine,UKR,2005,20500
Ukraine,UKR,2006,25610
Ukraine,UKR,2007,22650
Ukraine,UKR,2008,24200
Ukraine,UKR,2009,24700
Ukraine,UKR,2010,25700
Ukraine,UKR,2011,28100
Ukraine,UKR,2012,30300
Ukraine,UKR,2013,29510
Ukraine,UKR,2014,30800
Ukraine,UKR,2015,30360
Ukraine,UKR,2016,31920
Ukraine,UKR,2017,34160
Ukraine,UKR,2018,35150
Ukraine,UKR,2019,35540
Ukraine,UKR,2020,35310
Ukraine,UKR,2021,36290
Ukraine,UKR,2022,33570
Ukraine,UKR,2023,33540
United Kingdom,GBR,1961,14021
United Kingdom,GBR,1962,15545
United Kingdom,GBR,1963,15748
United Kingdom,GBR,1964,17984
United Kingdom,GBR,1965,15546
United Kingdom,GBR,1966,15952
United Kingdom,GBR,1967,13717
United Kingdom,GBR,1968,18899
United Kingdom,GBR,1969,22250
United Kingdom,GBR,1970,18797
United Kingdom,GBR,1971,15139
United Kingdom,GBR,1972,17578
United Kingdom,GBR,1973,15647
United Kingdom,GBR,1974,23800
United Kingdom,GBR,1975,19100
United Kingdom,GBR,1976,15800
United Kingdom,GBR,1977,18200
United Kingdom,GBR,1978,21700
United Kingdom,GBR,1979,20400
United Kingdom,GBR,1980,22300
United Kingdom,GBR,1981,21700
United Kingdom,GBR,1982,24100
United Kingdom,GBR,1983,21800
United Kingdom,GBR,1984,24400
United Kingdom,GBR,1985,22607
United Kingdom,GBR,1986,23450
United Kingdom,GBR,1987,24033
United Kingdom,GBR,1988,23948
United Kingdom,GBR,1989,22903
United Kingdom,GBR,1990,19180
United Kingdom,GBR,1991,19549
United Kingdom,GBR,1992,19100
United Kingdom,GBR,1993,18700
United Kingdom,GBR,1994,17400
United Kingdom,GBR,1995,10500
United Kingdom,GBR,1996,12200
United Kingdom,GBR,1997,9500
United Kingdom,GBR,1998,12800
United Kingdom,GBR,1999,11000
United Kingdom,GBR,2000,9800
United Kingdom,GBR,2001,7700
United Kingdom,GBR,2002,7300
United Kingdom,GBR,2003,8500
United Kingdom,GBR,2004,10000
United Kingdom,GBR,2005,12200
United Kingdom,GBR,2006,12220
United Kingdom,GBR,2007,14800
United Kingdom,GBR,2008,15500
United Kingdom,GBR,2009,15300
United Kingdom,GBR,2010,17000
United Kingdom,GBR,2011,15546
United Kingdom,GBR,2012,15578
United Kingdom,GBR,2013,14569
United Kingdom,GBR,2014,17765
United Kingdom,GBR,2015,17242
United Kingdom,GBR,2016,14908
United Kingdom,GBR,2017,16490
United Kingdom,GBR,2018,15799
United Kingdom,GBR,2019,17332
United Kingdom,GBR,2020,14980
United Kingdom,GBR,2021,15694
United Kingdom,GBR,2022,16342.99
United Kingdom,GBR,2023,15952.53
United States,USA,1961,12836
United States,USA,1962,13657
United States,USA,1963,16748
United States,USA,1964,16030
United States,USA,1965,17083
United States,USA,1966,19520
United States,USA,1967,18086
United States,USA,1968,13608
United States,USA,1969,17877
United States,USA,1970,13457
United States,USA,1971,12837
United States,USA,1972,11230
United States,USA,1973,11980
United States,USA,1974,12356
United States,USA,1975,13190
United States,USA,1976,11763
United States,USA,1977,12687
United States,USA,1978,11402
United States,USA,1979,11660
United States,USA,1980,12000
United States,USA,1981,13400
United States,USA,1982,15456
United States,USA,1983,15608
United States,USA,1984,15075
United States,USA,1985,14285
United States,USA,1986,13140
United States,USA,1987,22226
United States,USA,1988,21797
United States,USA,1989,25710
United States,USA,1990,23650
United States,USA,1991,23000
United States,USA,1992,41794
United States,USA,1993,40206
United States,USA,1994,42429
United States,USA,1995,40374
United States,USA,1996,32772
United States,USA,1997,45541
United States,USA,1998,42728
United States,USA,1999,49011
United States,USA,2000,48965
United States,USA,2001,51964
United States,USA,2002,51637
United States,USA,2003,62051
United States,USA,2004,71885
United States,USA,2005,82798
United States,USA,2006,74843
United States,USA,2007,64659
United States,USA,2008,67843
United States,USA,2009,89689
United States,USA,2010,67531
United States,USA,2011,85516
United States,USA,2012,76498
United States,USA,2013,83280
United States,USA,2014,103510
United States,USA,2015,119295
United States,USA,2016,117177
United States,USA,2017,102840
United States,USA,2018,99250
United States,USA,2019,97250.23
United States,USA,2020,100700
United States,USA,2021,74250
United States,USA,2022,73070
United States,USA,2023,62640
Uzbekistan,UZB,2020,1000
Uzbekistan,UZB,2021,224
Uzbekistan,UZB,2022,114.56
Uzbekistan,UZB,2023,18.8
Yugoslavia,YUG,1961,5990
Yugoslavia,YUG,1962,6930
Yugoslavia,YUG,1963,5340
Yugoslavia,YUG,1964,9480
Yugoslavia,YUG,1965,11000
Yugoslavia,YUG,1966,18000
Yugoslavia,YUG,1967,17000
Yugoslavia,YUG,1968,17400
Yugoslavia,YUG,1969,16232
Yugoslavia,YUG,1970,11593
Yugoslavia,YUG,1971,18000
Yugoslavia,YUG,1972,15804
Yugoslavia,YUG,1973,16669
Yugoslavia,YUG,1974,12053
Yugoslavia,YUG,1975,16010
Yugoslavia,YUG,1976,14823
Yugoslavia,YUG,1977,12700
Yugoslavia,YUG,1978,13173
Yugoslavia,YUG,1979,13200
Yugoslavia,YUG,1980,18300
Yugoslavia,YUG,1981,17800
Yugoslavia,YUG,1982,22800
Yugoslavia,YUG,1983,24449
Yugoslavia,YUG,1984,24778
Yugoslavia,YUG,1985,28311
Yugoslavia,YUG,1986,27666
Yugoslavia,YUG,1987,36000
Yugoslavia,YUG,1988,53072
Yugoslavia,YUG,1989,61140
Yugoslavia,YUG,1990,61181
Yugoslavia,YUG,1991,46000
Zimbabwe,ZWE,1991,100
Zimbabwe,ZWE,1992,90.48
Zimbabwe,ZWE,1993,90.49
Zimbabwe,ZWE,1994,90.5
Zimbabwe,ZWE,1995,80
Zimbabwe,ZWE,1996,100
Zimbabwe,ZWE,1997,91.1
Zimbabwe,ZWE,1998,80
Zimbabwe,ZWE,1999,100
Zimbabwe,ZWE,2000,80
Zimbabwe,ZWE,2001,90.64
Zimbabwe,ZWE,2002,90.97
Zimbabwe,ZWE,2003,91.24
Zimbabwe,ZWE,2004,91.33
Zimbabwe,ZWE,2005,92.01
Zimbabwe,ZWE,2006,92.34
Zimbabwe,ZWE,2007,93.37
Zimbabwe,ZWE,2008,93.88
Zimbabwe,ZWE,2009,94.43
Zimbabwe,ZWE,2010,94.9
Zimbabwe,ZWE,2011,95.27
Zimbabwe,ZWE,2012,100
Zimbabwe,ZWE,2013,100
Zimbabwe,ZWE,2014,97.66
Zimbabwe,ZWE,2015,96.44
Zimbabwe,ZWE,2016,97.05
Zimbabwe,ZWE,2017,97.2
Zimbabwe,ZWE,2018,97.29
Zimbabwe,ZWE,2019,97.5
Zimbabwe,ZWE,2020,97.69
Zimbabwe,ZWE,2021,97.83
Zimbabwe,ZWE,2022,98.06
Zimbabwe,ZWE,2023,98.29
