Entity,Code,Year,Dates | 00000577 || Production | 005510 || tonnes
Albania,ALB,2004,5800
Albania,ALB,2005,6590
Albania,ALB,2006,7900
Albania,ALB,2007,8000
Albania,ALB,2008,9000
Albania,ALB,2009,9500
Albania,ALB,2010,10921
Albania,ALB,2011,11586
Albania,ALB,2012,12120
Albania,ALB,2013,12250
Albania,ALB,2014,12180
Albania,ALB,2015,13598.54
Albania,ALB,2016,14106
Albania,ALB,2017,12977.67
Albania,ALB,2018,13423
Albania,ALB,2019,14035
Albania,ALB,2020,14571
Albania,ALB,2021,14454.5
Albania,ALB,2022,14868
Albania,ALB,2023,14916
Algeria,DZA,1961,95000
Algeria,DZA,1962,100000
Algeria,DZA,1963,130000
Algeria,DZA,1964,177167
Algeria,DZA,1965,109824
Algeria,DZA,1966,115112
Algeria,DZA,1967,155689
Algeria,DZA,1968,147680
Algeria,DZA,1969,161425
Algeria,DZA,1970,79265
Algeria,DZA,1971,143986
Algeria,DZA,1972,160075
Algeria,DZA,1973,143798
Algeria,DZA,1974,167566
Algeria,DZA,1975,181549
Algeria,DZA,1976,137029
Algeria,DZA,1977,117572
Algeria,DZA,1978,196118
Algeria,DZA,1979,208031
Algeria,DZA,1980,200756
Algeria,DZA,1981,195306
Algeria,DZA,1982,206500
Algeria,DZA,1983,181539
Algeria,DZA,1984,182700
Algeria,DZA,1985,198800
Algeria,DZA,1986,188800
Algeria,DZA,1987,224400
Algeria,DZA,1988,196060
Algeria,DZA,1989,210137
Algeria,DZA,1990,205907
Algeria,DZA,1991,209092
Algeria,DZA,1992,260515
Algeria,DZA,1993,261612
Algeria,DZA,1994,317184
Algeria,DZA,1995,285155
Algeria,DZA,1996,360637
Algeria,DZA,1997,302993
Algeria,DZA,1998,387313
Algeria,DZA,1999,427583
Algeria,DZA,2000,365616
Algeria,DZA,2001,437332
Algeria,DZA,2002,418427
Algeria,DZA,2003,492217
Algeria,DZA,2004,442600
Algeria,DZA,2005,516293
Algeria,DZA,2006,492188
Algeria,DZA,2007,526921
Algeria,DZA,2008,552765
Algeria,DZA,2009,600696
Algeria,DZA,2010,644741
Algeria,DZA,2011,724894
Algeria,DZA,2012,789357
Algeria,DZA,2013,848199
Algeria,DZA,2014,934377.2
Algeria,DZA,2015,990377
Algeria,DZA,2016,1029595.7
Algeria,DZA,2017,1058558.8
Algeria,DZA,2018,1094700
Algeria,DZA,2019,1136025
Algeria,DZA,2020,1151909.2
Algeria,DZA,2021,1188803
Algeria,DZA,2022,1244466.9
Algeria,DZA,2023,1324767
Bahrain,BHR,1961,15000
Bahrain,BHR,1962,15000
Bahrain,BHR,1963,15000
Bahrain,BHR,1964,15000
Bahrain,BHR,1965,15000
Bahrain,BHR,1966,15000
Bahrain,BHR,1967,15000
Bahrain,BHR,1968,15000
Bahrain,BHR,1969,15000
Bahrain,BHR,1970,15000
Bahrain,BHR,1971,15000
Bahrain,BHR,1972,15000
Bahrain,BHR,1973,15000
Bahrain,BHR,1974,15700
Bahrain,BHR,1975,22000
Bahrain,BHR,1976,30000
Bahrain,BHR,1977,38242
Bahrain,BHR,1978,38000
Bahrain,BHR,1979,38000
Bahrain,BHR,1980,38000
Bahrain,BHR,1981,15580
Bahrain,BHR,1982,11100
Bahrain,BHR,1983,11000
Bahrain,BHR,1984,11000
Bahrain,BHR,1985,13000
Bahrain,BHR,1986,13000
Bahrain,BHR,1987,15000
Bahrain,BHR,1988,15000
Bahrain,BHR,1989,15000
Bahrain,BHR,1990,5712
Bahrain,BHR,1991,6800
Bahrain,BHR,1992,8000
Bahrain,BHR,1993,9500
Bahrain,BHR,1994,12000
Bahrain,BHR,1995,16371
Bahrain,BHR,1996,16508
Bahrain,BHR,1997,16508
Bahrain,BHR,1998,20000
Bahrain,BHR,1999,16774
Bahrain,BHR,2000,16508
Bahrain,BHR,2001,16508
Bahrain,BHR,2002,14500
Bahrain,BHR,2003,14000
Bahrain,BHR,2004,14000
Bahrain,BHR,2005,12000
Bahrain,BHR,2006,13970
Bahrain,BHR,2007,13293
Bahrain,BHR,2008,13180
Bahrain,BHR,2009,12887
Bahrain,BHR,2010,12561.56
Bahrain,BHR,2011,12215.65
Bahrain,BHR,2012,11869.34
Bahrain,BHR,2013,11595.49
Bahrain,BHR,2014,13472.76
Bahrain,BHR,2015,14646.06
Bahrain,BHR,2016,17112.69
Bahrain,BHR,2017,12750
Bahrain,BHR,2018,12900
Bahrain,BHR,2019,13500
Bahrain,BHR,2020,13800
Bahrain,BHR,2021,13800
Bahrain,BHR,2022,14000
Bahrain,BHR,2023,14000
Benin,BEN,1961,500
Benin,BEN,1962,500
Benin,BEN,1963,500
Benin,BEN,1964,550
Benin,BEN,1965,550
Benin,BEN,1966,600
Benin,BEN,1967,700
Benin,BEN,1968,700
Benin,BEN,1969,800
Benin,BEN,1970,800
Benin,BEN,1971,800
Benin,BEN,1972,800
Benin,BEN,1973,1000
Benin,BEN,1974,800
Benin,BEN,1975,800
Benin,BEN,1976,800
Benin,BEN,1977,800
Benin,BEN,1978,800
Benin,BEN,1979,800
Benin,BEN,1980,800
Benin,BEN,1981,800
Benin,BEN,1982,800
Benin,BEN,1983,850
Benin,BEN,1984,900
Benin,BEN,1985,850
Benin,BEN,1986,1000
Benin,BEN,1987,1000
Benin,BEN,1988,1000
Benin,BEN,1989,1000
Benin,BEN,1990,970
Benin,BEN,1991,784.21
Benin,BEN,1992,808.08
Benin,BEN,1993,831.96
Benin,BEN,1994,855.84
Benin,BEN,1995,879.71
Benin,BEN,1996,903.59
Benin,BEN,1997,927.47
Benin,BEN,1998,951.34
Benin,BEN,1999,975.22
Benin,BEN,2000,999.1
Benin,BEN,2001,1029
Benin,BEN,2002,1052.65
Benin,BEN,2003,1100
Benin,BEN,2004,1099.72
Benin,BEN,2005,1150
Benin,BEN,2006,1100
Benin,BEN,2007,1150
Benin,BEN,2008,1200
Benin,BEN,2009,1216.13
Benin,BEN,2010,1238.81
Benin,BEN,2011,1262.71
Benin,BEN,2012,1300
Benin,BEN,2013,1310.88
Benin,BEN,2014,1336.31
Benin,BEN,2015,1364.1
Benin,BEN,2016,1387.95
Benin,BEN,2017,1412.49
Benin,BEN,2018,1437.46
Benin,BEN,2019,1461.93
Benin,BEN,2020,1437.29
Benin,BEN,2021,1445.56
Benin,BEN,2022,1448.26
Benin,BEN,2023,1443.7
Cameroon,CMR,1961,0
Cameroon,CMR,1962,0
Cameroon,CMR,1963,0
Cameroon,CMR,1964,0
Cameroon,CMR,1965,0
Cameroon,CMR,1966,0
Cameroon,CMR,1967,0
Cameroon,CMR,1968,0
Cameroon,CMR,1969,0
Cameroon,CMR,1970,0
Cameroon,CMR,1971,0
Cameroon,CMR,1972,0
Cameroon,CMR,1973,0
Cameroon,CMR,1974,0
Cameroon,CMR,1975,0
Cameroon,CMR,1976,0
Cameroon,CMR,1977,0
Cameroon,CMR,1978,150
Cameroon,CMR,1979,30
Cameroon,CMR,1980,30
Cameroon,CMR,1981,150
Cameroon,CMR,1982,280
Cameroon,CMR,1983,100
Cameroon,CMR,1984,100
Cameroon,CMR,1985,100
Cameroon,CMR,1986,100
Cameroon,CMR,1987,110
Cameroon,CMR,1988,110
Cameroon,CMR,1989,120
Cameroon,CMR,1990,108
Cameroon,CMR,1991,150
Cameroon,CMR,1992,200
Cameroon,CMR,1993,250
Cameroon,CMR,1994,238.05
Cameroon,CMR,1995,252.14
Cameroon,CMR,1996,270
Cameroon,CMR,1997,290
Cameroon,CMR,1998,300
Cameroon,CMR,1999,320
Cameroon,CMR,2000,340
Cameroon,CMR,2001,360
Cameroon,CMR,2002,380
Cameroon,CMR,2003,380.54
Cameroon,CMR,2004,390
Cameroon,CMR,2005,409.85
Cameroon,CMR,2006,400
Cameroon,CMR,2007,432.18
Cameroon,CMR,2008,461.74
Cameroon,CMR,2009,474.02
Cameroon,CMR,2010,450
Cameroon,CMR,2011,513.17
Cameroon,CMR,2012,600
Cameroon,CMR,2013,561.37
Cameroon,CMR,2014,569.38
Cameroon,CMR,2015,595.77
Cameroon,CMR,2016,575.51
Cameroon,CMR,2017,592.87
Cameroon,CMR,2018,588.05
Cameroon,CMR,2019,585.48
Cameroon,CMR,2020,588.8
Cameroon,CMR,2021,587.44
Cameroon,CMR,2022,587.24
Cameroon,CMR,2023,587.83
Chad,TCD,1961,25000
Chad,TCD,1962,25000
Chad,TCD,1963,20000
Chad,TCD,1964,18000
Chad,TCD,1965,18000
Chad,TCD,1966,20000
Chad,TCD,1967,20000
Chad,TCD,1968,22000
Chad,TCD,1969,22000
Chad,TCD,1970,22000
Chad,TCD,1971,22000
Chad,TCD,1972,23000
Chad,TCD,1973,25000
Chad,TCD,1974,25000
Chad,TCD,1975,25000
Chad,TCD,1976,25000
Chad,TCD,1977,25000
Chad,TCD,1978,25000
Chad,TCD,1979,25000
Chad,TCD,1980,25000
Chad,TCD,1981,25000
Chad,TCD,1982,25000
Chad,TCD,1983,25000
Chad,TCD,1984,25000
Chad,TCD,1985,25000
Chad,TCD,1986,25000
Chad,TCD,1987,25000
Chad,TCD,1988,25000
Chad,TCD,1989,25000
Chad,TCD,1990,24747
Chad,TCD,1991,17785.08
Chad,TCD,1992,17961.45
Chad,TCD,1993,18000
Chad,TCD,1994,18000
Chad,TCD,1995,18028.66
Chad,TCD,1996,18049.96
Chad,TCD,1997,18071.01
Chad,TCD,1998,18092.06
Chad,TCD,1999,18113.32
Chad,TCD,2000,18134.97
Chad,TCD,2001,18156.87
Chad,TCD,2002,18178.59
Chad,TCD,2003,17305.57
Chad,TCD,2004,17534.18
Chad,TCD,2005,17793.59
Chad,TCD,2006,18055.27
Chad,TCD,2007,18300
Chad,TCD,2008,18600.48
Chad,TCD,2009,18898.49
Chad,TCD,2010,19017.27
Chad,TCD,2011,19500
Chad,TCD,2012,20000
Chad,TCD,2013,20000
Chad,TCD,2014,20129.48
Chad,TCD,2015,20506.6
Chad,TCD,2016,20751.98
Chad,TCD,2017,20976.8
Chad,TCD,2018,21201.02
Chad,TCD,2019,21404.38
Chad,TCD,2020,21738.79
Chad,TCD,2021,22010.79
Chad,TCD,2022,21717.98
Chad,TCD,2023,21822.52
China,CHN,1961,4000
China,CHN,1962,4000
China,CHN,1963,4200
China,CHN,1964,4500
China,CHN,1965,4800
China,CHN,1966,5000
China,CHN,1967,5000
China,CHN,1968,5000
China,CHN,1969,5000
China,CHN,1970,5000
China,CHN,1971,5200
China,CHN,1972,5450
China,CHN,1973,5500
China,CHN,1974,5500
China,CHN,1975,5500
China,CHN,1976,5800
China,CHN,1977,5600
China,CHN,1978,5800
China,CHN,1979,6000
China,CHN,1980,6700
China,CHN,1981,6800
China,CHN,1982,7000
China,CHN,1983,8000
China,CHN,1984,10000
China,CHN,1985,15000
China,CHN,1986,18000
China,CHN,1987,20000
China,CHN,1988,22000
China,CHN,1989,18000
China,CHN,1990,15000
China,CHN,1991,33000
China,CHN,1992,45000
China,CHN,1993,50000
China,CHN,1994,60000
China,CHN,1995,65000
China,CHN,1996,68000
China,CHN,1997,38000
China,CHN,1998,89000
China,CHN,1999,115000
China,CHN,2000,125000
China,CHN,2001,117000
China,CHN,2002,130000
China,CHN,2003,120000
China,CHN,2004,130000
China,CHN,2005,150000
China,CHN,2006,125000
China,CHN,2007,130000
China,CHN,2008,135000
China,CHN,2009,140000
China,CHN,2010,145298.81
China,CHN,2011,148602.16
China,CHN,2012,148902.4
China,CHN,2013,151530.17
China,CHN,2014,154731.12
China,CHN,2015,163621.62
China,CHN,2016,156627.64
China,CHN,2017,159412.6
China,CHN,2018,164356.48
China,CHN,2019,160132.23
China,CHN,2020,161300.44
China,CHN,2021,161929.72
China,CHN,2022,161120.8
China,CHN,2023,161450.31
Colombia,COL,1999,3
Colombia,COL,2000,24
Colombia,COL,2001,60
Colombia,COL,2002,12
Colombia,COL,2003,30
Colombia,COL,2004,24
Colombia,COL,2005,28
Colombia,COL,2006,26
Colombia,COL,2007,20
Colombia,COL,2008,20
Colombia,COL,2009,16
Colombia,COL,2010,30
Colombia,COL,2011,30
Colombia,COL,2012,12
Colombia,COL,2013,12
Colombia,COL,2014,21
Colombia,COL,2015,57
Colombia,COL,2016,57
Colombia,COL,2017,55
Colombia,COL,2018,12
Colombia,COL,2019,16
Colombia,COL,2020,42
Colombia,COL,2021,55
Colombia,COL,2022,56
Colombia,COL,2023,42.25
Djibouti,DJI,1990,50
Djibouti,DJI,1991,53.57
Djibouti,DJI,1992,55
Djibouti,DJI,1993,58.16
Djibouti,DJI,1994,60
Djibouti,DJI,1995,65
Djibouti,DJI,1996,66.31
Djibouti,DJI,1997,68.33
Djibouti,DJI,1998,70.15
Djibouti,DJI,1999,70
Djibouti,DJI,2000,72
Djibouti,DJI,2001,80
Djibouti,DJI,2002,80
Djibouti,DJI,2003,124
Djibouti,DJI,2004,105
Djibouti,DJI,2005,113
Djibouti,DJI,2006,115
Djibouti,DJI,2007,80
Djibouti,DJI,2008,91.92
Djibouti,DJI,2009,105.55
Djibouti,DJI,2010,104.03
Djibouti,DJI,2011,105.9
Djibouti,DJI,2012,107.76
Djibouti,DJI,2013,109.62
Djibouti,DJI,2014,112.68
Djibouti,DJI,2015,114.77
Djibouti,DJI,2016,118.3
Djibouti,DJI,2017,121.59
Djibouti,DJI,2018,126.71
Djibouti,DJI,2019,128.35
Djibouti,DJI,2020,127.96
Djibouti,DJI,2021,127.31
Djibouti,DJI,2022,130.43
Djibouti,DJI,2023,136.14
Egypt,EGY,1961,479000
Egypt,EGY,1962,401000
Egypt,EGY,1963,440253
Egypt,EGY,1964,327259
Egypt,EGY,1965,385717
Egypt,EGY,1966,317183
Egypt,EGY,1967,318910
Egypt,EGY,1968,309000
Egypt,EGY,1969,401000
Egypt,EGY,1970,339000
Egypt,EGY,1971,341000
Egypt,EGY,1972,397000
Egypt,EGY,1973,381000
Egypt,EGY,1974,396200
Egypt,EGY,1975,415100
Egypt,EGY,1976,416977
Egypt,EGY,1977,461075
Egypt,EGY,1978,377000
Egypt,EGY,1979,406000
Egypt,EGY,1980,446000
Egypt,EGY,1981,390727
Egypt,EGY,1982,439539
Egypt,EGY,1983,470000
Egypt,EGY,1984,474000
Egypt,EGY,1985,509000
Egypt,EGY,1986,491000
Egypt,EGY,1987,542000
Egypt,EGY,1988,494000
Egypt,EGY,1989,571568
Egypt,EGY,1990,541963
Egypt,EGY,1991,603490
Egypt,EGY,1992,603652
Egypt,EGY,1993,631290
Egypt,EGY,1994,646039
Egypt,EGY,1995,677934
Egypt,EGY,1996,738147
Egypt,EGY,1997,740838
Egypt,EGY,1998,839805
Egypt,EGY,1999,905953
Egypt,EGY,2000,1006710
Egypt,EGY,2001,1113270
Egypt,EGY,2002,1090004
Egypt,EGY,2003,1121890
Egypt,EGY,2004,1166182
Egypt,EGY,2005,1159690
Egypt,EGY,2006,1328720
Egypt,EGY,2007,1313696
Egypt,EGY,2008,1326133
Egypt,EGY,2009,1270478
Egypt,EGY,2010,1352954
Egypt,EGY,2011,1373570
Egypt,EGY,2012,1400072
Egypt,EGY,2013,1328468
Egypt,EGY,2014,1465030
Egypt,EGY,2015,1684917
Egypt,EGY,2016,1549260
Egypt,EGY,2017,1542111
Egypt,EGY,2018,1563687
Egypt,EGY,2019,1644210
Egypt,EGY,2020,1711200
Egypt,EGY,2021,1713610
Egypt,EGY,2022,1847629
Egypt,EGY,2023,1867064.5
Eswatini,SWZ,1999,200
Eswatini,SWZ,2000,320.49
Eswatini,SWZ,2001,700
Eswatini,SWZ,2002,200
Eswatini,SWZ,2003,312.36
Eswatini,SWZ,2004,312.12
Eswatini,SWZ,2005,211.76
Eswatini,SWZ,2006,280
Eswatini,SWZ,2007,290.18
Eswatini,SWZ,2008,304.43
Eswatini,SWZ,2009,304.65
Eswatini,SWZ,2010,300
Eswatini,SWZ,2011,320
Eswatini,SWZ,2012,330
Eswatini,SWZ,2013,311.77
Eswatini,SWZ,2014,309.1
Eswatini,SWZ,2015,311.84
Eswatini,SWZ,2016,309.82
Eswatini,SWZ,2017,309.46
Eswatini,SWZ,2018,309.48
Eswatini,SWZ,2019,309.46
Eswatini,SWZ,2020,310.92
Eswatini,SWZ,2021,309.87
Eswatini,SWZ,2022,309.73
Eswatini,SWZ,2023,309.59
Iran,IRN,1961,300000
Iran,IRN,1962,310000
Iran,IRN,1963,328000
Iran,IRN,1964,285000
Iran,IRN,1965,300000
Iran,IRN,1966,290000
Iran,IRN,1967,281000
Iran,IRN,1968,280000
Iran,IRN,1969,290000
Iran,IRN,1970,310000
Iran,IRN,1971,280000
Iran,IRN,1972,300000
Iran,IRN,1973,285000
Iran,IRN,1974,310000
Iran,IRN,1975,290000
Iran,IRN,1976,300000
Iran,IRN,1977,300000
Iran,IRN,1978,290000
Iran,IRN,1979,300000
Iran,IRN,1980,250000
Iran,IRN,1981,231523
Iran,IRN,1982,386221
Iran,IRN,1983,458991
Iran,IRN,1984,467250
Iran,IRN,1985,396935
Iran,IRN,1986,455566
Iran,IRN,1987,524018
Iran,IRN,1988,558877
Iran,IRN,1989,538520
Iran,IRN,1990,516295
Iran,IRN,1991,633837
Iran,IRN,1992,578203
Iran,IRN,1993,715662
Iran,IRN,1994,774026
Iran,IRN,1995,780010
Iran,IRN,1996,855494
Iran,IRN,1997,876531
Iran,IRN,1998,918131
Iran,IRN,1999,906196.6
Iran,IRN,2000,803887
Iran,IRN,2001,783047.8
Iran,IRN,2002,878610.1
Iran,IRN,2003,964682.8
Iran,IRN,2004,989624.7
Iran,IRN,2005,996770
Iran,IRN,2006,1042337.1
Iran,IRN,2007,1053865.9
Iran,IRN,2008,961532.1
Iran,IRN,2009,983806.8
Iran,IRN,2010,1006665.1
Iran,IRN,2011,1029940
Iran,IRN,2012,1069654.8
Iran,IRN,2013,1014005.5
Iran,IRN,2014,1032804
Iran,IRN,2015,1032804
Iran,IRN,2016,1185165
Iran,IRN,2017,1202200
Iran,IRN,2018,1356683.6
Iran,IRN,2019,1307908.1
Iran,IRN,2020,1237317.1
Iran,IRN,2021,1168066.5
Iran,IRN,2022,1030459.75
Iran,IRN,2023,1024116.5
Iraq,IRQ,1961,350000
Iraq,IRQ,1962,420000
Iraq,IRQ,1963,320000
Iraq,IRQ,1964,310000
Iraq,IRQ,1965,280000
Iraq,IRQ,1966,380000
Iraq,IRQ,1967,330000
Iraq,IRQ,1968,260000
Iraq,IRQ,1969,480000
Iraq,IRQ,1970,300000
Iraq,IRQ,1971,450000
Iraq,IRQ,1972,310000
Iraq,IRQ,1973,385000
Iraq,IRQ,1974,360000
Iraq,IRQ,1975,495608
Iraq,IRQ,1976,371980
Iraq,IRQ,1977,578300
Iraq,IRQ,1978,389030
Iraq,IRQ,1979,519170
Iraq,IRQ,1980,596920
Iraq,IRQ,1981,370180
Iraq,IRQ,1982,373750
Iraq,IRQ,1983,345290
Iraq,IRQ,1984,251440
Iraq,IRQ,1985,390200
Iraq,IRQ,1986,434210
Iraq,IRQ,1987,323540
Iraq,IRQ,1988,356330
Iraq,IRQ,1989,488390
Iraq,IRQ,1990,544930
Iraq,IRQ,1991,566220
Iraq,IRQ,1992,447840
Iraq,IRQ,1993,612580
Iraq,IRQ,1994,675820
Iraq,IRQ,1995,881020
Iraq,IRQ,1996,797450
Iraq,IRQ,1997,750000
Iraq,IRQ,1998,913000
Iraq,IRQ,1999,764000
Iraq,IRQ,2000,932000
Iraq,IRQ,2001,907000
Iraq,IRQ,2002,866000
Iraq,IRQ,2003,868000
Iraq,IRQ,2004,448380
Iraq,IRQ,2005,404030
Iraq,IRQ,2006,432360
Iraq,IRQ,2007,430861
Iraq,IRQ,2008,476318
Iraq,IRQ,2009,507002
Iraq,IRQ,2010,567668
Iraq,IRQ,2011,619182
Iraq,IRQ,2012,655450
Iraq,IRQ,2013,676111
Iraq,IRQ,2014,662447
Iraq,IRQ,2015,602348
Iraq,IRQ,2016,615211
Iraq,IRQ,2017,618818
Iraq,IRQ,2018,646163
Iraq,IRQ,2019,639315
Iraq,IRQ,2020,735353
Iraq,IRQ,2021,750225
Iraq,IRQ,2022,710989
Iraq,IRQ,2023,635947.1
Israel,ISR,1961,600
Israel,ISR,1962,700
Israel,ISR,1963,900
Israel,ISR,1964,1100
Israel,ISR,1965,1100
Israel,ISR,1966,1550
Israel,ISR,1967,1800
Israel,ISR,1968,1900
Israel,ISR,1969,2100
Israel,ISR,1970,2300
Israel,ISR,1971,2600
Israel,ISR,1972,2900
Israel,ISR,1973,2950
Israel,ISR,1974,3400
Israel,ISR,1975,3500
Israel,ISR,1976,4050
Israel,ISR,1977,4100
Israel,ISR,1978,4150
Israel,ISR,1979,4853
Israel,ISR,1980,4900
Israel,ISR,1981,5200
Israel,ISR,1982,5000
Israel,ISR,1983,5300
Israel,ISR,1984,5400
Israel,ISR,1985,5400
Israel,ISR,1986,7200
Israel,ISR,1987,9200
Israel,ISR,1988,8700
Israel,ISR,1989,12200
Israel,ISR,1990,12350
Israel,ISR,1991,12450
Israel,ISR,1992,11610
Israel,ISR,1993,11810
Israel,ISR,1994,12811
Israel,ISR,1995,14200
Israel,ISR,1996,10840
Israel,ISR,1997,9760
Israel,ISR,1998,8200
Israel,ISR,1999,10900
Israel,ISR,2000,11732
Israel,ISR,2001,11700
Israel,ISR,2002,16830
Israel,ISR,2003,13430
Israel,ISR,2004,14475
Israel,ISR,2005,15975
Israel,ISR,2006,17668
Israel,ISR,2007,17377
Israel,ISR,2008,18078
Israel,ISR,2009,23231
Israel,ISR,2010,30618
Israel,ISR,2011,37008
Israel,ISR,2012,38800
Israel,ISR,2013,39300
Israel,ISR,2014,40754
Israel,ISR,2015,41200
Israel,ISR,2016,43200
Israel,ISR,2017,43967
Israel,ISR,2018,44580
Israel,ISR,2019,43412
Israel,ISR,2020,48984
Israel,ISR,2021,55368
Israel,ISR,2022,67000
Israel,ISR,2023,75500
Jordan,JOR,1961,503
Jordan,JOR,1962,582
Jordan,JOR,1963,613
Jordan,JOR,1964,591
Jordan,JOR,1965,618
Jordan,JOR,1966,618
Jordan,JOR,1967,104
Jordan,JOR,1968,65
Jordan,JOR,1969,50
Jordan,JOR,1970,50
Jordan,JOR,1971,18
Jordan,JOR,1972,50
Jordan,JOR,1973,60
Jordan,JOR,1974,100
Jordan,JOR,1975,189
Jordan,JOR,1976,21
Jordan,JOR,1977,20
Jordan,JOR,1978,4
Jordan,JOR,1979,18
Jordan,JOR,1980,71
Jordan,JOR,1981,51
Jordan,JOR,1982,75
Jordan,JOR,1983,22
Jordan,JOR,1984,25
Jordan,JOR,1985,28
Jordan,JOR,1986,28
Jordan,JOR,1987,198
Jordan,JOR,1988,65
Jordan,JOR,1989,48
Jordan,JOR,1990,281
Jordan,JOR,1991,755
Jordan,JOR,1992,138
Jordan,JOR,1993,176
Jordan,JOR,1994,893
Jordan,JOR,1995,641
Jordan,JOR,1996,910
Jordan,JOR,1997,1107
Jordan,JOR,1998,1407
Jordan,JOR,1999,1104
Jordan,JOR,2000,1321
Jordan,JOR,2001,1414
Jordan,JOR,2002,2106
Jordan,JOR,2003,1897
Jordan,JOR,2004,4068
Jordan,JOR,2005,3115
Jordan,JOR,2006,3965
Jordan,JOR,2007,6532
Jordan,JOR,2008,7437
Jordan,JOR,2009,9681
Jordan,JOR,2010,11241
Jordan,JOR,2011,11213
Jordan,JOR,2012,10417
Jordan,JOR,2013,11981
Jordan,JOR,2014,9764
Jordan,JOR,2015,20141
Jordan,JOR,2016,25223
Jordan,JOR,2017,25419
Jordan,JOR,2018,26190
Jordan,JOR,2019,23375
Jordan,JOR,2020,25034
Jordan,JOR,2021,23268
Jordan,JOR,2022,29526.8
Jordan,JOR,2023,31657
Kenya,KEN,1961,500
Kenya,KEN,1962,600
Kenya,KEN,1963,600
Kenya,KEN,1964,600
Kenya,KEN,1965,600
Kenya,KEN,1966,600
Kenya,KEN,1967,600
Kenya,KEN,1968,700
Kenya,KEN,1969,700
Kenya,KEN,1970,700
Kenya,KEN,1971,700
Kenya,KEN,1972,700
Kenya,KEN,1973,700
Kenya,KEN,1974,700
Kenya,KEN,1975,700
Kenya,KEN,1976,1000
Kenya,KEN,1977,1100
Kenya,KEN,1978,700
Kenya,KEN,1979,1000
Kenya,KEN,1980,1100
Kenya,KEN,1981,1100
Kenya,KEN,1982,1100
Kenya,KEN,1983,1100
Kenya,KEN,1984,1000
Kenya,KEN,1985,1000
Kenya,KEN,1986,1000
Kenya,KEN,1987,1000
Kenya,KEN,1988,1100
Kenya,KEN,1989,1100
Kenya,KEN,1990,1071
Kenya,KEN,1991,1228.74
Kenya,KEN,1992,1212.92
Kenya,KEN,1993,1193.44
Kenya,KEN,1994,1189.31
Kenya,KEN,1995,1200
Kenya,KEN,1996,1300
Kenya,KEN,1997,1182.24
Kenya,KEN,1998,1100
Kenya,KEN,1999,1061.27
Kenya,KEN,2000,1000
Kenya,KEN,2001,1014.34
Kenya,KEN,2002,1000
Kenya,KEN,2003,1000
Kenya,KEN,2004,1000
Kenya,KEN,2005,1000
Kenya,KEN,2006,1015.55
Kenya,KEN,2007,1022.92
Kenya,KEN,2008,1039.21
Kenya,KEN,2009,1050.84
Kenya,KEN,2010,1063.37
Kenya,KEN,2011,1076.26
Kenya,KEN,2012,1100
Kenya,KEN,2013,1100
Kenya,KEN,2014,1098.39
Kenya,KEN,2015,1087.35
Kenya,KEN,2016,1079.41
Kenya,KEN,2017,1074.9
Kenya,KEN,2018,1072.35
Kenya,KEN,2019,1071.69
Kenya,KEN,2020,1080.82
Kenya,KEN,2021,1083.99
Kenya,KEN,2022,1085.54
Kenya,KEN,2023,1087.08
Kuwait,KWT,1961,360
Kuwait,KWT,1962,350
Kuwait,KWT,1963,360
Kuwait,KWT,1964,350
Kuwait,KWT,1965,370
Kuwait,KWT,1966,350
Kuwait,KWT,1967,360
Kuwait,KWT,1968,350
Kuwait,KWT,1969,350
Kuwait,KWT,1970,300
Kuwait,KWT,1971,400
Kuwait,KWT,1972,467
Kuwait,KWT,1973,447
Kuwait,KWT,1974,595
Kuwait,KWT,1975,671
Kuwait,KWT,1976,654
Kuwait,KWT,1977,641
Kuwait,KWT,1978,729
Kuwait,KWT,1979,719
Kuwait,KWT,1980,740
Kuwait,KWT,1981,896
Kuwait,KWT,1982,1000
Kuwait,KWT,1983,1720
Kuwait,KWT,1984,550
Kuwait,KWT,1985,420
Kuwait,KWT,1986,1023
Kuwait,KWT,1987,1100
Kuwait,KWT,1988,1150
Kuwait,KWT,1989,1954
Kuwait,KWT,1990,1400
Kuwait,KWT,1991,900
Kuwait,KWT,1992,1087
Kuwait,KWT,1993,2147
Kuwait,KWT,1994,3794
Kuwait,KWT,1995,4410
Kuwait,KWT,1996,5034
Kuwait,KWT,1997,6662
Kuwait,KWT,1998,6484
Kuwait,KWT,1999,7894
Kuwait,KWT,2000,10155
Kuwait,KWT,2001,8696
Kuwait,KWT,2002,11377
Kuwait,KWT,2003,15611
Kuwait,KWT,2004,17854
Kuwait,KWT,2005,20429
Kuwait,KWT,2006,28196
Kuwait,KWT,2007,29664
Kuwait,KWT,2008,29032
Kuwait,KWT,2009,30326
Kuwait,KWT,2010,33081
Kuwait,KWT,2011,105015
Kuwait,KWT,2012,111213
Kuwait,KWT,2013,104027
Kuwait,KWT,2014,115213
Kuwait,KWT,2015,94813
Kuwait,KWT,2016,93147
Kuwait,KWT,2017,87391
Kuwait,KWT,2018,96656
Kuwait,KWT,2019,105648
Kuwait,KWT,2020,111750
Kuwait,KWT,2021,97700
Kuwait,KWT,2022,103500
Kuwait,KWT,2023,123000
Libya,LBY,1961,29100
Libya,LBY,1962,30000
Libya,LBY,1963,33000
Libya,LBY,1964,30000
Libya,LBY,1965,56082
Libya,LBY,1966,55783
Libya,LBY,1967,54743
Libya,LBY,1968,56728
Libya,LBY,1969,55125
Libya,LBY,1970,49111
Libya,LBY,1971,66190
Libya,LBY,1972,59544
Libya,LBY,1973,61670
Libya,LBY,1974,83233
Libya,LBY,1975,68149
Libya,LBY,1976,82396
Libya,LBY,1977,99623
Libya,LBY,1978,86523
Libya,LBY,1979,97694
Libya,LBY,1980,86523
Libya,LBY,1981,90000
Libya,LBY,1982,73500
Libya,LBY,1983,72400
Libya,LBY,1984,90000
Libya,LBY,1985,92000
Libya,LBY,1986,97000
Libya,LBY,1987,68000
Libya,LBY,1988,70000
Libya,LBY,1989,72000
Libya,LBY,1990,74000
Libya,LBY,1991,75000
Libya,LBY,1992,76000
Libya,LBY,1993,95000
Libya,LBY,1994,105000
Libya,LBY,1995,125000
Libya,LBY,1996,125000
Libya,LBY,1997,128100
Libya,LBY,1998,120000
Libya,LBY,1999,114150
Libya,LBY,2000,120000
Libya,LBY,2001,140000
Libya,LBY,2002,200000
Libya,LBY,2003,200000
Libya,LBY,2004,150000
Libya,LBY,2005,145674.02
Libya,LBY,2006,150000
Libya,LBY,2007,150000
Libya,LBY,2008,150000
Libya,LBY,2009,153628.77
Libya,LBY,2010,166484.66
Libya,LBY,2011,163952.3
Libya,LBY,2012,165724.16
Libya,LBY,2013,167496.02
Libya,LBY,2014,169948.84
Libya,LBY,2015,173346.56
Libya,LBY,2016,176636.31
Libya,LBY,2017,179522.56
Libya,LBY,2018,173680
Libya,LBY,2019,174850
Libya,LBY,2020,177630
Libya,LBY,2021,179570
Libya,LBY,2022,182327.36
Libya,LBY,2023,188288.52
Mali,MLI,1991,197.06
Mali,MLI,1992,202.61
Mali,MLI,1993,208.16
Mali,MLI,1994,213.71
Mali,MLI,1995,219.26
Mali,MLI,1996,224.81
Mali,MLI,1997,230.36
Mali,MLI,1998,235.92
Mali,MLI,1999,241.47
Mali,MLI,2000,247.02
Mali,MLI,2001,252.57
Mali,MLI,2002,258.12
Mali,MLI,2003,263.67
Mali,MLI,2004,269.22
Mali,MLI,2005,274.77
Mali,MLI,2006,280.32
Mali,MLI,2007,285.87
Mali,MLI,2008,267.98
Mali,MLI,2009,248.55
Mali,MLI,2010,103
Mali,MLI,2011,628
Mali,MLI,2012,20
Mali,MLI,2013,672
Mali,MLI,2014,735
Mali,MLI,2015,731
Mali,MLI,2016,698
Mali,MLI,2017,658
Mali,MLI,2018,670
Mali,MLI,2019,670
Mali,MLI,2020,846.5
Mali,MLI,2021,730.41
Mali,MLI,2022,714.9
Mali,MLI,2023,751.32
Mauritania,MRT,1961,13000
Mauritania,MRT,1962,12000
Mauritania,MRT,1963,18000
Mauritania,MRT,1964,20000
Mauritania,MRT,1965,22000
Mauritania,MRT,1966,15000
Mauritania,MRT,1967,13000
Mauritania,MRT,1968,14000
Mauritania,MRT,1969,12500
Mauritania,MRT,1970,15000
Mauritania,MRT,1971,10000
Mauritania,MRT,1972,10000
Mauritania,MRT,1973,10400
Mauritania,MRT,1974,10400
Mauritania,MRT,1975,10600
Mauritania,MRT,1976,10000
Mauritania,MRT,1977,11000
Mauritania,MRT,1978,12000
Mauritania,MRT,1979,13500
Mauritania,MRT,1980,13500
Mauritania,MRT,1981,12000
Mauritania,MRT,1982,10000
Mauritania,MRT,1983,11000
Mauritania,MRT,1984,10000
Mauritania,MRT,1985,12000
Mauritania,MRT,1986,12000
Mauritania,MRT,1987,10000
Mauritania,MRT,1988,10000
Mauritania,MRT,1989,10000
Mauritania,MRT,1990,10000
Mauritania,MRT,1991,10000
Mauritania,MRT,1992,10000
Mauritania,MRT,1993,14000
Mauritania,MRT,1994,22216
Mauritania,MRT,1995,25000
Mauritania,MRT,1996,20103
Mauritania,MRT,1997,35888
Mauritania,MRT,1998,13000
Mauritania,MRT,1999,20000
Mauritania,MRT,2000,22000
Mauritania,MRT,2001,20000
Mauritania,MRT,2002,24000
Mauritania,MRT,2003,20000
Mauritania,MRT,2004,24000
Mauritania,MRT,2005,22000
Mauritania,MRT,2006,20000
Mauritania,MRT,2007,20000
Mauritania,MRT,2008,19200
Mauritania,MRT,2009,20000
Mauritania,MRT,2010,21298.74
Mauritania,MRT,2011,21359.71
Mauritania,MRT,2012,21452.37
Mauritania,MRT,2013,21538.91
Mauritania,MRT,2014,18860
Mauritania,MRT,2015,21890
Mauritania,MRT,2016,22380
Mauritania,MRT,2017,21043.33
Mauritania,MRT,2018,22004.02
Mauritania,MRT,2019,22290.53
Mauritania,MRT,2020,22316.02
Mauritania,MRT,2021,22062.48
Mauritania,MRT,2022,22133.86
Mauritania,MRT,2023,22205.24
Mexico,MEX,1961,6115
Mexico,MEX,1962,6905
Mexico,MEX,1963,5938
Mexico,MEX,1964,6560
Mexico,MEX,1965,6991
Mexico,MEX,1966,7252
Mexico,MEX,1967,7213
Mexico,MEX,1968,7390
Mexico,MEX,1969,515
Mexico,MEX,1970,1299
Mexico,MEX,1971,2779
Mexico,MEX,1972,2659
Mexico,MEX,1973,2659
Mexico,MEX,1974,2636
Mexico,MEX,1975,2445
Mexico,MEX,1976,494
Mexico,MEX,1977,1526
Mexico,MEX,1978,1349
Mexico,MEX,1979,1249
Mexico,MEX,1980,1345
Mexico,MEX,1981,1215
Mexico,MEX,1982,1027
Mexico,MEX,1983,1087
Mexico,MEX,1984,1324
Mexico,MEX,1985,1527
Mexico,MEX,1986,1725
Mexico,MEX,1987,1417
Mexico,MEX,1988,1315
Mexico,MEX,1989,1362
Mexico,MEX,1990,1201
Mexico,MEX,1991,1040
Mexico,MEX,1992,1555
Mexico,MEX,1993,1587
Mexico,MEX,1994,1471
Mexico,MEX,1995,1749
Mexico,MEX,1996,2082
Mexico,MEX,1997,1635
Mexico,MEX,1998,3257
Mexico,MEX,1999,2579
Mexico,MEX,2000,3965
Mexico,MEX,2001,4309
Mexico,MEX,2002,3172
Mexico,MEX,2003,2076
Mexico,MEX,2004,2014
Mexico,MEX,2005,2756
Mexico,MEX,2006,2988
Mexico,MEX,2007,2788
Mexico,MEX,2008,3067
Mexico,MEX,2009,3336
Mexico,MEX,2010,4150
Mexico,MEX,2011,6811
Mexico,MEX,2012,6012
Mexico,MEX,2013,6828
Mexico,MEX,2014,6125.06
Mexico,MEX,2015,7427.1
Mexico,MEX,2016,8085.57
Mexico,MEX,2017,8215.32
Mexico,MEX,2018,8945.69
Mexico,MEX,2019,12364.94
Mexico,MEX,2020,19863.26
Mexico,MEX,2021,19244
Mexico,MEX,2022,19465.02
Mexico,MEX,2023,16962.18
Morocco,MAR,1961,86000
Morocco,MAR,1962,56000
Morocco,MAR,1963,80000
Morocco,MAR,1964,85000
Morocco,MAR,1965,86000
Morocco,MAR,1966,90000
Morocco,MAR,1967,90000
Morocco,MAR,1968,90000
Morocco,MAR,1969,90000
Morocco,MAR,1970,90000
Morocco,MAR,1971,90000
Morocco,MAR,1972,92000
Morocco,MAR,1973,92000
Morocco,MAR,1974,93600
Morocco,MAR,1975,95800
Morocco,MAR,1976,98200
Morocco,MAR,1977,97400
Morocco,MAR,1978,90000
Morocco,MAR,1979,97000
Morocco,MAR,1980,75000
Morocco,MAR,1981,65000
Morocco,MAR,1982,66000
Morocco,MAR,1983,56050
Morocco,MAR,1984,25420
Morocco,MAR,1985,13940
Morocco,MAR,1986,20000
Morocco,MAR,1987,37000
Morocco,MAR,1988,50380
Morocco,MAR,1989,105700
Morocco,MAR,1990,120000
Morocco,MAR,1991,107000
Morocco,MAR,1992,82000
Morocco,MAR,1993,111100
Morocco,MAR,1994,62020
Morocco,MAR,1995,97600
Morocco,MAR,1996,80000
Morocco,MAR,1997,110470
Morocco,MAR,1998,85000
Morocco,MAR,1999,72561
Morocco,MAR,2000,74000
Morocco,MAR,2001,32400
Morocco,MAR,2002,33200
Morocco,MAR,2003,54110
Morocco,MAR,2004,69400
Morocco,MAR,2005,47500
Morocco,MAR,2006,45470
Morocco,MAR,2007,74300
Morocco,MAR,2008,72700
Morocco,MAR,2009,84580
Morocco,MAR,2010,101351
Morocco,MAR,2011,102961
Morocco,MAR,2012,101862
Morocco,MAR,2013,111924
Morocco,MAR,2014,102201
Morocco,MAR,2015,100376.33
Morocco,MAR,2016,125328.95
Morocco,MAR,2017,129561.68
Morocco,MAR,2018,111701
Morocco,MAR,2019,101536.95
Morocco,MAR,2020,143159.8
Morocco,MAR,2021,150301
Morocco,MAR,2022,137393.77
Morocco,MAR,2023,107375.75
Namibia,NAM,1997,500
Namibia,NAM,1998,459.54
Namibia,NAM,1999,450.54
Namibia,NAM,2000,441.57
Namibia,NAM,2001,432.65
Namibia,NAM,2002,423.83
Namibia,NAM,2003,417.02
Namibia,NAM,2004,407.8
Namibia,NAM,2005,400
Namibia,NAM,2006,384.25
Namibia,NAM,2007,369.75
Namibia,NAM,2008,333
Namibia,NAM,2009,276
Namibia,NAM,2010,375
Namibia,NAM,2011,380
Namibia,NAM,2012,400
Namibia,NAM,2013,369.24
Namibia,NAM,2014,351.73
Namibia,NAM,2015,355.71
Namibia,NAM,2016,350.71
Namibia,NAM,2017,345.47
Namibia,NAM,2018,694
Namibia,NAM,2019,1019.02
Namibia,NAM,2020,1300
Namibia,NAM,2021,1500
Namibia,NAM,2022,1691.37
Namibia,NAM,2023,1433.75
Niger,NER,1961,3000
Niger,NER,1962,3000
Niger,NER,1963,5000
Niger,NER,1964,5000
Niger,NER,1965,5000
Niger,NER,1966,5000
Niger,NER,1967,5000
Niger,NER,1968,5000
Niger,NER,1969,5000
Niger,NER,1970,5000
Niger,NER,1971,5000
Niger,NER,1972,5000
Niger,NER,1973,5000
Niger,NER,1974,5200
Niger,NER,1975,5400
Niger,NER,1976,5600
Niger,NER,1977,5600
Niger,NER,1978,5800
Niger,NER,1979,5900
Niger,NER,1980,6100
Niger,NER,1981,6100
Niger,NER,1982,6200
Niger,NER,1983,6300
Niger,NER,1984,6400
Niger,NER,1985,6500
Niger,NER,1986,6700
Niger,NER,1987,6800
Niger,NER,1988,6900
Niger,NER,1989,7000
Niger,NER,1990,7100
Niger,NER,1991,7200
Niger,NER,1992,7300
Niger,NER,1993,7400
Niger,NER,1994,7500
Niger,NER,1995,7991.27
Niger,NER,1996,7600
Niger,NER,1997,8476.07
Niger,NER,1998,8709.44
Niger,NER,1999,8954.96
Niger,NER,2000,9203.52
Niger,NER,2001,7700
Niger,NER,2002,9732.87
Niger,NER,2003,7800
Niger,NER,2004,10406.17
Niger,NER,2005,8000
Niger,NER,2006,10000
Niger,NER,2007,13000
Niger,NER,2008,16589
Niger,NER,2009,37794
Niger,NER,2010,16175
Niger,NER,2011,16694
Niger,NER,2012,17000
Niger,NER,2013,16444
Niger,NER,2014,15175
Niger,NER,2015,17633.29
Niger,NER,2016,16417.43
Niger,NER,2017,16408.57
Niger,NER,2018,17438.87
Niger,NER,2019,16754.96
Niger,NER,2020,16867.46
Niger,NER,2021,17152.76
Niger,NER,2022,17158.21
Niger,NER,2023,17173.91
Oman,OMN,1961,40000
Oman,OMN,1962,40000
Oman,OMN,1963,40000
Oman,OMN,1964,40000
Oman,OMN,1965,40000
Oman,OMN,1966,40000
Oman,OMN,1967,40000
Oman,OMN,1968,40000
Oman,OMN,1969,45000
Oman,OMN,1970,45000
Oman,OMN,1971,47000
Oman,OMN,1972,50000
Oman,OMN,1973,50000
Oman,OMN,1974,50000
Oman,OMN,1975,50000
Oman,OMN,1976,55000
Oman,OMN,1977,60000
Oman,OMN,1978,65000
Oman,OMN,1979,70000
Oman,OMN,1980,70000
Oman,OMN,1981,70000
Oman,OMN,1982,72121
Oman,OMN,1983,74880
Oman,OMN,1984,75000
Oman,OMN,1985,80000
Oman,OMN,1986,100000
Oman,OMN,1987,110000
Oman,OMN,1988,120000
Oman,OMN,1989,121000
Oman,OMN,1990,120000
Oman,OMN,1991,135000
Oman,OMN,1992,150000
Oman,OMN,1993,163000
Oman,OMN,1994,170000
Oman,OMN,1995,173000
Oman,OMN,1996,180000
Oman,OMN,1997,185000
Oman,OMN,1998,236000
Oman,OMN,1999,282000
Oman,OMN,2000,280030
Oman,OMN,2001,298006
Oman,OMN,2002,238611
Oman,OMN,2003,219770
Oman,OMN,2004,231000
Oman,OMN,2005,247331
Oman,OMN,2006,258738
Oman,OMN,2007,255871
Oman,OMN,2008,267000
Oman,OMN,2009,258572
Oman,OMN,2010,276405
Oman,OMN,2011,268011
Oman,OMN,2012,281000
Oman,OMN,2013,308400
Oman,OMN,2014,317400
Oman,OMN,2015,344690
Oman,OMN,2016,355332
Oman,OMN,2017,360917
Oman,OMN,2018,368808
Oman,OMN,2019,376850
Oman,OMN,2020,368577
Oman,OMN,2021,374200
Oman,OMN,2022,376980
Oman,OMN,2023,394946
Pakistan,PAK,1961,73600
Pakistan,PAK,1962,63300
Pakistan,PAK,1963,52700
Pakistan,PAK,1964,133600
Pakistan,PAK,1965,158900
Pakistan,PAK,1966,141600
Pakistan,PAK,1967,145800
Pakistan,PAK,1968,150800
Pakistan,PAK,1969,142800
Pakistan,PAK,1970,157300
Pakistan,PAK,1971,183100
Pakistan,PAK,1972,197600
Pakistan,PAK,1973,178200
Pakistan,PAK,1974,158800
Pakistan,PAK,1975,165700
Pakistan,PAK,1976,202018
Pakistan,PAK,1977,197878
Pakistan,PAK,1978,197823
Pakistan,PAK,1979,198400
Pakistan,PAK,1980,194138
Pakistan,PAK,1981,214498
Pakistan,PAK,1982,223720
Pakistan,PAK,1983,230726
Pakistan,PAK,1984,234260
Pakistan,PAK,1985,268600
Pakistan,PAK,1986,273800
Pakistan,PAK,1987,276500
Pakistan,PAK,1988,281600
Pakistan,PAK,1989,284135
Pakistan,PAK,1990,287300
Pakistan,PAK,1991,292898
Pakistan,PAK,1992,275157
Pakistan,PAK,1993,576574
Pakistan,PAK,1994,578574
Pakistan,PAK,1995,532531
Pakistan,PAK,1996,534431
Pakistan,PAK,1997,537487
Pakistan,PAK,1998,721643
Pakistan,PAK,1999,579880
Pakistan,PAK,2000,612482
Pakistan,PAK,2001,630281
Pakistan,PAK,2002,625000
Pakistan,PAK,2003,426822
Pakistan,PAK,2004,622404
Pakistan,PAK,2005,496576
Pakistan,PAK,2006,426281
Pakistan,PAK,2007,557524
Pakistan,PAK,2008,566400
Pakistan,PAK,2009,531191
Pakistan,PAK,2010,524041
Pakistan,PAK,2011,557279
Pakistan,PAK,2012,524612
Pakistan,PAK,2013,526749
Pakistan,PAK,2014,537204
Pakistan,PAK,2015,467756
Pakistan,PAK,2016,438989
Pakistan,PAK,2017,440606
Pakistan,PAK,2018,446995
Pakistan,PAK,2019,564904
Pakistan,PAK,2020,560184
Pakistan,PAK,2021,838251
Pakistan,PAK,2022,228555
Pakistan,PAK,2023,503787.28
Palestine,PSE,1994,3096
Palestine,PSE,1995,3100
Palestine,PSE,1996,3179
Palestine,PSE,1997,3429
Palestine,PSE,1998,3498
Palestine,PSE,1999,3470
Palestine,PSE,2000,3852
Palestine,PSE,2001,3819
Palestine,PSE,2002,5051
Palestine,PSE,2003,3657
Palestine,PSE,2004,5015
Palestine,PSE,2005,3608
Palestine,PSE,2006,2443
Palestine,PSE,2007,3030
Palestine,PSE,2008,3997
Palestine,PSE,2009,4745.66
Palestine,PSE,2010,4553.64
Palestine,PSE,2011,6004.62
Palestine,PSE,2012,6857.6
Palestine,PSE,2013,9288.7
Palestine,PSE,2014,12030
Palestine,PSE,2015,7970
Palestine,PSE,2016,10075
Palestine,PSE,2017,14493.7
Palestine,PSE,2018,28360
Palestine,PSE,2019,7730
Palestine,PSE,2020,8080
Palestine,PSE,2021,25085
Palestine,PSE,2022,20854.9
Palestine,PSE,2023,16639.86
Peru,PER,1961,600
Peru,PER,1962,600
Peru,PER,1963,700
Peru,PER,1964,700
Peru,PER,1965,800
Peru,PER,1966,808
Peru,PER,1967,803
Peru,PER,1968,363
Peru,PER,1969,448
Peru,PER,1970,418
Peru,PER,1971,427
Peru,PER,1972,300
Peru,PER,1973,348
Peru,PER,1974,324
Peru,PER,1975,360
Peru,PER,1976,360
Peru,PER,1977,420
Peru,PER,1978,420
Peru,PER,1979,420
Peru,PER,1980,385
Peru,PER,1981,385
Peru,PER,1982,494
Peru,PER,1983,193
Peru,PER,1984,494
Peru,PER,1985,625
Peru,PER,1986,777
Peru,PER,1987,293
Peru,PER,1988,440
Peru,PER,1989,324
Peru,PER,1990,474
Peru,PER,1991,320
Peru,PER,1992,432
Peru,PER,1993,314
Peru,PER,1994,215
Peru,PER,1995,117
Peru,PER,1996,145
Peru,PER,1997,249
Peru,PER,1998,128
Peru,PER,1999,303
Peru,PER,2000,199
Peru,PER,2001,194
Peru,PER,2002,248
Peru,PER,2003,242
Peru,PER,2004,257
Peru,PER,2005,276
Peru,PER,2006,422
Peru,PER,2007,207
Peru,PER,2008,426
Peru,PER,2009,335
Peru,PER,2010,337
Peru,PER,2011,379
Peru,PER,2012,167.5
Peru,PER,2013,230.4
Peru,PER,2014,206.45
Peru,PER,2015,192
Peru,PER,2016,217.41
Peru,PER,2017,224
Peru,PER,2018,274
Peru,PER,2019,366.95
Peru,PER,2020,396.67
Peru,PER,2021,389.6
Peru,PER,2022,481.01
Peru,PER,2023,526.31
Qatar,QAT,1961,0
Qatar,QAT,1962,0
Qatar,QAT,1963,0
Qatar,QAT,1964,0
Qatar,QAT,1965,0
Qatar,QAT,1966,0
Qatar,QAT,1967,0
Qatar,QAT,1968,0
Qatar,QAT,1969,0
Qatar,QAT,1970,0
Qatar,QAT,1971,0
Qatar,QAT,1972,0
Qatar,QAT,1973,0
Qatar,QAT,1974,0
Qatar,QAT,1975,0
Qatar,QAT,1976,0
Qatar,QAT,1977,0
Qatar,QAT,1978,2700
Qatar,QAT,1979,2907
Qatar,QAT,1980,3060
Qatar,QAT,1981,5880
Qatar,QAT,1982,6614
Qatar,QAT,1983,6204
Qatar,QAT,1984,5312
Qatar,QAT,1985,4921
Qatar,QAT,1986,4976
Qatar,QAT,1987,5197
Qatar,QAT,1988,5270
Qatar,QAT,1989,5279
Qatar,QAT,1990,5712
Qatar,QAT,1991,9013
Qatar,QAT,1992,9521
Qatar,QAT,1993,10723
Qatar,QAT,1994,11431
Qatar,QAT,1995,12533
Qatar,QAT,1996,14582
Qatar,QAT,1997,22915
Qatar,QAT,1998,16409
Qatar,QAT,1999,16389
Qatar,QAT,2000,16116
Qatar,QAT,2001,13109
Qatar,QAT,2002,14845
Qatar,QAT,2003,16579
Qatar,QAT,2004,18222
Qatar,QAT,2005,19844
Qatar,QAT,2006,21564
Qatar,QAT,2007,21564
Qatar,QAT,2008,21560
Qatar,QAT,2009,20815
Qatar,QAT,2010,21491
Qatar,QAT,2011,20696
Qatar,QAT,2012,21843
Qatar,QAT,2013,31182
Qatar,QAT,2014,27482
Qatar,QAT,2015,27596.4
Qatar,QAT,2016,28877.4
Qatar,QAT,2017,28095
Qatar,QAT,2018,29012
Qatar,QAT,2019,25843.4
Qatar,QAT,2020,26607
Qatar,QAT,2021,28716
Qatar,QAT,2022,33886
Qatar,QAT,2023,35547
Saudi Arabia,SAU,1961,160000
Saudi Arabia,SAU,1962,165000
Saudi Arabia,SAU,1963,170000
Saudi Arabia,SAU,1964,175000
Saudi Arabia,SAU,1965,180000
Saudi Arabia,SAU,1966,188330
Saudi Arabia,SAU,1967,188330
Saudi Arabia,SAU,1968,200000
Saudi Arabia,SAU,1969,220000
Saudi Arabia,SAU,1970,240000
Saudi Arabia,SAU,1971,224278
Saudi Arabia,SAU,1972,187846
Saudi Arabia,SAU,1973,293014
Saudi Arabia,SAU,1974,360095
Saudi Arabia,SAU,1975,337283
Saudi Arabia,SAU,1976,256903
Saudi Arabia,SAU,1977,382297
Saudi Arabia,SAU,1978,411388
Saudi Arabia,SAU,1979,418281
Saudi Arabia,SAU,1980,342286
Saudi Arabia,SAU,1981,371038
Saudi Arabia,SAU,1982,399576
Saudi Arabia,SAU,1983,406722
Saudi Arabia,SAU,1984,454420
Saudi Arabia,SAU,1985,455730
Saudi Arabia,SAU,1986,457443
Saudi Arabia,SAU,1987,502810
Saudi Arabia,SAU,1988,513613
Saudi Arabia,SAU,1989,521840
Saudi Arabia,SAU,1990,527881
Saudi Arabia,SAU,1991,528074
Saudi Arabia,SAU,1992,552493
Saudi Arabia,SAU,1993,563008
Saudi Arabia,SAU,1994,567762
Saudi Arabia,SAU,1995,589261
Saudi Arabia,SAU,1996,616908
Saudi Arabia,SAU,1997,649239
Saudi Arabia,SAU,1998,648000
Saudi Arabia,SAU,1999,712000
Saudi Arabia,SAU,2000,734844
Saudi Arabia,SAU,2001,817887
Saudi Arabia,SAU,2002,829540
Saudi Arabia,SAU,2003,884088
Saudi Arabia,SAU,2004,941293
Saudi Arabia,SAU,2005,970488
Saudi Arabia,SAU,2006,977036
Saudi Arabia,SAU,2007,982546
Saudi Arabia,SAU,2008,986409
Saudi Arabia,SAU,2009,991660
Saudi Arabia,SAU,2010,991546
Saudi Arabia,SAU,2011,1008105
Saudi Arabia,SAU,2012,1031082
Saudi Arabia,SAU,2013,1095158
Saudi Arabia,SAU,2014,656807
Saudi Arabia,SAU,2015,1038530
Saudi Arabia,SAU,2016,1153009
Saudi Arabia,SAU,2017,1224192
Saudi Arabia,SAU,2018,1302859
Saudi Arabia,SAU,2019,1539755.9
Saudi Arabia,SAU,2020,1541769
Saudi Arabia,SAU,2021,1565830
Saudi Arabia,SAU,2022,1610731
Saudi Arabia,SAU,2023,1642992.5
Somalia,SOM,1961,4700
Somalia,SOM,1962,4800
Somalia,SOM,1963,4900
Somalia,SOM,1964,5000
Somalia,SOM,1965,5100
Somalia,SOM,1966,5200
Somalia,SOM,1967,5300
Somalia,SOM,1968,5300
Somalia,SOM,1969,5400
Somalia,SOM,1970,5400
Somalia,SOM,1971,5500
Somalia,SOM,1972,5500
Somalia,SOM,1973,5600
Somalia,SOM,1974,5600
Somalia,SOM,1975,5600
Somalia,SOM,1976,7000
Somalia,SOM,1977,8000
Somalia,SOM,1978,7000
Somalia,SOM,1979,9000
Somalia,SOM,1980,9000
Somalia,SOM,1981,9000
Somalia,SOM,1982,9000
Somalia,SOM,1983,9200
Somalia,SOM,1984,9400
Somalia,SOM,1985,9600
Somalia,SOM,1986,9700
Somalia,SOM,1987,9800
Somalia,SOM,1988,9900
Somalia,SOM,1989,10000
Somalia,SOM,1990,10100
Somalia,SOM,1991,8500
Somalia,SOM,1992,8000
Somalia,SOM,1993,9000
Somalia,SOM,1994,9500
Somalia,SOM,1995,9440.27
Somalia,SOM,1996,9496.08
Somalia,SOM,1997,9589.36
Somalia,SOM,1998,9400
Somalia,SOM,1999,9500
Somalia,SOM,2000,10000
Somalia,SOM,2001,11000
Somalia,SOM,2002,10846.88
Somalia,SOM,2003,12000
Somalia,SOM,2004,11216.6
Somalia,SOM,2005,10500
Somalia,SOM,2006,12000
Somalia,SOM,2007,11834.25
Somalia,SOM,2008,12016.05
Somalia,SOM,2009,12212.12
Somalia,SOM,2010,12391.56
Somalia,SOM,2011,12570.59
Somalia,SOM,2012,13000
Somalia,SOM,2013,13000
Somalia,SOM,2014,13272.61
Somalia,SOM,2015,13514.11
Somalia,SOM,2016,13744.57
Somalia,SOM,2017,13930.05
Somalia,SOM,2018,14095.33
Somalia,SOM,2019,14399.03
Somalia,SOM,2020,14141.47
Somalia,SOM,2021,14211.94
Somalia,SOM,2022,14250.81
Somalia,SOM,2023,14201.41
Spain,ESP,1961,12000
Spain,ESP,1962,12000
Spain,ESP,1963,12000
Spain,ESP,1964,15000
Spain,ESP,1965,17000
Spain,ESP,1966,15728
Spain,ESP,1967,14943
Spain,ESP,1968,16204
Spain,ESP,1969,15838
Spain,ESP,1970,14876
Spain,ESP,1971,15944
Spain,ESP,1972,14984
Spain,ESP,1973,16339
Spain,ESP,1974,15869
Spain,ESP,1975,15676
Spain,ESP,1976,15408
Spain,ESP,1977,12690
Spain,ESP,1978,12592
Spain,ESP,1979,9776
Spain,ESP,1980,9535
Spain,ESP,1981,11060
Spain,ESP,1982,11408
Spain,ESP,1983,10914
Spain,ESP,1984,12648
Spain,ESP,1985,12798
Spain,ESP,1986,11260
Spain,ESP,1987,10645
Spain,ESP,1988,9633
Spain,ESP,1989,9787
Spain,ESP,1990,11201
Spain,ESP,1991,7688
Spain,ESP,1992,7792
Spain,ESP,1993,7902
Spain,ESP,1994,8050
Spain,ESP,1995,8020
Spain,ESP,1996,8105
Spain,ESP,1997,8038
Spain,ESP,1998,7504
Spain,ESP,1999,7565
Spain,ESP,2000,3717
Spain,ESP,2001,3732
Spain,ESP,2002,3451
Spain,ESP,2003,3580
Spain,ESP,2004,4273
Spain,ESP,2005,4360
Spain,ESP,2006,4622
Spain,ESP,2007,5000
Spain,ESP,2008,4481
Spain,ESP,2009,4435
Spain,ESP,2010,4002
Spain,ESP,2011,3741
Spain,ESP,2012,3972
Spain,ESP,2013,2872
Spain,ESP,2014,4000
Spain,ESP,2015,2929.48
Spain,ESP,2016,1975
Spain,ESP,2017,1848
Sudan,SDN,2012,433500
Sudan,SDN,2013,437835
Sudan,SDN,2014,439000
Sudan,SDN,2015,439100
Sudan,SDN,2016,439120
Sudan,SDN,2017,442000
Sudan,SDN,2018,413600
Sudan,SDN,2019,438700
Sudan,SDN,2020,465323.25
Sudan,SDN,2021,460096.6
Sudan,SDN,2022,442722.4
Sudan,SDN,2023,442674.03
Sudan (former),SDN,1961,53000
Sudan (former),SDN,1962,55000
Sudan (former),SDN,1963,58000
Sudan (former),SDN,1964,60000
Sudan (former),SDN,1965,63000
Sudan (former),SDN,1966,65000
Sudan (former),SDN,1967,68000
Sudan (former),SDN,1968,70000
Sudan (former),SDN,1969,80000
Sudan (former),SDN,1970,90000
Sudan (former),SDN,1971,102000
Sudan (former),SDN,1972,97500
Sudan (former),SDN,1973,120000
Sudan (former),SDN,1974,115000
Sudan (former),SDN,1975,110000
Sudan (former),SDN,1976,105000
Sudan (former),SDN,1977,106000
Sudan (former),SDN,1978,110000
Sudan (former),SDN,1979,125000
Sudan (former),SDN,1980,130000
Sudan (former),SDN,1981,133960
Sudan (former),SDN,1982,118319
Sudan (former),SDN,1983,116000
Sudan (former),SDN,1984,115000
Sudan (former),SDN,1985,116000
Sudan (former),SDN,1986,120000
Sudan (former),SDN,1987,125000
Sudan (former),SDN,1988,125000
Sudan (former),SDN,1989,130000
Sudan (former),SDN,1990,110000
Sudan (former),SDN,1991,140000
Sudan (former),SDN,1992,142000
Sudan (former),SDN,1993,130000
Sudan (former),SDN,1994,138000
Sudan (former),SDN,1995,160000
Sudan (former),SDN,1996,167500
Sudan (former),SDN,1997,180000
Sudan (former),SDN,1998,200000
Sudan (former),SDN,1999,240000
Sudan (former),SDN,2000,332320
Sudan (former),SDN,2001,330000
Sudan (former),SDN,2002,330000
Sudan (former),SDN,2003,328000
Sudan (former),SDN,2004,336000
Sudan (former),SDN,2005,328200
Sudan (former),SDN,2006,348000
Sudan (former),SDN,2007,336000
Sudan (former),SDN,2008,339300
Sudan (former),SDN,2009,422000
Sudan (former),SDN,2010,431000
Sudan (former),SDN,2011,432100
Syria,SYR,1991,646
Syria,SYR,1992,1484
Syria,SYR,1993,1406
Syria,SYR,1994,720
Syria,SYR,1995,700
Syria,SYR,1996,2400
Syria,SYR,1997,2500
Syria,SYR,1998,2500
Syria,SYR,1999,3000
Syria,SYR,2000,3051
Syria,SYR,2001,3921
Syria,SYR,2002,1453
Syria,SYR,2003,4000
Syria,SYR,2004,3500
Syria,SYR,2005,3293.79
Syria,SYR,2006,3260
Syria,SYR,2007,3450
Syria,SYR,2008,3485
Syria,SYR,2009,4037
Syria,SYR,2010,4373
Syria,SYR,2011,4013
Syria,SYR,2012,3986
Syria,SYR,2013,4039
Syria,SYR,2014,2966
Syria,SYR,2015,3000
Syria,SYR,2016,3000
Syria,SYR,2017,4016
Syria,SYR,2018,4028
Syria,SYR,2019,3567
Syria,SYR,2020,2859
Syria,SYR,2021,2857
Syria,SYR,2022,2382
Syria,SYR,2023,3368
Tunisia,TUN,1961,36300
Tunisia,TUN,1962,14800
Tunisia,TUN,1963,30000
Tunisia,TUN,1964,42000
Tunisia,TUN,1965,54000
Tunisia,TUN,1966,42300
Tunisia,TUN,1967,39300
Tunisia,TUN,1968,59500
Tunisia,TUN,1969,18500
Tunisia,TUN,1970,39000
Tunisia,TUN,1971,39000
Tunisia,TUN,1972,42000
Tunisia,TUN,1973,40000
Tunisia,TUN,1974,38000
Tunisia,TUN,1975,45000
Tunisia,TUN,1976,48000
Tunisia,TUN,1977,58000
Tunisia,TUN,1978,52330
Tunisia,TUN,1979,46100
Tunisia,TUN,1980,58000
Tunisia,TUN,1981,50000
Tunisia,TUN,1982,45000
Tunisia,TUN,1983,77000
Tunisia,TUN,1984,62000
Tunisia,TUN,1985,71000
Tunisia,TUN,1986,85000
Tunisia,TUN,1987,69000
Tunisia,TUN,1988,70000
Tunisia,TUN,1989,74800
Tunisia,TUN,1990,81200
Tunisia,TUN,1991,75000
Tunisia,TUN,1992,75500
Tunisia,TUN,1993,86000
Tunisia,TUN,1994,74000
Tunisia,TUN,1995,69000
Tunisia,TUN,1996,74000
Tunisia,TUN,1997,95000
Tunisia,TUN,1998,103000
Tunisia,TUN,1999,103000
Tunisia,TUN,2000,105000
Tunisia,TUN,2001,105000
Tunisia,TUN,2002,115000
Tunisia,TUN,2003,111000
Tunisia,TUN,2004,122000
Tunisia,TUN,2005,113000
Tunisia,TUN,2006,131000
Tunisia,TUN,2007,124000
Tunisia,TUN,2008,145000
Tunisia,TUN,2009,162000
Tunisia,TUN,2010,174000
Tunisia,TUN,2011,190000
Tunisia,TUN,2012,192000
Tunisia,TUN,2013,195000
Tunisia,TUN,2014,199000
Tunisia,TUN,2015,223000
Tunisia,TUN,2016,241000
Tunisia,TUN,2017,260000
Tunisia,TUN,2018,305000
Tunisia,TUN,2019,289000
Tunisia,TUN,2020,332000
Tunisia,TUN,2021,345000
Tunisia,TUN,2022,369000
Tunisia,TUN,2023,386395.88
Turkey,TUR,1961,1200
Turkey,TUR,1962,1200
Turkey,TUR,1963,1200
Turkey,TUR,1964,1300
Turkey,TUR,1965,1300
Turkey,TUR,1966,1400
Turkey,TUR,1967,1400
Turkey,TUR,1968,1400
Turkey,TUR,1969,1350
Turkey,TUR,1970,1400
Turkey,TUR,1971,1400
Turkey,TUR,1972,1500
Turkey,TUR,1973,1970
Turkey,TUR,1974,1600
Turkey,TUR,1975,2000
Turkey,TUR,1976,2000
Turkey,TUR,1977,2600
Turkey,TUR,1978,3500
Turkey,TUR,1979,3500
Turkey,TUR,1980,3800
Turkey,TUR,1981,3500
Turkey,TUR,1982,3500
Turkey,TUR,1983,3500
Turkey,TUR,1984,4000
Turkey,TUR,1985,4700
Turkey,TUR,1986,5000
Turkey,TUR,1987,5000
Turkey,TUR,1988,8000
Turkey,TUR,1989,8000
Turkey,TUR,1990,10000
Turkey,TUR,1991,10000
Turkey,TUR,1992,10000
Turkey,TUR,1993,10000
Turkey,TUR,1994,9300
Turkey,TUR,1995,9200
Turkey,TUR,1996,9400
Turkey,TUR,1997,10000
Turkey,TUR,1998,10500
Turkey,TUR,1999,11500
Turkey,TUR,2000,12000
Turkey,TUR,2001,13500
Turkey,TUR,2002,15000
Turkey,TUR,2003,15000
Turkey,TUR,2004,17000
Turkey,TUR,2005,18000
Turkey,TUR,2006,19297
Turkey,TUR,2007,23713
Turkey,TUR,2008,24302
Turkey,TUR,2009,25281
Turkey,TUR,2010,26277
Turkey,TUR,2011,28295
Turkey,TUR,2012,31765
Turkey,TUR,2013,33232
Turkey,TUR,2014,33470
Turkey,TUR,2015,33725
Turkey,TUR,2016,34650
Turkey,TUR,2017,38043
Turkey,TUR,2018,46676
Turkey,TUR,2019,51317
Turkey,TUR,2020,60661
Turkey,TUR,2021,77131
Turkey,TUR,2022,97560
Turkey,TUR,2023,127314
United Arab Emirates,ARE,1961,6000
United Arab Emirates,ARE,1962,6500
United Arab Emirates,ARE,1963,7000
United Arab Emirates,ARE,1964,7500
United Arab Emirates,ARE,1965,7500
United Arab Emirates,ARE,1966,7600
United Arab Emirates,ARE,1967,7500
United Arab Emirates,ARE,1968,7200
United Arab Emirates,ARE,1969,7600
United Arab Emirates,ARE,1970,8000
United Arab Emirates,ARE,1971,8400
United Arab Emirates,ARE,1972,8800
United Arab Emirates,ARE,1973,10612
United Arab Emirates,ARE,1974,18000
United Arab Emirates,ARE,1975,22000
United Arab Emirates,ARE,1976,26000
United Arab Emirates,ARE,1977,30159
United Arab Emirates,ARE,1978,38990
United Arab Emirates,ARE,1979,40219
United Arab Emirates,ARE,1980,51157
United Arab Emirates,ARE,1981,49068
United Arab Emirates,ARE,1982,58300
United Arab Emirates,ARE,1983,61629
United Arab Emirates,ARE,1984,52122
United Arab Emirates,ARE,1985,59718
United Arab Emirates,ARE,1986,78449
United Arab Emirates,ARE,1987,79471
United Arab Emirates,ARE,1988,141463
United Arab Emirates,ARE,1989,141463
United Arab Emirates,ARE,1990,141463
United Arab Emirates,ARE,1991,173110
United Arab Emirates,ARE,1992,230400
United Arab Emirates,ARE,1993,236135
United Arab Emirates,ARE,1994,236100
United Arab Emirates,ARE,1995,236965
United Arab Emirates,ARE,1996,244644
United Arab Emirates,ARE,1997,288190
United Arab Emirates,ARE,1998,290448
United Arab Emirates,ARE,1999,535964
United Arab Emirates,ARE,2000,757601
United Arab Emirates,ARE,2001,757601
United Arab Emirates,ARE,2002,757601
United Arab Emirates,ARE,2003,757601
United Arab Emirates,ARE,2004,760000
United Arab Emirates,ARE,2005,757601
United Arab Emirates,ARE,2006,757600
United Arab Emirates,ARE,2007,757600
United Arab Emirates,ARE,2008,757600
United Arab Emirates,ARE,2009,759000
United Arab Emirates,ARE,2010,825300
United Arab Emirates,ARE,2011,239164
United Arab Emirates,ARE,2012,221529
United Arab Emirates,ARE,2013,237864
United Arab Emirates,ARE,2014,325768
United Arab Emirates,ARE,2015,402937
United Arab Emirates,ARE,2016,410958
United Arab Emirates,ARE,2017,344713.5
United Arab Emirates,ARE,2018,345119
United Arab Emirates,ARE,2019,341245.8
United Arab Emirates,ARE,2020,351462
United Arab Emirates,ARE,2021,382988.28
United Arab Emirates,ARE,2022,351426
United Arab Emirates,ARE,2023,329446.9
United States,USA,1961,19414
United States,USA,1962,21954
United States,USA,1963,20049
United States,USA,1964,22045
United States,USA,1965,19050
United States,USA,1966,19323
United States,USA,1967,18870
United States,USA,1968,20865
United States,USA,1969,14968
United States,USA,1970,16511
United States,USA,1971,17690
United States,USA,1972,14243
United States,USA,1973,20956
United States,USA,1974,20593
United States,USA,1975,22498
United States,USA,1976,20321
United States,USA,1977,23040
United States,USA,1978,19550
United States,USA,1979,19320
United States,USA,1980,20320
United States,USA,1981,20230
United States,USA,1982,21680
United States,USA,1983,15420
United States,USA,1984,19960
United States,USA,1985,26300
United States,USA,1986,16300
United States,USA,1987,17200
United States,USA,1988,19960
United States,USA,1989,19960
United States,USA,1990,21770
United States,USA,1991,19960
United States,USA,1992,19050
United States,USA,1993,26300
United States,USA,1994,20860
United States,USA,1995,20590
United States,USA,1996,20860
United States,USA,1997,22590
United States,USA,1998,22510
United States,USA,1999,20140
United States,USA,2000,15785
United States,USA,2001,17872
United States,USA,2002,21954
United States,USA,2003,16239
United States,USA,2004,15604
United States,USA,2005,16148
United States,USA,2006,15422
United States,USA,2007,14787
United States,USA,2008,18960
United States,USA,2009,21500
United States,USA,2010,26308
United States,USA,2011,30028
United States,USA,2012,28213
United States,USA,2013,27669
United States,USA,2014,30300
United States,USA,2015,35380
United States,USA,2016,33874
United States,USA,2017,39300
United States,USA,2018,37240
United States,USA,2019,55701.16
United States,USA,2020,56789.78
United States,USA,2021,61190
United States,USA,2022,58510
United States,USA,2023,44500
Yemen,YEM,1961,38100
Yemen,YEM,1962,38300
Yemen,YEM,1963,40995
Yemen,YEM,1964,41195
Yemen,YEM,1965,41395
Yemen,YEM,1966,44640
Yemen,YEM,1967,36700
Yemen,YEM,1968,34400
Yemen,YEM,1969,32600
Yemen,YEM,1970,29000
Yemen,YEM,1971,29000
Yemen,YEM,1972,27000
Yemen,YEM,1973,25000
Yemen,YEM,1974,25000
Yemen,YEM,1975,24860
Yemen,YEM,1976,28870
Yemen,YEM,1977,30830
Yemen,YEM,1978,15220
Yemen,YEM,1979,15150
Yemen,YEM,1980,14240
Yemen,YEM,1981,16680
Yemen,YEM,1982,17189
Yemen,YEM,1983,17329
Yemen,YEM,1984,24664
Yemen,YEM,1985,28000
Yemen,YEM,1986,30848
Yemen,YEM,1987,30702
Yemen,YEM,1988,32917
Yemen,YEM,1989,24898
Yemen,YEM,1990,20697
Yemen,YEM,1991,20906
Yemen,YEM,1992,21114
Yemen,YEM,1993,21536
Yemen,YEM,1994,20595
Yemen,YEM,1995,23188
Yemen,YEM,1996,24158
Yemen,YEM,1997,26205
Yemen,YEM,1998,26894
Yemen,YEM,1999,28517
Yemen,YEM,2000,29837
Yemen,YEM,2001,31590
Yemen,YEM,2002,32364
Yemen,YEM,2003,33312
Yemen,YEM,2004,28576
Yemen,YEM,2005,29990
Yemen,YEM,2006,50090
Yemen,YEM,2007,53596
Yemen,YEM,2008,55204
Yemen,YEM,2009,56760
Yemen,YEM,2010,57849
Yemen,YEM,2011,55828
Yemen,YEM,2012,55181
Yemen,YEM,2013,54197
Yemen,YEM,2014,52288
Yemen,YEM,2015,49769
Yemen,YEM,2016,48360
Yemen,YEM,2017,48168
Yemen,YEM,2018,46550
Yemen,YEM,2019,64375
Yemen,YEM,2020,64331
Yemen,YEM,2021,66139
Yemen,YEM,2022,67064.52
Yemen,YEM,2023,66797.24
