Entity,Code,Year,Pepper | 00000687 || Production | 005510 || tonnes
Benin,BEN,1961,100
Benin,BEN,1962,100
Benin,BEN,1963,100
Benin,BEN,1964,100
Benin,BEN,1965,100
Benin,BEN,1966,100
Benin,BEN,1967,150
Benin,BEN,1968,100
Benin,BEN,1969,100
Benin,BEN,1970,100
Benin,BEN,1971,100
Benin,BEN,1972,100
Benin,BEN,1973,100
Benin,BEN,1974,200
Benin,BEN,1975,150
Benin,BEN,1976,200
Benin,BEN,1977,150
Benin,BEN,1978,150
Benin,BEN,1979,150
Benin,BEN,1980,150
Benin,BEN,1981,150
Benin,BEN,1982,150
Benin,BEN,1983,150
Benin,BEN,1984,150
Benin,BEN,1985,150
Benin,BEN,1986,150
Benin,BEN,1987,150
Benin,BEN,1988,150
Benin,BEN,1989,150
Benin,BEN,1990,191
Benin,BEN,1991,128.81
Benin,BEN,1992,130.57
Benin,BEN,1993,132.33
Benin,BEN,1994,134.09
Benin,BEN,1995,135.85
Benin,BEN,1996,137.6
Benin,BEN,1997,139.36
Benin,BEN,1998,141.12
Benin,BEN,1999,142.88
Benin,BEN,2000,144.64
Benin,BEN,2001,146.4
Benin,BEN,2002,148.15
Benin,BEN,2003,149.91
Benin,BEN,2004,151.67
Benin,BEN,2005,152.91
Benin,BEN,2006,154.96
Benin,BEN,2007,160
Benin,BEN,2008,156.55
Benin,BEN,2009,150
Benin,BEN,2010,163.79
Benin,BEN,2011,168
Benin,BEN,2012,170
Benin,BEN,2013,169.23
Benin,BEN,2014,169.29
Benin,BEN,2015,172.17
Benin,BEN,2016,174.35
Benin,BEN,2017,176.13
Benin,BEN,2018,177.88
Benin,BEN,2019,179.68
Benin,BEN,2020,181.8
Benin,BEN,2021,183.1
Benin,BEN,2022,184.84
Benin,BEN,2023,183.25
Bolivia,BOL,1987,15
Bolivia,BOL,1988,15
Bolivia,BOL,1989,17
Bolivia,BOL,1990,19
Bolivia,BOL,1991,22
Bolivia,BOL,1992,24
Bolivia,BOL,1993,26
Bolivia,BOL,1994,28
Bolivia,BOL,1995,28
Bolivia,BOL,1996,39
Bolivia,BOL,1997,248
Bolivia,BOL,1998,629
Bolivia,BOL,1999,634
Bolivia,BOL,2000,639
Bolivia,BOL,2001,763
Bolivia,BOL,2002,831
Bolivia,BOL,2003,912
Bolivia,BOL,2004,1044
Bolivia,BOL,2005,1164
Bolivia,BOL,2006,1171
Bolivia,BOL,2007,1170
Bolivia,BOL,2008,1261
Bolivia,BOL,2009,1263
Bolivia,BOL,2010,644.09
Bolivia,BOL,2011,27.18
Bolivia,BOL,2012,27.19
Bolivia,BOL,2013,25.72
Bolivia,BOL,2014,25.96
Bolivia,BOL,2015,25.94
Bolivia,BOL,2016,26.49
Bolivia,BOL,2017,27
Bolivia,BOL,2018,27.51
Bolivia,BOL,2019,27
Bolivia,BOL,2020,27.17
Bolivia,BOL,2021,27.23
Bolivia,BOL,2022,27.13
Bolivia,BOL,2023,27.18
Brazil,BRA,1961,4688
Brazil,BRA,1962,3753
Brazil,BRA,1963,6454
Brazil,BRA,1964,6461
Brazil,BRA,1965,8923
Brazil,BRA,1966,9584
Brazil,BRA,1967,10323
Brazil,BRA,1968,14094
Brazil,BRA,1969,14031
Brazil,BRA,1970,14267
Brazil,BRA,1971,15092
Brazil,BRA,1972,15527
Brazil,BRA,1973,24980
Brazil,BRA,1974,27876
Brazil,BRA,1975,28720
Brazil,BRA,1976,30380
Brazil,BRA,1977,37877
Brazil,BRA,1978,47015
Brazil,BRA,1979,49006
Brazil,BRA,1980,62563
Brazil,BRA,1981,40436
Brazil,BRA,1982,51083
Brazil,BRA,1983,32346
Brazil,BRA,1984,43599
Brazil,BRA,1985,37941
Brazil,BRA,1986,45296
Brazil,BRA,1987,45984
Brazil,BRA,1988,59351
Brazil,BRA,1989,64534
Brazil,BRA,1990,78155
Brazil,BRA,1991,83906
Brazil,BRA,1992,33034
Brazil,BRA,1993,42270
Brazil,BRA,1994,34927
Brazil,BRA,1995,33852
Brazil,BRA,1996,32318
Brazil,BRA,1997,22359
Brazil,BRA,1998,23050
Brazil,BRA,1999,27727
Brazil,BRA,2000,38685
Brazil,BRA,2001,50140
Brazil,BRA,2002,58588
Brazil,BRA,2003,67197
Brazil,BRA,2004,65800
Brazil,BRA,2005,79102
Brazil,BRA,2006,80316
Brazil,BRA,2007,77770
Brazil,BRA,2008,69600
Brazil,BRA,2009,65398
Brazil,BRA,2010,52137
Brazil,BRA,2011,44610
Brazil,BRA,2012,43345
Brazil,BRA,2013,42312
Brazil,BRA,2014,42339
Brazil,BRA,2015,51739
Brazil,BRA,2016,54430
Brazil,BRA,2017,79106
Brazil,BRA,2018,101624
Brazil,BRA,2019,109401
Brazil,BRA,2020,114749
Brazil,BRA,2021,118057
Brazil,BRA,2022,129212
Brazil,BRA,2023,126548
Brunei,BRN,1961,6
Brunei,BRN,1962,6
Brunei,BRN,1963,8
Brunei,BRN,1964,8
Brunei,BRN,1965,10
Brunei,BRN,1966,7
Brunei,BRN,1967,8
Brunei,BRN,1968,11
Brunei,BRN,1969,3
Brunei,BRN,1970,6
Brunei,BRN,1971,6
Brunei,BRN,1972,31
Brunei,BRN,1973,35
Brunei,BRN,1974,30
Brunei,BRN,1975,6
Brunei,BRN,1976,9
Brunei,BRN,1977,10
Brunei,BRN,1978,19
Brunei,BRN,1979,11
Brunei,BRN,1980,16
Brunei,BRN,1981,13
Brunei,BRN,1982,16
Brunei,BRN,1983,17
Brunei,BRN,1984,17
Brunei,BRN,1985,19
Brunei,BRN,1986,13
Brunei,BRN,1987,13
Brunei,BRN,1988,18
Brunei,BRN,1989,20
Brunei,BRN,1990,15.09
Brunei,BRN,1991,15
Brunei,BRN,1992,15.35
Brunei,BRN,1993,15.68
Brunei,BRN,1994,16
Brunei,BRN,1995,17.01
Brunei,BRN,1996,18
Brunei,BRN,1997,18.99
Brunei,BRN,1998,20
Brunei,BRN,1999,22.48
Brunei,BRN,2000,25
Brunei,BRN,2001,26
Brunei,BRN,2002,26.62
Brunei,BRN,2003,27.29
Brunei,BRN,2004,28
Brunei,BRN,2005,28
Brunei,BRN,2006,28.04
Brunei,BRN,2007,28.02
Brunei,BRN,2008,28.03
Brunei,BRN,2009,28.03
Brunei,BRN,2010,28.03
Brunei,BRN,2011,28.03
Brunei,BRN,2012,28
Brunei,BRN,2013,28.34
Brunei,BRN,2014,28.68
Brunei,BRN,2015,28.65
Brunei,BRN,2016,28.57
Brunei,BRN,2017,28.49
Brunei,BRN,2018,28.41
Brunei,BRN,2019,28.32
Brunei,BRN,2020,28.55
Brunei,BRN,2021,28.5
Brunei,BRN,2022,28.53
Brunei,BRN,2023,28.55
Burkina Faso,BFA,2013,19000
Burkina Faso,BFA,2014,30000
Burkina Faso,BFA,2015,36000
Burkina Faso,BFA,2016,43000
Burkina Faso,BFA,2017,29000
Burkina Faso,BFA,2018,72000
Burkina Faso,BFA,2019,54000
Burkina Faso,BFA,2020,63000
Burkina Faso,BFA,2021,68025.71
Burkina Faso,BFA,2022,76908.52
Burkina Faso,BFA,2023,73836.2
Cambodia,KHM,1961,1300
Cambodia,KHM,1962,1400
Cambodia,KHM,1963,1450
Cambodia,KHM,1964,1500
Cambodia,KHM,1965,1500
Cambodia,KHM,1966,1600
Cambodia,KHM,1967,2520
Cambodia,KHM,1968,1800
Cambodia,KHM,1969,1670
Cambodia,KHM,1970,1670
Cambodia,KHM,1971,1670
Cambodia,KHM,1972,1470
Cambodia,KHM,1973,1300
Cambodia,KHM,1974,1200
Cambodia,KHM,1975,1300
Cambodia,KHM,1976,1250
Cambodia,KHM,1977,1100
Cambodia,KHM,1978,900
Cambodia,KHM,1979,700
Cambodia,KHM,1980,790
Cambodia,KHM,1981,780
Cambodia,KHM,1982,800
Cambodia,KHM,1983,900
Cambodia,KHM,1984,1000
Cambodia,KHM,1985,1200
Cambodia,KHM,1986,1350
Cambodia,KHM,1987,1400
Cambodia,KHM,1988,1440
Cambodia,KHM,1989,1500
Cambodia,KHM,1990,1600
Cambodia,KHM,1991,1700
Cambodia,KHM,1992,1800
Cambodia,KHM,1993,1900
Cambodia,KHM,1994,2000
Cambodia,KHM,1995,2000
Cambodia,KHM,1996,1800
Cambodia,KHM,1997,2000
Cambodia,KHM,1998,2100
Cambodia,KHM,1999,2200
Cambodia,KHM,2000,2200
Cambodia,KHM,2001,2300
Cambodia,KHM,2002,2327.63
Cambodia,KHM,2003,2400
Cambodia,KHM,2004,2420.43
Cambodia,KHM,2005,2500
Cambodia,KHM,2006,2476.44
Cambodia,KHM,2007,2467.7
Cambodia,KHM,2008,2460.73
Cambodia,KHM,2009,2454.16
Cambodia,KHM,2010,2446.95
Cambodia,KHM,2011,2439.25
Cambodia,KHM,2012,2400
Cambodia,KHM,2013,2467.81
Cambodia,KHM,2014,2505.38
Cambodia,KHM,2015,2502.77
Cambodia,KHM,2016,2500.03
Cambodia,KHM,2017,2498.64
Cambodia,KHM,2018,2496.84
Cambodia,KHM,2019,2494.73
Cambodia,KHM,2020,2505.97
Cambodia,KHM,2021,2498.02
Cambodia,KHM,2022,2501.55
Cambodia,KHM,2023,2505.08
Cameroon,CMR,1961,20
Cameroon,CMR,1962,20
Cameroon,CMR,1963,30
Cameroon,CMR,1964,30
Cameroon,CMR,1965,40
Cameroon,CMR,1966,39
Cameroon,CMR,1967,60
Cameroon,CMR,1968,60
Cameroon,CMR,1969,20
Cameroon,CMR,1970,20
Cameroon,CMR,1971,33
Cameroon,CMR,1972,43
Cameroon,CMR,1973,57
Cameroon,CMR,1974,60
Cameroon,CMR,1975,56
Cameroon,CMR,1976,48
Cameroon,CMR,1977,57
Cameroon,CMR,1978,60
Cameroon,CMR,1979,58
Cameroon,CMR,1980,62
Cameroon,CMR,1981,66
Cameroon,CMR,1982,51
Cameroon,CMR,1983,60
Cameroon,CMR,1984,60
Cameroon,CMR,1985,60
Cameroon,CMR,1986,60
Cameroon,CMR,1987,61
Cameroon,CMR,1988,61
Cameroon,CMR,1989,61
Cameroon,CMR,1990,68
Cameroon,CMR,1991,63
Cameroon,CMR,1992,66.27
Cameroon,CMR,1993,65
Cameroon,CMR,1994,68.71
Cameroon,CMR,1995,69.92
Cameroon,CMR,1996,70
Cameroon,CMR,1997,72.55
Cameroon,CMR,1998,73.98
Cameroon,CMR,1999,75.44
Cameroon,CMR,2000,76.9
Cameroon,CMR,2001,78.35
Cameroon,CMR,2002,79.78
Cameroon,CMR,2003,80.88
Cameroon,CMR,2004,82.28
Cameroon,CMR,2005,83.63
Cameroon,CMR,2006,84.91
Cameroon,CMR,2007,88.31
Cameroon,CMR,2008,89.52
Cameroon,CMR,2009,100
Cameroon,CMR,2010,105
Cameroon,CMR,2011,92.37
Cameroon,CMR,2012,74
Cameroon,CMR,2013,88.32
Cameroon,CMR,2014,93.28
Cameroon,CMR,2015,92.5
Cameroon,CMR,2016,93.93
Cameroon,CMR,2017,95.43
Cameroon,CMR,2018,96.41
Cameroon,CMR,2019,97.1
Cameroon,CMR,2020,97.69
Cameroon,CMR,2021,97.33
Cameroon,CMR,2022,97.81
Cameroon,CMR,2023,98.29
China,CHN,1961,1000
China,CHN,1962,1200
China,CHN,1963,1200
China,CHN,1964,1000
China,CHN,1965,1200
China,CHN,1966,1250
China,CHN,1967,1500
China,CHN,1968,1600
China,CHN,1969,1400
China,CHN,1970,1500
China,CHN,1971,1500
China,CHN,1972,1600
China,CHN,1973,1650
China,CHN,1974,1600
China,CHN,1975,1700
China,CHN,1976,1750
China,CHN,1977,1800
China,CHN,1978,1850
China,CHN,1979,1850
China,CHN,1980,1900
China,CHN,1981,2000
China,CHN,1982,2500
China,CHN,1983,3000
China,CHN,1984,3500
China,CHN,1985,3500
China,CHN,1986,4000
China,CHN,1987,5000
China,CHN,1988,6975
China,CHN,1989,8882
China,CHN,1990,10993
China,CHN,1991,9000
China,CHN,1992,13000
China,CHN,1993,12000
China,CHN,1994,13000
China,CHN,1995,12000
China,CHN,1996,14000
China,CHN,1997,15000
China,CHN,1998,17000
China,CHN,1999,18000
China,CHN,2000,17500
China,CHN,2001,18500
China,CHN,2002,20500
China,CHN,2003,21500
China,CHN,2004,22000
China,CHN,2005,22500
China,CHN,2006,24000
China,CHN,2007,26000
China,CHN,2008,27000
China,CHN,2009,28000
China,CHN,2010,30000
China,CHN,2011,29000
China,CHN,2012,31000
China,CHN,2013,31200
China,CHN,2014,32723.12
China,CHN,2015,34007.75
China,CHN,2016,32643.63
China,CHN,2017,33124.83
China,CHN,2018,34846.54
China,CHN,2019,33538.33
China,CHN,2020,33836.57
China,CHN,2021,34073.82
China,CHN,2022,33816.24
China,CHN,2023,33908.88
Costa Rica,CRI,1981,250
Costa Rica,CRI,1982,350
Costa Rica,CRI,1983,450
Costa Rica,CRI,1984,550
Costa Rica,CRI,1985,650
Costa Rica,CRI,1986,750
Costa Rica,CRI,1987,850
Costa Rica,CRI,1988,870
Costa Rica,CRI,1989,870
Costa Rica,CRI,1990,868
Costa Rica,CRI,1991,1950
Costa Rica,CRI,1992,2170
Costa Rica,CRI,1993,1952
Costa Rica,CRI,1994,1944
Costa Rica,CRI,1995,2000
Costa Rica,CRI,1996,2000
Costa Rica,CRI,1997,2000
Costa Rica,CRI,1998,504
Costa Rica,CRI,1999,564
Costa Rica,CRI,2000,373
Costa Rica,CRI,2001,258
Costa Rica,CRI,2002,281
Costa Rica,CRI,2003,1240
Costa Rica,CRI,2004,960
Costa Rica,CRI,2005,964.82
Costa Rica,CRI,2006,995
Costa Rica,CRI,2007,995
Costa Rica,CRI,2008,995
Costa Rica,CRI,2009,1040
Costa Rica,CRI,2010,1040
Costa Rica,CRI,2011,1040
Costa Rica,CRI,2012,1040
Costa Rica,CRI,2013,1040
Costa Rica,CRI,2014,1960
Costa Rica,CRI,2015,2028
Costa Rica,CRI,2016,1138
Costa Rica,CRI,2017,1690
Costa Rica,CRI,2018,1806
Costa Rica,CRI,2019,1544.67
Costa Rica,CRI,2020,1680.22
Costa Rica,CRI,2021,1676.96
Costa Rica,CRI,2022,1633.95
Costa Rica,CRI,2023,1663.71
Cote d'Ivoire,CIV,1961,50
Cote d'Ivoire,CIV,1962,50
Cote d'Ivoire,CIV,1963,60
Cote d'Ivoire,CIV,1964,80
Cote d'Ivoire,CIV,1965,80
Cote d'Ivoire,CIV,1966,80
Cote d'Ivoire,CIV,1967,70
Cote d'Ivoire,CIV,1968,75
Cote d'Ivoire,CIV,1969,70
Cote d'Ivoire,CIV,1970,100
Cote d'Ivoire,CIV,1971,60
Cote d'Ivoire,CIV,1972,80
Cote d'Ivoire,CIV,1973,70
Cote d'Ivoire,CIV,1974,90
Cote d'Ivoire,CIV,1975,90
Cote d'Ivoire,CIV,1976,120
Cote d'Ivoire,CIV,1977,100
Cote d'Ivoire,CIV,1978,100
Cote d'Ivoire,CIV,1979,100
Cote d'Ivoire,CIV,1980,100
Cote d'Ivoire,CIV,1981,300
Cote d'Ivoire,CIV,1982,100
Cote d'Ivoire,CIV,1983,100
Cote d'Ivoire,CIV,1984,100
Cote d'Ivoire,CIV,1985,100
Cote d'Ivoire,CIV,1986,100
Cote d'Ivoire,CIV,1987,100
Cote d'Ivoire,CIV,1988,100
Cote d'Ivoire,CIV,1989,100
Cote d'Ivoire,CIV,1990,127
Cote d'Ivoire,CIV,1991,1605.86
Cote d'Ivoire,CIV,1992,1547.35
Cote d'Ivoire,CIV,1993,1488.84
Cote d'Ivoire,CIV,1994,1430.33
Cote d'Ivoire,CIV,1995,1371.81
Cote d'Ivoire,CIV,1996,1313.3
Cote d'Ivoire,CIV,1997,1254.79
Cote d'Ivoire,CIV,1998,1196.28
Cote d'Ivoire,CIV,1999,1137.77
Cote d'Ivoire,CIV,2000,1079.26
Cote d'Ivoire,CIV,2001,1020.74
Cote d'Ivoire,CIV,2002,962.23
Cote d'Ivoire,CIV,2003,903.72
Cote d'Ivoire,CIV,2004,845.21
Cote d'Ivoire,CIV,2005,854
Cote d'Ivoire,CIV,2006,740.02
Cote d'Ivoire,CIV,2007,647.77
Cote d'Ivoire,CIV,2008,734.61
Cote d'Ivoire,CIV,2009,500
Cote d'Ivoire,CIV,2010,480.33
Cote d'Ivoire,CIV,2011,418.18
Cote d'Ivoire,CIV,2012,325
Cote d'Ivoire,CIV,2013,325
Cote d'Ivoire,CIV,2014,302.42
Cote d'Ivoire,CIV,2015,266.95
Cote d'Ivoire,CIV,2016,230
Cote d'Ivoire,CIV,2017,250
Cote d'Ivoire,CIV,2018,248.98
Cote d'Ivoire,CIV,2019,242.99
Cote d'Ivoire,CIV,2020,247.33
Cote d'Ivoire,CIV,2021,246.43
Cote d'Ivoire,CIV,2022,245.58
Cote d'Ivoire,CIV,2023,246.45
Ecuador,ECU,1999,3600
Ecuador,ECU,2000,3700
Ecuador,ECU,2001,4100
Ecuador,ECU,2002,4000
Ecuador,ECU,2003,4200
Ecuador,ECU,2004,5250
Ecuador,ECU,2005,3062
Ecuador,ECU,2006,3075
Ecuador,ECU,2007,3100
Ecuador,ECU,2008,3200
Ecuador,ECU,2009,3300
Ecuador,ECU,2010,3014.82
Ecuador,ECU,2011,2860.27
Ecuador,ECU,2012,2400
Ecuador,ECU,2013,2565.31
Ecuador,ECU,2014,2512.4
Ecuador,ECU,2015,2478.43
Ecuador,ECU,2016,3400
Ecuador,ECU,2017,4300
Ecuador,ECU,2018,4700
Ecuador,ECU,2019,4600
Ecuador,ECU,2020,4152.04
Ecuador,ECU,2021,3581.19
Ecuador,ECU,2022,3515.28
Ecuador,ECU,2023,3457.38
Ethiopia,ETH,1993,300
Ethiopia,ETH,1994,400
Ethiopia,ETH,1995,450
Ethiopia,ETH,1996,500
Ethiopia,ETH,1997,550
Ethiopia,ETH,1998,600
Ethiopia,ETH,1999,650
Ethiopia,ETH,2000,700
Ethiopia,ETH,2001,750
Ethiopia,ETH,2002,800
Ethiopia,ETH,2003,850
Ethiopia,ETH,2004,900
Ethiopia,ETH,2005,950
Ethiopia,ETH,2006,1000
Ethiopia,ETH,2007,1061.22
Ethiopia,ETH,2008,1090.68
Ethiopia,ETH,2009,1500
Ethiopia,ETH,2010,2100
Ethiopia,ETH,2011,3100
Ethiopia,ETH,2012,3800
Ethiopia,ETH,2013,3800
Ethiopia,ETH,2014,4086.62
Ethiopia,ETH,2015,4340.41
Ethiopia,ETH,2016,4600
Ethiopia,ETH,2017,4342.34
Ethiopia,ETH,2018,4427.58
Ethiopia,ETH,2019,4541.87
Ethiopia,ETH,2020,4437.26
Ethiopia,ETH,2021,4468.9
Ethiopia,ETH,2022,4482.68
Ethiopia,ETH,2023,4462.95
Fiji,FJI,1961,50
Fiji,FJI,1962,50
Fiji,FJI,1963,50
Fiji,FJI,1964,50
Fiji,FJI,1965,50
Fiji,FJI,1966,30
Fiji,FJI,1967,50
Fiji,FJI,1968,55
Fiji,FJI,1969,60
Fiji,FJI,1970,65
Fiji,FJI,1971,70
Fiji,FJI,1972,75
Fiji,FJI,1973,80
Fiji,FJI,1974,85
Fiji,FJI,1975,90
Fiji,FJI,1976,95
Fiji,FJI,1977,100
Fiji,FJI,1978,100
Fiji,FJI,1979,110
Fiji,FJI,1980,110
Fiji,FJI,1981,120
Fiji,FJI,1982,120
Fiji,FJI,1983,120
Fiji,FJI,1984,130
Fiji,FJI,1985,130
Fiji,FJI,1986,130
Fiji,FJI,1987,130
Fiji,FJI,1988,135
Fiji,FJI,1989,135
Fiji,FJI,1990,142
Fiji,FJI,1991,140
Fiji,FJI,1992,145
Fiji,FJI,1993,147.92
Fiji,FJI,1994,150
Fiji,FJI,1995,146.33
Fiji,FJI,1996,140
Fiji,FJI,1997,140.49
Fiji,FJI,1998,150
Fiji,FJI,1999,160
Fiji,FJI,2000,159.37
Fiji,FJI,2001,160
Fiji,FJI,2002,160
Fiji,FJI,2003,160
Fiji,FJI,2004,160
Fiji,FJI,2005,160
Fiji,FJI,2006,160
Fiji,FJI,2007,160
Fiji,FJI,2008,160
Fiji,FJI,2009,152.63
Fiji,FJI,2010,145.37
Fiji,FJI,2011,137.87
Fiji,FJI,2012,120
Fiji,FJI,2013,124.6
Fiji,FJI,2014,123.94
Fiji,FJI,2015,111.96
Fiji,FJI,2016,120.16
Fiji,FJI,2017,122.77
Fiji,FJI,2018,123.85
Fiji,FJI,2019,124.71
Fiji,FJI,2020,119.83
Fiji,FJI,2021,118.8
Fiji,FJI,2022,117.9
Fiji,FJI,2023,117
French Polynesia,PYF,2018,68
French Polynesia,PYF,2019,99
French Polynesia,PYF,2020,85
French Polynesia,PYF,2021,66
French Polynesia,PYF,2022,69
French Polynesia,PYF,2023,74.86
Georgia,GEO,1992,100
Georgia,GEO,1993,120
Georgia,GEO,1994,80
Georgia,GEO,1995,60
Georgia,GEO,1998,55
Georgia,GEO,2000,50
Georgia,GEO,2001,55
Georgia,GEO,2002,50
Georgia,GEO,2005,50
Georgia,GEO,2006,50
Georgia,GEO,2007,50
Georgia,GEO,2008,50
Georgia,GEO,2009,50
Ghana,GHA,1996,1500
Ghana,GHA,1997,1764.76
Ghana,GHA,1998,2000
Ghana,GHA,1999,2210.41
Ghana,GHA,2000,2500
Ghana,GHA,2001,2555.85
Ghana,GHA,2002,2700
Ghana,GHA,2003,2900
Ghana,GHA,2004,2700
Ghana,GHA,2005,2900
Ghana,GHA,2006,3000
Ghana,GHA,2007,3100
Ghana,GHA,2008,3190.91
Ghana,GHA,2009,3257.91
Ghana,GHA,2010,3335.52
Ghana,GHA,2011,3412.6
Ghana,GHA,2012,3500
Ghana,GHA,2013,3565.19
Ghana,GHA,2014,3625.38
Ghana,GHA,2015,3857.44
Ghana,GHA,2016,3682.67
Ghana,GHA,2017,3728
Ghana,GHA,2018,3752.16
Ghana,GHA,2019,3788.16
Ghana,GHA,2020,3756.1
Ghana,GHA,2021,3765.47
Ghana,GHA,2022,3769.91
Ghana,GHA,2023,3763.83
Grenada,GRD,2016,604
Grenada,GRD,2017,606.5
Grenada,GRD,2018,705.5
Grenada,GRD,2019,438.7
Grenada,GRD,2020,505.5
Grenada,GRD,2021,372.3
Grenada,GRD,2022,330.7
Grenada,GRD,2023,187.7
Guatemala,GTM,1961,100
Guatemala,GTM,1962,100
Guatemala,GTM,1963,150
Guatemala,GTM,1964,150
Guatemala,GTM,1965,200
Guatemala,GTM,1966,250
Guatemala,GTM,1967,270
Guatemala,GTM,1968,270
Guatemala,GTM,1969,300
Guatemala,GTM,1970,300
Guatemala,GTM,1971,300
Guatemala,GTM,1972,300
Guatemala,GTM,1973,300
Guatemala,GTM,1974,350
Guatemala,GTM,1975,350
Guatemala,GTM,1976,400
Guatemala,GTM,1977,400
Guatemala,GTM,1978,350
Guatemala,GTM,1979,350
Guatemala,GTM,1980,300
Guatemala,GTM,1981,300
Guatemala,GTM,1982,200
Guatemala,GTM,1983,150
Guatemala,GTM,1984,150
Guatemala,GTM,1985,300
Guatemala,GTM,1986,700
Guatemala,GTM,1987,300
Guatemala,GTM,1988,300
Guatemala,GTM,1989,180
Guatemala,GTM,1990,350
Guatemala,GTM,1991,360
Guatemala,GTM,1992,370
Guatemala,GTM,1993,380
Guatemala,GTM,1994,374.22
Guatemala,GTM,1995,390
Guatemala,GTM,1996,400
Guatemala,GTM,1997,410
Guatemala,GTM,1998,409.91
Guatemala,GTM,1999,400
Guatemala,GTM,2000,424.16
Guatemala,GTM,2001,390
Guatemala,GTM,2002,444.8
Guatemala,GTM,2003,459.92
Guatemala,GTM,2004,472.38
Guatemala,GTM,2005,483.25
Guatemala,GTM,2006,400
Guatemala,GTM,2007,491.14
Guatemala,GTM,2008,502.23
Guatemala,GTM,2009,491.59
Guatemala,GTM,2010,350
Guatemala,GTM,2011,750
Guatemala,GTM,2012,750
Guatemala,GTM,2013,660
Guatemala,GTM,2014,850
Guatemala,GTM,2015,783.72
Guatemala,GTM,2016,761.7
Guatemala,GTM,2017,769.4
Guatemala,GTM,2018,779.09
Guatemala,GTM,2019,791
Guatemala,GTM,2020,779.83
Guatemala,GTM,2021,783.31
Guatemala,GTM,2022,784.71
Guatemala,GTM,2023,782.62
Guyana,GUY,1997,170
Guyana,GUY,1998,186.28
Guyana,GUY,1999,197.56
Guyana,GUY,2000,200
Guyana,GUY,2001,300
Guyana,GUY,2002,350
Guyana,GUY,2003,360
Guyana,GUY,2004,368.86
Guyana,GUY,2005,381.49
Guyana,GUY,2006,393.6
Guyana,GUY,2007,420
Guyana,GUY,2008,450
Guyana,GUY,2009,423.48
Guyana,GUY,2010,300
Guyana,GUY,2011,297.58
Guyana,GUY,2012,260
Guyana,GUY,2013,344.09
Guyana,GUY,2014,381.32
Guyana,GUY,2015,316.85
Guyana,GUY,2016,347.42
Guyana,GUY,2017,348.25
Guyana,GUY,2018,346.05
Guyana,GUY,2019,339.08
Guyana,GUY,2020,344.46
Guyana,GUY,2021,343.2
Guyana,GUY,2022,342.24
Guyana,GUY,2023,343.3
Honduras,HND,1961,50
Honduras,HND,1962,50
Honduras,HND,1963,50
Honduras,HND,1964,50
Honduras,HND,1965,100
Honduras,HND,1966,100
Honduras,HND,1967,100
Honduras,HND,1968,100
Honduras,HND,1969,100
Honduras,HND,1970,150
Honduras,HND,1971,100
Honduras,HND,1972,100
Honduras,HND,1973,100
Honduras,HND,1974,100
Honduras,HND,1975,200
Honduras,HND,1976,100
Honduras,HND,1977,200
Honduras,HND,1978,150
Honduras,HND,1979,150
Honduras,HND,1980,200
Honduras,HND,1981,300
Honduras,HND,1982,150
Honduras,HND,1983,250
Honduras,HND,1984,300
Honduras,HND,1985,170
Honduras,HND,1986,150
Honduras,HND,1987,150
Honduras,HND,1988,400
Honduras,HND,1989,400
Honduras,HND,1990,300
Honduras,HND,1991,420
Honduras,HND,1992,160
Honduras,HND,1993,213
Honduras,HND,1994,400
Honduras,HND,1995,200
Honduras,HND,1996,282.57
Honduras,HND,1997,282.69
Honduras,HND,1998,310.62
Honduras,HND,1999,325.04
Honduras,HND,2000,343.13
Honduras,HND,2001,360
Honduras,HND,2002,401.14
Honduras,HND,2003,460
Honduras,HND,2004,471.37
Honduras,HND,2005,500.58
Honduras,HND,2006,700
Honduras,HND,2007,600
Honduras,HND,2008,520.55
Honduras,HND,2009,511.55
Honduras,HND,2010,503.05
Honduras,HND,2011,495.07
Honduras,HND,2012,360
Honduras,HND,2013,516.87
Honduras,HND,2014,568.02
Honduras,HND,2015,710
Honduras,HND,2016,553
Honduras,HND,2017,600
Honduras,HND,2018,550
Honduras,HND,2019,636.96
Honduras,HND,2020,670.19
Honduras,HND,2021,800
Honduras,HND,2022,729.43
Honduras,HND,2023,729.28
India,IND,1961,28000
India,IND,1962,26000
India,IND,1963,24000
India,IND,1964,24000
India,IND,1965,23000
India,IND,1966,27000
India,IND,1967,26000
India,IND,1968,25700
India,IND,1969,25500
India,IND,1970,26160
India,IND,1971,26160
India,IND,1972,26190
India,IND,1973,28700
India,IND,1974,28180
India,IND,1975,25570
India,IND,1976,31620
India,IND,1977,25620
India,IND,1978,21500
India,IND,1979,27700
India,IND,1980,29490
India,IND,1981,29500
India,IND,1982,29200
India,IND,1983,26610
India,IND,1984,22710
India,IND,1985,18220
India,IND,1986,34000
India,IND,1987,31340
India,IND,1988,48090
India,IND,1989,44160
India,IND,1990,55190
India,IND,1991,47950
India,IND,1992,52010
India,IND,1993,50760
India,IND,1994,51300
India,IND,1995,60700
India,IND,1996,61580
India,IND,1997,56000
India,IND,1998,57000
India,IND,1999,76000
India,IND,2000,59000
India,IND,2001,64000
India,IND,2002,62000
India,IND,2003,64000
India,IND,2004,73190
India,IND,2005,73020
India,IND,2006,92900
India,IND,2007,69000
India,IND,2008,47010
India,IND,2009,47400
India,IND,2010,51020
India,IND,2011,52000
India,IND,2012,41000
India,IND,2013,53000
India,IND,2014,51000
India,IND,2015,65000
India,IND,2016,55000
India,IND,2017,72000
India,IND,2018,66000
India,IND,2019,66000
India,IND,2020,66000
India,IND,2021,64768.36
India,IND,2022,64746.48
India,IND,2023,65739.64
Indonesia,IDN,1961,13600
Indonesia,IDN,1962,55400
Indonesia,IDN,1963,57900
Indonesia,IDN,1964,46400
Indonesia,IDN,1965,11000
Indonesia,IDN,1966,36300
Indonesia,IDN,1967,16500
Indonesia,IDN,1968,46665
Indonesia,IDN,1969,17070
Indonesia,IDN,1970,17219
Indonesia,IDN,1971,26661
Indonesia,IDN,1972,30802
Indonesia,IDN,1973,28510
Indonesia,IDN,1974,27492
Indonesia,IDN,1975,22934
Indonesia,IDN,1976,36854
Indonesia,IDN,1977,42794
Indonesia,IDN,1978,46159
Indonesia,IDN,1979,32354
Indonesia,IDN,1980,36626
Indonesia,IDN,1981,39833
Indonesia,IDN,1982,39647
Indonesia,IDN,1983,45825
Indonesia,IDN,1984,46050
Indonesia,IDN,1985,40516
Indonesia,IDN,1986,46373
Indonesia,IDN,1987,49271
Indonesia,IDN,1988,65278
Indonesia,IDN,1989,67849
Indonesia,IDN,1990,69899
Indonesia,IDN,1991,62549
Indonesia,IDN,1992,65014
Indonesia,IDN,1993,65782
Indonesia,IDN,1994,54043
Indonesia,IDN,1995,58955
Indonesia,IDN,1996,52168
Indonesia,IDN,1997,46600
Indonesia,IDN,1998,64500
Indonesia,IDN,1999,61200
Indonesia,IDN,2000,69087
Indonesia,IDN,2001,82078
Indonesia,IDN,2002,90181
Indonesia,IDN,2003,90740
Indonesia,IDN,2004,77008
Indonesia,IDN,2005,78328
Indonesia,IDN,2006,77534
Indonesia,IDN,2007,80420
Indonesia,IDN,2008,80420
Indonesia,IDN,2009,82834
Indonesia,IDN,2010,83700
Indonesia,IDN,2011,87100
Indonesia,IDN,2012,87841
Indonesia,IDN,2013,91000
Indonesia,IDN,2014,87400
Indonesia,IDN,2015,81501
Indonesia,IDN,2016,86334
Indonesia,IDN,2017,87991
Indonesia,IDN,2018,88949
Indonesia,IDN,2019,87619
Indonesia,IDN,2020,86083
Indonesia,IDN,2021,83316
Indonesia,IDN,2022,75205
Indonesia,IDN,2023,70169
Iraq,IRQ,2016,15488
Iraq,IRQ,2017,12584
Iraq,IRQ,2018,21931
Iraq,IRQ,2019,22034
Iraq,IRQ,2020,46130
Iraq,IRQ,2021,58781
Iraq,IRQ,2022,43528
Iraq,IRQ,2023,48584.57
Kenya,KEN,1961,0
Kenya,KEN,1962,0
Kenya,KEN,1963,0
Kenya,KEN,1964,0
Kenya,KEN,1965,0
Kenya,KEN,1966,0
Kenya,KEN,1967,0
Kenya,KEN,1968,0
Kenya,KEN,1969,0
Kenya,KEN,1970,0
Kenya,KEN,1971,0
Kenya,KEN,1972,0
Kenya,KEN,1973,0
Kenya,KEN,1974,0
Kenya,KEN,1975,0
Kenya,KEN,1976,0
Kenya,KEN,1977,0
Kenya,KEN,1978,0
Kenya,KEN,1979,0
Kenya,KEN,1980,0
Kenya,KEN,1981,0
Kenya,KEN,1982,0
Kenya,KEN,1983,0
Kenya,KEN,1984,0
Kenya,KEN,1985,0
Kenya,KEN,1986,0
Kenya,KEN,1987,0
Kenya,KEN,1988,0
Kenya,KEN,1989,0
Kenya,KEN,1990,0
Kenya,KEN,1991,200
Kenya,KEN,1992,300
Kenya,KEN,1993,400
Kenya,KEN,1994,300
Kenya,KEN,1995,281.88
Kenya,KEN,1996,314.61
Kenya,KEN,1997,332.39
Kenya,KEN,1998,400
Kenya,KEN,1999,327.37
Kenya,KEN,2000,300
Kenya,KEN,2001,299.34
Kenya,KEN,2002,302.8
Kenya,KEN,2003,310.54
Kenya,KEN,2004,320.09
Kenya,KEN,2005,330.71
Kenya,KEN,2006,341.7
Kenya,KEN,2007,387.81
Kenya,KEN,2008,398.48
Kenya,KEN,2009,340.53
Kenya,KEN,2010,319.87
Kenya,KEN,2011,299
Kenya,KEN,2012,240
Kenya,KEN,2013,245
Kenya,KEN,2014,279.53
Kenya,KEN,2015,309.97
Kenya,KEN,2016,278.17
Kenya,KEN,2017,341.13
Kenya,KEN,2018,445.44
Kenya,KEN,2019,600
Kenya,KEN,2020,900
Kenya,KEN,2021,1166
Kenya,KEN,2022,758.31
Kenya,KEN,2023,790.78
Kyrgyzstan,KGZ,1992,100
Kyrgyzstan,KGZ,1993,105.37
Kyrgyzstan,KGZ,1994,109.65
Kyrgyzstan,KGZ,1995,113.92
Kyrgyzstan,KGZ,1996,118.16
Kyrgyzstan,KGZ,1997,122.38
Kyrgyzstan,KGZ,1998,126.56
Kyrgyzstan,KGZ,1999,130.72
Kyrgyzstan,KGZ,2000,134.84
Kyrgyzstan,KGZ,2001,138.93
Kyrgyzstan,KGZ,2002,142.98
Kyrgyzstan,KGZ,2003,147.01
Kyrgyzstan,KGZ,2004,151.01
Kyrgyzstan,KGZ,2005,154.98
Kyrgyzstan,KGZ,2006,158.92
Kyrgyzstan,KGZ,2007,186.12
Kyrgyzstan,KGZ,2008,166.47
Kyrgyzstan,KGZ,2009,170.09
Kyrgyzstan,KGZ,2010,173.69
Kyrgyzstan,KGZ,2011,177.3
Kyrgyzstan,KGZ,2012,180
Kyrgyzstan,KGZ,2013,184.57
Kyrgyzstan,KGZ,2014,180
Kyrgyzstan,KGZ,2015,186.4
Kyrgyzstan,KGZ,2016,191
Kyrgyzstan,KGZ,2017,194.76
Kyrgyzstan,KGZ,2018,197.88
Kyrgyzstan,KGZ,2019,200.65
Kyrgyzstan,KGZ,2020,197.76
Kyrgyzstan,KGZ,2021,198.77
Kyrgyzstan,KGZ,2022,199.06
Kyrgyzstan,KGZ,2023,198.53
Madagascar,MDG,1961,2000
Madagascar,MDG,1962,1700
Madagascar,MDG,1963,2100
Madagascar,MDG,1964,2070
Madagascar,MDG,1965,1720
Madagascar,MDG,1966,2355
Madagascar,MDG,1967,2650
Madagascar,MDG,1968,2915
Madagascar,MDG,1969,2770
Madagascar,MDG,1970,2115
Madagascar,MDG,1971,3490
Madagascar,MDG,1972,2445
Madagascar,MDG,1973,3740
Madagascar,MDG,1974,2898
Madagascar,MDG,1975,4500
Madagascar,MDG,1976,4850
Madagascar,MDG,1977,4855
Madagascar,MDG,1978,2500
Madagascar,MDG,1979,2545
Madagascar,MDG,1980,2755
Madagascar,MDG,1981,2955
Madagascar,MDG,1982,2585
Madagascar,MDG,1983,2600
Madagascar,MDG,1984,2610
Madagascar,MDG,1985,2800
Madagascar,MDG,1986,2830
Madagascar,MDG,1987,3000
Madagascar,MDG,1988,3500
Madagascar,MDG,1989,3700
Madagascar,MDG,1990,1600
Madagascar,MDG,1991,2100
Madagascar,MDG,1992,2000
Madagascar,MDG,1993,2300
Madagascar,MDG,1994,2400
Madagascar,MDG,1995,2000
Madagascar,MDG,1996,2100
Madagascar,MDG,1997,1500
Madagascar,MDG,1998,1700
Madagascar,MDG,1999,1620
Madagascar,MDG,2000,1570
Madagascar,MDG,2001,1595
Madagascar,MDG,2002,1605
Madagascar,MDG,2003,1600
Madagascar,MDG,2004,4498
Madagascar,MDG,2005,4948
Madagascar,MDG,2006,5443
Madagascar,MDG,2007,5450
Madagascar,MDG,2008,5455
Madagascar,MDG,2009,5096.48
Madagascar,MDG,2010,5011.96
Madagascar,MDG,2011,4837.76
Madagascar,MDG,2012,4824.28
Madagascar,MDG,2013,4894.17
Madagascar,MDG,2014,4465
Madagascar,MDG,2015,6881
Madagascar,MDG,2016,6183
Madagascar,MDG,2017,5559
Madagascar,MDG,2018,5000
Madagascar,MDG,2019,4500
Madagascar,MDG,2020,4387.98
Madagascar,MDG,2021,5075.87
Madagascar,MDG,2022,4997.76
Madagascar,MDG,2023,5016.24
Malawi,MWI,1983,100
Malawi,MWI,1984,300
Malawi,MWI,1985,400
Malawi,MWI,1986,400
Malawi,MWI,1987,500
Malawi,MWI,1988,600
Malawi,MWI,1989,700
Malawi,MWI,1990,600
Malawi,MWI,1991,1000
Malawi,MWI,1992,900
Malawi,MWI,1993,800
Malawi,MWI,1994,900
Malawi,MWI,1995,1100
Malawi,MWI,1996,1300
Malawi,MWI,1997,1200
Malawi,MWI,1998,1300
Malawi,MWI,1999,1200
Malawi,MWI,2000,1100
Malawi,MWI,2001,1207.29
Malawi,MWI,2002,1226.67
Malawi,MWI,2003,1250.81
Malawi,MWI,2004,1273.42
Malawi,MWI,2005,1298.14
Malawi,MWI,2006,1321.81
Malawi,MWI,2007,994.12
Malawi,MWI,2008,1436.34
Malawi,MWI,2009,1545.22
Malawi,MWI,2010,1658.07
Malawi,MWI,2011,1966
Malawi,MWI,2012,1858
Malawi,MWI,2013,1858
Malawi,MWI,2014,1627.99
Malawi,MWI,2015,1077.78
Malawi,MWI,2016,681.34
Malawi,MWI,2017,294
Malawi,MWI,2018,292
Malawi,MWI,2019,400
Malawi,MWI,2020,481.86
Malawi,MWI,2021,492.19
Malawi,MWI,2022,459.96
Malawi,MWI,2023,351.05
Malaysia,MYS,1961,15000
Malaysia,MYS,1962,16000
Malaysia,MYS,1963,17000
Malaysia,MYS,1964,15000
Malaysia,MYS,1965,20000
Malaysia,MYS,1966,16129
Malaysia,MYS,1967,22781
Malaysia,MYS,1968,27730
Malaysia,MYS,1969,32892
Malaysia,MYS,1970,31600
Malaysia,MYS,1971,28000
Malaysia,MYS,1972,27837
Malaysia,MYS,1973,24296
Malaysia,MYS,1974,30206
Malaysia,MYS,1975,32885
Malaysia,MYS,1976,38928
Malaysia,MYS,1977,30068
Malaysia,MYS,1978,36818
Malaysia,MYS,1979,42005
Malaysia,MYS,1980,31570
Malaysia,MYS,1981,28846
Malaysia,MYS,1982,25258
Malaysia,MYS,1983,23548
Malaysia,MYS,1984,16626
Malaysia,MYS,1985,19070
Malaysia,MYS,1986,15380
Malaysia,MYS,1987,14185
Malaysia,MYS,1988,20000
Malaysia,MYS,1989,27604
Malaysia,MYS,1990,31191
Malaysia,MYS,1991,29065
Malaysia,MYS,1992,26515
Malaysia,MYS,1993,18003
Malaysia,MYS,1994,16370
Malaysia,MYS,1995,15796
Malaysia,MYS,1996,16042
Malaysia,MYS,1997,18035
Malaysia,MYS,1998,19093
Malaysia,MYS,1999,21620
Malaysia,MYS,2000,24114
Malaysia,MYS,2001,27100
Malaysia,MYS,2002,24092
Malaysia,MYS,2003,21108
Malaysia,MYS,2004,20098
Malaysia,MYS,2005,19099
Malaysia,MYS,2006,19092
Malaysia,MYS,2007,20090
Malaysia,MYS,2008,22218
Malaysia,MYS,2009,21915
Malaysia,MYS,2010,24227
Malaysia,MYS,2011,25600
Malaysia,MYS,2012,26000
Malaysia,MYS,2013,26500
Malaysia,MYS,2014,27500
Malaysia,MYS,2015,28300
Malaysia,MYS,2016,29245
Malaysia,MYS,2017,30433
Malaysia,MYS,2018,32292
Malaysia,MYS,2019,33940
Malaysia,MYS,2020,30804
Malaysia,MYS,2021,31636
Malaysia,MYS,2022,38169
Malaysia,MYS,2023,40675.31
Mali,MLI,1961,0
Mali,MLI,1962,0
Mali,MLI,1963,0
Mali,MLI,1964,0
Mali,MLI,1965,0
Mali,MLI,1966,0
Mali,MLI,1967,0
Mali,MLI,1968,0
Mali,MLI,1969,0
Mali,MLI,1970,0
Mali,MLI,1971,0
Mali,MLI,1972,0
Mali,MLI,1973,0
Mali,MLI,1974,0
Mali,MLI,1975,0
Mali,MLI,1976,0
Mali,MLI,1977,0
Mali,MLI,1978,0
Mali,MLI,1979,0
Mali,MLI,1980,0
Mali,MLI,1981,0
Mali,MLI,1982,30
Mali,MLI,1983,14
Mali,MLI,1984,20
Mali,MLI,1985,0
Mali,MLI,1986,0
Mali,MLI,1987,0
Mali,MLI,1988,15
Mali,MLI,1989,0
Mali,MLI,1990,0
Mali,MLI,1991,0
Mali,MLI,1992,0
Mexico,MEX,1961,150
Mexico,MEX,1962,200
Mexico,MEX,1963,300
Mexico,MEX,1964,400
Mexico,MEX,1965,300
Mexico,MEX,1966,400
Mexico,MEX,1967,300
Mexico,MEX,1968,400
Mexico,MEX,1969,500
Mexico,MEX,1970,500
Mexico,MEX,1971,500
Mexico,MEX,1972,500
Mexico,MEX,1973,600
Mexico,MEX,1974,750
Mexico,MEX,1975,800
Mexico,MEX,1976,1162
Mexico,MEX,1977,1355
Mexico,MEX,1978,1980
Mexico,MEX,1979,1614
Mexico,MEX,1980,1219
Mexico,MEX,1981,2660
Mexico,MEX,1982,1977
Mexico,MEX,1983,2593
Mexico,MEX,1984,2475
Mexico,MEX,1985,2473
Mexico,MEX,1986,961
Mexico,MEX,1987,870
Mexico,MEX,1988,1154
Mexico,MEX,1989,903
Mexico,MEX,1990,868
Mexico,MEX,1991,894
Mexico,MEX,1992,2395
Mexico,MEX,1993,734
Mexico,MEX,1994,940
Mexico,MEX,1995,3599
Mexico,MEX,1996,4120
Mexico,MEX,1997,1761
Mexico,MEX,1998,4554
Mexico,MEX,1999,9712
Mexico,MEX,2000,4893
Mexico,MEX,2001,5017
Mexico,MEX,2002,5117
Mexico,MEX,2003,5596
Mexico,MEX,2004,6128
Mexico,MEX,2005,3883
Mexico,MEX,2006,4915
Mexico,MEX,2007,6854
Mexico,MEX,2008,6653
Mexico,MEX,2009,6269
Mexico,MEX,2010,3640
Mexico,MEX,2011,3453
Mexico,MEX,2012,3025
Mexico,MEX,2013,3199
Mexico,MEX,2014,3308.76
Mexico,MEX,2015,3566.95
Mexico,MEX,2016,5205.91
Mexico,MEX,2017,7951.06
Mexico,MEX,2018,9141.07
Mexico,MEX,2019,9384.33
Mexico,MEX,2020,10399.48
Mexico,MEX,2021,9841.23
Mexico,MEX,2022,10265.34
Mexico,MEX,2023,9800.01
Namibia,NAM,2014,200
Namibia,NAM,2015,200
Namibia,NAM,2016,200
Namibia,NAM,2017,300
Namibia,NAM,2018,400
Namibia,NAM,2019,482.53
Namibia,NAM,2020,437.46
Namibia,NAM,2021,392.39
Namibia,NAM,2022,364.15
Namibia,NAM,2023,470.48
Niger,NER,1991,500
Niger,NER,1992,600
Niger,NER,1993,700
Niger,NER,1994,800
Niger,NER,1995,900
Niger,NER,1996,1000
Niger,NER,1997,1100
Niger,NER,1998,1200
Niger,NER,1999,1300
Niger,NER,2000,1400
Niger,NER,2001,1468.12
Niger,NER,2002,1537.63
Niger,NER,2003,1600
Niger,NER,2004,1702.16
Niger,NER,2005,1800
Niger,NER,2006,1885.95
Niger,NER,2007,2000
Niger,NER,2008,1850
Niger,NER,2009,1720
Niger,NER,2010,1642
Niger,NER,2011,1105
Niger,NER,2012,1200
Niger,NER,2013,1105
Niger,NER,2014,1105
Niger,NER,2015,1040.54
Niger,NER,2016,1083.51
Niger,NER,2017,1055.28
Niger,NER,2018,1821.4
Niger,NER,2019,2744.86
Niger,NER,2020,3739.68
Niger,NER,2021,3816.51
Niger,NER,2022,3987.55
Niger,NER,2023,3686.83
Peru,PER,2003,314
Peru,PER,2004,368
Peru,PER,2005,122
Peru,PER,2006,402
Peru,PER,2007,210
Peru,PER,2008,308.5
Peru,PER,2009,345
Peru,PER,2010,314
Peru,PER,2011,348
Peru,PER,2012,369
Peru,PER,2013,356.31
Peru,PER,2014,315
Peru,PER,2015,251
Peru,PER,2016,210.4
Peru,PER,2017,221.24
Peru,PER,2018,144
Peru,PER,2019,142
Peru,PER,2020,166
Peru,PER,2021,322
Peru,PER,2022,344.51
Peru,PER,2023,404.56
Philippines,PHL,1990,2787
Philippines,PHL,1991,4136
Philippines,PHL,1992,4430
Philippines,PHL,1993,4349
Philippines,PHL,1994,2808
Philippines,PHL,1995,2664
Philippines,PHL,1996,4899
Philippines,PHL,1997,4581
Philippines,PHL,1998,4467
Philippines,PHL,1999,4537
Philippines,PHL,2000,4541
Philippines,PHL,2001,4720
Philippines,PHL,2002,4693
Philippines,PHL,2003,4587
Philippines,PHL,2004,4547
Philippines,PHL,2005,4418
Philippines,PHL,2006,3678
Philippines,PHL,2007,3270
Philippines,PHL,2008,3426
Philippines,PHL,2009,3432
Philippines,PHL,2010,3348
Philippines,PHL,2011,3369
Philippines,PHL,2012,3248
Philippines,PHL,2013,2716
Philippines,PHL,2014,2563.37
Philippines,PHL,2015,1847.12
Philippines,PHL,2016,1435.76
Philippines,PHL,2017,1368.67
Philippines,PHL,2018,1307.6
Philippines,PHL,2019,1131.93
Philippines,PHL,2020,1027.56
Philippines,PHL,2021,964.55
Philippines,PHL,2022,1004.58
Philippines,PHL,2023,889.86
Rwanda,RWA,2000,1000
Rwanda,RWA,2001,1200
Rwanda,RWA,2002,1400
Rwanda,RWA,2003,1600
Rwanda,RWA,2004,1800
Rwanda,RWA,2005,2000
Rwanda,RWA,2006,2200
Rwanda,RWA,2007,2400
Rwanda,RWA,2008,2600
Rwanda,RWA,2009,446
Rwanda,RWA,2010,2500
Rwanda,RWA,2011,2750
Rwanda,RWA,2012,2800
Rwanda,RWA,2013,2512.71
Rwanda,RWA,2014,2531.7
Rwanda,RWA,2015,2584.18
Rwanda,RWA,2016,2534.83
Rwanda,RWA,2017,2509.89
Rwanda,RWA,2018,2539.7
Rwanda,RWA,2019,2583.95
Rwanda,RWA,2020,2596.91
Rwanda,RWA,2021,2319.62
Rwanda,RWA,2022,2652.95
Rwanda,RWA,2023,2820.13
Saint Lucia,LCA,1961,0
Saint Lucia,LCA,1962,0
Saint Lucia,LCA,1963,0
Saint Lucia,LCA,1964,0
Saint Lucia,LCA,1965,0
Saint Lucia,LCA,1966,0
Saint Lucia,LCA,1967,0
Saint Lucia,LCA,1968,0
Saint Lucia,LCA,1969,0
Saint Lucia,LCA,1970,0
Saint Lucia,LCA,1971,0
Saint Lucia,LCA,1972,0
Saint Lucia,LCA,1973,0
Saint Lucia,LCA,1974,0
Saint Lucia,LCA,1975,0
Saint Lucia,LCA,1976,0
Saint Lucia,LCA,1977,0
Saint Lucia,LCA,1978,0
Saint Lucia,LCA,1979,0
Saint Lucia,LCA,1980,0
Saint Lucia,LCA,1981,5
Saint Lucia,LCA,1982,10
Saint Lucia,LCA,1983,5
Saint Lucia,LCA,1984,5
Saint Lucia,LCA,1985,5
Saint Lucia,LCA,1986,30
Saint Lucia,LCA,1987,60
Saint Lucia,LCA,1988,85
Saint Lucia,LCA,1989,130
Saint Lucia,LCA,1990,200
Saint Lucia,LCA,1991,100
Saint Lucia,LCA,1992,190
Saint Lucia,LCA,1993,100
Saint Lucia,LCA,1994,160
Saint Lucia,LCA,1995,263
Saint Lucia,LCA,1996,196
Saint Lucia,LCA,1997,200
Saint Lucia,LCA,1998,250
Saint Lucia,LCA,1999,250
Saint Lucia,LCA,2000,250
Saint Lucia,LCA,2001,350
Saint Lucia,LCA,2002,450
Saint Lucia,LCA,2003,350
Saint Lucia,LCA,2004,279
Saint Lucia,LCA,2005,140
Saint Lucia,LCA,2006,110
Saint Lucia,LCA,2007,121
Saint Lucia,LCA,2008,172
Saint Lucia,LCA,2009,190
Saint Lucia,LCA,2010,185.7
Saint Lucia,LCA,2011,182.97
Saint Lucia,LCA,2012,178.5
Saint Lucia,LCA,2013,179.7
Saint Lucia,LCA,2014,180.43
Saint Lucia,LCA,2015,180.8
Saint Lucia,LCA,2016,119.91
Saint Lucia,LCA,2017,64.9
Saint Lucia,LCA,2018,1.3
Saint Lucia,LCA,2019,1.7
Saint Lucia,LCA,2020,1.6
Saint Lucia,LCA,2021,4
Saint Lucia,LCA,2022,23
Saint Lucia,LCA,2023,11
Samoa,WSM,1961,4
Samoa,WSM,1962,4
Samoa,WSM,1963,4
Samoa,WSM,1964,4
Samoa,WSM,1965,4
Samoa,WSM,1966,4
Samoa,WSM,1967,4
Samoa,WSM,1968,4
Samoa,WSM,1969,4
Samoa,WSM,1970,4
Samoa,WSM,1971,4
Samoa,WSM,1972,4
Samoa,WSM,1973,4
Samoa,WSM,1974,4
Samoa,WSM,1975,4
Samoa,WSM,1976,4
Samoa,WSM,1977,4
Samoa,WSM,1978,4
Samoa,WSM,1979,4
Samoa,WSM,1980,4
Samoa,WSM,1981,4
Samoa,WSM,1982,4
Samoa,WSM,1983,4
Samoa,WSM,1984,5
Samoa,WSM,1985,5
Samoa,WSM,1986,5
Samoa,WSM,1987,5
Samoa,WSM,1988,6
Samoa,WSM,1989,6
Samoa,WSM,1990,5
Samoa,WSM,1991,5.15
Samoa,WSM,1992,5
Samoa,WSM,1993,6
Samoa,WSM,1994,6
Samoa,WSM,1995,6
Samoa,WSM,1996,6
Samoa,WSM,1997,6.07
Samoa,WSM,1998,6.13
Samoa,WSM,1999,6.2
Samoa,WSM,2000,6.23
Samoa,WSM,2001,7
Samoa,WSM,2002,8
Samoa,WSM,2003,8
Samoa,WSM,2004,7
Samoa,WSM,2005,7
Samoa,WSM,2006,10
Samoa,WSM,2007,10
Samoa,WSM,2008,10
Samoa,WSM,2009,12
Samoa,WSM,2010,10
Samoa,WSM,2011,10
Samoa,WSM,2012,10
Samoa,WSM,2013,10.46
Samoa,WSM,2014,10.99
Samoa,WSM,2015,11.39
Samoa,WSM,2016,10.95
Samoa,WSM,2017,11.13
Samoa,WSM,2018,11.49
Samoa,WSM,2019,11.19
Samoa,WSM,2020,11.27
Samoa,WSM,2021,11.32
Samoa,WSM,2022,11.26
Samoa,WSM,2023,11.28
Sri Lanka,LKA,1961,2700
Sri Lanka,LKA,1962,2700
Sri Lanka,LKA,1963,2700
Sri Lanka,LKA,1964,2800
Sri Lanka,LKA,1965,2950
Sri Lanka,LKA,1966,2400
Sri Lanka,LKA,1967,2450
Sri Lanka,LKA,1968,2850
Sri Lanka,LKA,1969,2800
Sri Lanka,LKA,1970,3250
Sri Lanka,LKA,1971,2800
Sri Lanka,LKA,1972,2950
Sri Lanka,LKA,1973,3000
Sri Lanka,LKA,1974,3000
Sri Lanka,LKA,1975,3250
Sri Lanka,LKA,1976,3300
Sri Lanka,LKA,1977,3600
Sri Lanka,LKA,1978,3750
Sri Lanka,LKA,1979,3931
Sri Lanka,LKA,1980,4601
Sri Lanka,LKA,1981,4792
Sri Lanka,LKA,1982,4906
Sri Lanka,LKA,1983,5052
Sri Lanka,LKA,1984,5531
Sri Lanka,LKA,1985,5808
Sri Lanka,LKA,1986,5627
Sri Lanka,LKA,1987,6389
Sri Lanka,LKA,1988,6831
Sri Lanka,LKA,1989,8473
Sri Lanka,LKA,1990,8732
Sri Lanka,LKA,1991,9938
Sri Lanka,LKA,1992,10888
Sri Lanka,LKA,1993,14100
Sri Lanka,LKA,1994,14712
Sri Lanka,LKA,1995,16000
Sri Lanka,LKA,1996,16890
Sri Lanka,LKA,1997,17270
Sri Lanka,LKA,1998,17810
Sri Lanka,LKA,1999,17270
Sri Lanka,LKA,2000,16860
Sri Lanka,LKA,2001,17090
Sri Lanka,LKA,2002,17700
Sri Lanka,LKA,2003,17860
Sri Lanka,LKA,2004,18560
Sri Lanka,LKA,2005,18290
Sri Lanka,LKA,2006,18600
Sri Lanka,LKA,2007,19390
Sri Lanka,LKA,2008,22870
Sri Lanka,LKA,2009,25300
Sri Lanka,LKA,2010,26620
Sri Lanka,LKA,2011,25770
Sri Lanka,LKA,2012,24950
Sri Lanka,LKA,2013,26730
Sri Lanka,LKA,2014,27847
Sri Lanka,LKA,2015,31225.64
Sri Lanka,LKA,2016,32145
Sri Lanka,LKA,2017,35142
Sri Lanka,LKA,2018,48253
Sri Lanka,LKA,2019,41429
Sri Lanka,LKA,2020,43557.1
Sri Lanka,LKA,2021,42485.3
Sri Lanka,LKA,2022,44090
Sri Lanka,LKA,2023,45166
Tajikistan,TJK,1998,112.02
Tajikistan,TJK,1999,125
Tajikistan,TJK,2000,150
Tajikistan,TJK,2001,154.65
Tajikistan,TJK,2002,159.82
Tajikistan,TJK,2003,166.41
Tajikistan,TJK,2004,179.68
Tajikistan,TJK,2005,200
Tajikistan,TJK,2006,220
Tajikistan,TJK,2007,170
Tajikistan,TJK,2008,200
Tajikistan,TJK,2009,275.07
Tajikistan,TJK,2010,309.06
Tajikistan,TJK,2011,316.46
Tajikistan,TJK,2012,215
Tajikistan,TJK,2013,216.43
Tajikistan,TJK,2014,868.15
Tajikistan,TJK,2015,280
Tajikistan,TJK,2016,1074.8
Tajikistan,TJK,2017,3046
Tajikistan,TJK,2018,33847.1
Tajikistan,TJK,2019,47106.8
Tajikistan,TJK,2020,29347.3
Tajikistan,TJK,2021,21206.9
Tajikistan,TJK,2022,23389.28
Tajikistan,TJK,2023,23273.38
Tanzania,TZA,1997,20
Tanzania,TZA,1998,120
Tanzania,TZA,1999,200
Tanzania,TZA,2000,300
Tanzania,TZA,2001,386.75
Tanzania,TZA,2002,450
Tanzania,TZA,2003,400
Tanzania,TZA,2004,405.07
Tanzania,TZA,2005,420.62
Tanzania,TZA,2006,450
Tanzania,TZA,2007,525.26
Tanzania,TZA,2008,535.01
Tanzania,TZA,2009,537.53
Tanzania,TZA,2010,490.93
Tanzania,TZA,2011,448.89
Tanzania,TZA,2012,400
Tanzania,TZA,2013,400
Tanzania,TZA,2014,397.85
Tanzania,TZA,2015,502.32
Tanzania,TZA,2016,433.39
Tanzania,TZA,2017,444.52
Tanzania,TZA,2018,437.54
Tanzania,TZA,2019,435.81
Tanzania,TZA,2020,439.29
Tanzania,TZA,2021,437.55
Tanzania,TZA,2022,437.55
Tanzania,TZA,2023,438.13
Thailand,THA,1961,1200
Thailand,THA,1962,1300
Thailand,THA,1963,1350
Thailand,THA,1964,1400
Thailand,THA,1965,1500
Thailand,THA,1966,1650
Thailand,THA,1967,1800
Thailand,THA,1968,2000
Thailand,THA,1969,2200
Thailand,THA,1970,2300
Thailand,THA,1971,2500
Thailand,THA,1972,2600
Thailand,THA,1973,2800
Thailand,THA,1974,3000
Thailand,THA,1975,3200
Thailand,THA,1976,3400
Thailand,THA,1977,3500
Thailand,THA,1978,3700
Thailand,THA,1979,3800
Thailand,THA,1980,4000
Thailand,THA,1981,5900
Thailand,THA,1982,4800
Thailand,THA,1983,5800
Thailand,THA,1984,6000
Thailand,THA,1985,6000
Thailand,THA,1986,6000
Thailand,THA,1987,6000
Thailand,THA,1988,6000
Thailand,THA,1989,7610
Thailand,THA,1990,10345
Thailand,THA,1991,12000
Thailand,THA,1992,11000
Thailand,THA,1993,11000
Thailand,THA,1994,9000
Thailand,THA,1995,8000
Thailand,THA,1996,7000
Thailand,THA,1997,5000
Thailand,THA,1998,5000
Thailand,THA,1999,7000
Thailand,THA,2000,6534
Thailand,THA,2001,8824
Thailand,THA,2002,10197
Thailand,THA,2003,12810
Thailand,THA,2004,12952
Thailand,THA,2005,13837
Thailand,THA,2006,12156
Thailand,THA,2007,10419
Thailand,THA,2008,5852
Thailand,THA,2009,6730
Thailand,THA,2010,6391
Thailand,THA,2011,4395
Thailand,THA,2012,2241
Thailand,THA,2013,1332
Thailand,THA,2014,1174
Thailand,THA,2015,1405
Thailand,THA,2016,1409
Thailand,THA,2017,2536
Thailand,THA,2018,2005
Thailand,THA,2019,2219
Thailand,THA,2020,1031
Thailand,THA,2021,1034
Thailand,THA,2022,742
Thailand,THA,2023,392
Uganda,UGA,1961,500
Uganda,UGA,1962,500
Uganda,UGA,1963,500
Uganda,UGA,1964,500
Uganda,UGA,1965,500
Uganda,UGA,1966,500
Uganda,UGA,1967,500
Uganda,UGA,1968,500
Uganda,UGA,1969,500
Uganda,UGA,1970,700
Uganda,UGA,1971,700
Uganda,UGA,1972,700
Uganda,UGA,1973,700
Uganda,UGA,1974,700
Uganda,UGA,1975,700
Uganda,UGA,1976,700
Uganda,UGA,1977,700
Uganda,UGA,1978,1000
Uganda,UGA,1979,1000
Uganda,UGA,1980,1000
Uganda,UGA,1981,1000
Uganda,UGA,1982,1000
Uganda,UGA,1983,1000
Uganda,UGA,1984,1000
Uganda,UGA,1985,1000
Uganda,UGA,1986,1500
Uganda,UGA,1987,1500
Uganda,UGA,1988,1500
Uganda,UGA,1989,1500
Uganda,UGA,1990,1353
Uganda,UGA,1991,1400
Uganda,UGA,1992,1600
Uganda,UGA,1993,1800
Uganda,UGA,1994,1900
Uganda,UGA,1995,1700
Uganda,UGA,1996,1800
Uganda,UGA,1997,1846.71
Uganda,UGA,1998,1900
Uganda,UGA,1999,2000
Uganda,UGA,2000,2100
Uganda,UGA,2001,2025.19
Uganda,UGA,2002,2065.18
Uganda,UGA,2003,2103.65
Uganda,UGA,2004,2142.16
Uganda,UGA,2005,2178.77
Uganda,UGA,2006,2213.54
Uganda,UGA,2007,2722.27
Uganda,UGA,2008,2274.72
Uganda,UGA,2009,2224.23
Uganda,UGA,2010,2170.35
Uganda,UGA,2011,2114.2
Uganda,UGA,2012,1750
Uganda,UGA,2013,2036.29
Uganda,UGA,2014,2127.99
Uganda,UGA,2015,2097.71
Uganda,UGA,2016,2107.14
Uganda,UGA,2017,2116.82
Uganda,UGA,2018,2148.88
Uganda,UGA,2019,2179.54
Uganda,UGA,2020,2194.79
Uganda,UGA,2021,2185.64
Uganda,UGA,2022,2193.73
Uganda,UGA,2023,2201.83
Uzbekistan,UZB,1992,100
Uzbekistan,UZB,1993,110.99
Uzbekistan,UZB,1994,114.63
Uzbekistan,UZB,1995,118.31
Uzbekistan,UZB,1996,122.03
Uzbekistan,UZB,1997,125.8
Uzbekistan,UZB,1998,129.65
Uzbekistan,UZB,1999,133.56
Uzbekistan,UZB,2000,136.61
Uzbekistan,UZB,2001,141.16
Uzbekistan,UZB,2002,146.41
Uzbekistan,UZB,2003,137.72
Uzbekistan,UZB,2004,163.7
Uzbekistan,UZB,2005,174.81
Uzbekistan,UZB,2006,184.98
Uzbekistan,UZB,2007,200
Uzbekistan,UZB,2008,250
Uzbekistan,UZB,2009,300
Uzbekistan,UZB,2010,200
Uzbekistan,UZB,2011,204.44
Uzbekistan,UZB,2012,200
Uzbekistan,UZB,2013,200
Uzbekistan,UZB,2014,200
Uzbekistan,UZB,2015,208.65
Uzbekistan,UZB,2016,202.88
Uzbekistan,UZB,2017,206.79
Uzbekistan,UZB,2018,214.51
Uzbekistan,UZB,2019,208.06
Uzbekistan,UZB,2020,209.79
Uzbekistan,UZB,2021,210.79
Uzbekistan,UZB,2022,209.55
Uzbekistan,UZB,2023,210.04
Vanuatu,VUT,2022,1.7
Vanuatu,VUT,2023,1.7
Vietnam,VNM,1961,450
Vietnam,VNM,1962,450
Vietnam,VNM,1963,450
Vietnam,VNM,1964,450
Vietnam,VNM,1965,605
Vietnam,VNM,1966,440
Vietnam,VNM,1967,470
Vietnam,VNM,1968,450
Vietnam,VNM,1969,435
Vietnam,VNM,1970,410
Vietnam,VNM,1971,475
Vietnam,VNM,1972,500
Vietnam,VNM,1973,355
Vietnam,VNM,1974,350
Vietnam,VNM,1975,350
Vietnam,VNM,1976,721
Vietnam,VNM,1977,450
Vietnam,VNM,1978,297
Vietnam,VNM,1979,316
Vietnam,VNM,1980,556
Vietnam,VNM,1981,851
Vietnam,VNM,1982,869
Vietnam,VNM,1983,1063
Vietnam,VNM,1984,1183
Vietnam,VNM,1985,1317
Vietnam,VNM,1986,3587
Vietnam,VNM,1987,4780
Vietnam,VNM,1988,6174
Vietnam,VNM,1989,9208
Vietnam,VNM,1990,11210
Vietnam,VNM,1991,11540
Vietnam,VNM,1992,10179
Vietnam,VNM,1993,9750
Vietnam,VNM,1994,11570
Vietnam,VNM,1995,12100
Vietnam,VNM,1996,13700
Vietnam,VNM,1997,32500
Vietnam,VNM,1998,28600
Vietnam,VNM,1999,40300
Vietnam,VNM,2000,51000
Vietnam,VNM,2001,57700
Vietnam,VNM,2002,80800
Vietnam,VNM,2003,89180
Vietnam,VNM,2004,95420
Vietnam,VNM,2005,104390
Vietnam,VNM,2006,102570
Vietnam,VNM,2007,116090
Vietnam,VNM,2008,128000
Vietnam,VNM,2009,140000
Vietnam,VNM,2010,105400
Vietnam,VNM,2011,111964
Vietnam,VNM,2012,120276
Vietnam,VNM,2013,125023
Vietnam,VNM,2014,151761
Vietnam,VNM,2015,176788.6
Vietnam,VNM,2016,216432.03
Vietnam,VNM,2017,252575.72
Vietnam,VNM,2018,262658.44
Vietnam,VNM,2019,264853.72
Vietnam,VNM,2020,261981.45
Vietnam,VNM,2021,275744.7
Vietnam,VNM,2022,272180.8
Vietnam,VNM,2023,257427.11
Zambia,ZMB,1961,0
Zambia,ZMB,1962,0
Zambia,ZMB,1963,0
Zambia,ZMB,1964,0
Zambia,ZMB,1965,0
Zambia,ZMB,1966,0
Zambia,ZMB,1967,0
Zambia,ZMB,1968,0
Zambia,ZMB,1969,0
Zambia,ZMB,1970,0
Zambia,ZMB,1971,0
Zambia,ZMB,1972,0
Zambia,ZMB,1973,0
Zambia,ZMB,1974,0
Zambia,ZMB,1975,0
Zambia,ZMB,1976,0
Zambia,ZMB,1977,0
Zambia,ZMB,1978,0
Zambia,ZMB,1979,0
Zambia,ZMB,1980,0
Zambia,ZMB,1981,0
Zambia,ZMB,1982,0
Zambia,ZMB,1983,0
Zambia,ZMB,1984,0
Zambia,ZMB,1985,10
Zambia,ZMB,1986,10
Zambia,ZMB,1987,20
Zambia,ZMB,1988,20
Zambia,ZMB,1989,30
Zambia,ZMB,1990,70
Zambia,ZMB,1991,90
Zambia,ZMB,1992,100
Zambia,ZMB,1993,110
Zambia,ZMB,1994,115
Zambia,ZMB,1995,120
Zambia,ZMB,1996,110
Zambia,ZMB,1997,120
Zambia,ZMB,1998,130
Zambia,ZMB,1999,135
Zambia,ZMB,2000,140
Zambia,ZMB,2001,145
Zambia,ZMB,2002,150
Zambia,ZMB,2003,155
Zambia,ZMB,2004,145
Zambia,ZMB,2005,100.44
Zambia,ZMB,2006,60
Zambia,ZMB,2007,65.97
Zambia,ZMB,2008,68.08
Zambia,ZMB,2009,69.07
Zambia,ZMB,2010,70.74
Zambia,ZMB,2011,90
Zambia,ZMB,2012,85
Zambia,ZMB,2013,85
Zambia,ZMB,2014,81.36
Zambia,ZMB,2015,50.72
Zambia,ZMB,2016,72.36
Zambia,ZMB,2017,68.15
Zambia,ZMB,2018,63.74
Zambia,ZMB,2019,68.08
Zambia,ZMB,2020,66.29
Zambia,ZMB,2021,66.05
Zambia,ZMB,2022,65.69
Zambia,ZMB,2023,65.33
Zimbabwe,ZWE,1979,200
Zimbabwe,ZWE,1980,200
Zimbabwe,ZWE,1981,300
Zimbabwe,ZWE,1982,300
Zimbabwe,ZWE,1983,400
Zimbabwe,ZWE,1984,400
Zimbabwe,ZWE,1985,500
Zimbabwe,ZWE,1986,500
Zimbabwe,ZWE,1987,600
Zimbabwe,ZWE,1988,700
Zimbabwe,ZWE,1989,700
Zimbabwe,ZWE,1990,800
Zimbabwe,ZWE,1991,900
Zimbabwe,ZWE,1992,1806.13
Zimbabwe,ZWE,1993,2478.62
Zimbabwe,ZWE,1994,2965.46
Zimbabwe,ZWE,1995,3341.18
Zimbabwe,ZWE,1996,3695.21
Zimbabwe,ZWE,1997,4049.78
Zimbabwe,ZWE,1998,4409.73
Zimbabwe,ZWE,1999,4776.88
Zimbabwe,ZWE,2000,5152.72
Zimbabwe,ZWE,2001,5538.89
Zimbabwe,ZWE,2002,5937.34
Zimbabwe,ZWE,2003,6350.38
Zimbabwe,ZWE,2004,6780.74
Zimbabwe,ZWE,2005,7830.52
Zimbabwe,ZWE,2006,8390.7
Zimbabwe,ZWE,2007,8975.63
Zimbabwe,ZWE,2008,9583.24
Zimbabwe,ZWE,2009,10211.46
Zimbabwe,ZWE,2010,10865.43
Zimbabwe,ZWE,2011,12426.51
Zimbabwe,ZWE,2012,13230.8
Zimbabwe,ZWE,2013,14047.19
Zimbabwe,ZWE,2014,14873.92
Zimbabwe,ZWE,2015,15708.94
Zimbabwe,ZWE,2016,16550.15
Zimbabwe,ZWE,2017,17395.46
Zimbabwe,ZWE,2018,19194
Zimbabwe,ZWE,2019,23584
Zimbabwe,ZWE,2020,29152
Zimbabwe,ZWE,2021,22468.44
Zimbabwe,ZWE,2022,16980
Zimbabwe,ZWE,2023,23123.52
