Entity,Code,Year,Hazelnuts | 00000225 || Production | 005510 || tonnes
Armenia,ARM,2004,330
Armenia,ARM,2005,328
Armenia,ARM,2006,436
Armenia,ARM,2007,414
Armenia,ARM,2008,497
Armenia,ARM,2009,544
Armenia,ARM,2010,255
Armenia,ARM,2011,348
Armenia,ARM,2012,217
Armenia,ARM,2013,238
Armenia,ARM,2014,142
Armenia,ARM,2015,529
Armenia,ARM,2016,352
Armenia,ARM,2017,448
Armenia,ARM,2018,342
Armenia,ARM,2019,397.3
Armenia,ARM,2020,392.8
Armenia,ARM,2021,407.9
Armenia,ARM,2022,336.9
Armenia,ARM,2023,445.4
Azerbaijan,AZE,1992,9747
Azerbaijan,AZE,1993,8422
Azerbaijan,AZE,1994,7865
Azerbaijan,AZE,1995,7887
Azerbaijan,AZE,1996,7810
Azerbaijan,AZE,1997,7462
Azerbaijan,AZE,1998,9475
Azerbaijan,AZE,1999,12602
Azerbaijan,AZE,2000,13334
Azerbaijan,AZE,2001,15945
Azerbaijan,AZE,2002,16120
Azerbaijan,AZE,2003,19895
Azerbaijan,AZE,2004,5491
Azerbaijan,AZE,2005,27986
Azerbaijan,AZE,2006,24625
Azerbaijan,AZE,2007,27462
Azerbaijan,AZE,2008,27745
Azerbaijan,AZE,2009,30430
Azerbaijan,AZE,2010,29454
Azerbaijan,AZE,2011,32922
Azerbaijan,AZE,2012,29624
Azerbaijan,AZE,2013,31202
Azerbaijan,AZE,2014,30039
Azerbaijan,AZE,2015,32260
Azerbaijan,AZE,2016,34271
Azerbaijan,AZE,2017,45530.4
Azerbaijan,AZE,2018,52067.3
Azerbaijan,AZE,2019,53793.4
Azerbaijan,AZE,2020,49464.9
Azerbaijan,AZE,2021,67630.2
Azerbaijan,AZE,2022,72104.6
Azerbaijan,AZE,2023,75409.3
Belarus,BLR,1992,1000
Belarus,BLR,1993,1121.7
Belarus,BLR,1994,1207.27
Belarus,BLR,1995,1225.1
Belarus,BLR,1996,1199.52
Belarus,BLR,1997,1200
Belarus,BLR,1998,1500
Belarus,BLR,1999,1800
Belarus,BLR,2000,1632.11
Belarus,BLR,2001,1691.86
Belarus,BLR,2002,1744.71
Belarus,BLR,2003,1792.14
Belarus,BLR,2004,1465.62
Belarus,BLR,2005,1438
Belarus,BLR,2006,1401.12
Belarus,BLR,2007,1312.91
Belarus,BLR,2008,1309
Belarus,BLR,2009,1300.51
Belarus,BLR,2010,1200
Belarus,BLR,2011,1311.37
Belarus,BLR,2012,1300
Belarus,BLR,2013,1330.79
Belarus,BLR,2014,1300
Belarus,BLR,2015,1298.06
Belarus,BLR,2016,1283.23
Belarus,BLR,2017,1277.9
Belarus,BLR,2018,1275.59
Belarus,BLR,2019,1278.5
Belarus,BLR,2020,1250.19
Belarus,BLR,2021,1215.98
Belarus,BLR,2022,1248.22
Belarus,BLR,2023,1238.13
Bhutan,BTN,2020,6
Bhutan,BTN,2021,14
Bhutan,BTN,2022,13
Bhutan,BTN,2023,14.06
Bulgaria,BGR,1961,35
Bulgaria,BGR,1962,37
Bulgaria,BGR,1963,25
Bulgaria,BGR,1964,42
Bulgaria,BGR,1965,38
Bulgaria,BGR,1966,60
Bulgaria,BGR,1967,50
Bulgaria,BGR,1968,35
Bulgaria,BGR,1969,20
Bulgaria,BGR,1970,10
Bulgaria,BGR,1971,84
Bulgaria,BGR,1972,7
Bulgaria,BGR,1973,6
Bulgaria,BGR,1974,5
Bulgaria,BGR,1975,29
Bulgaria,BGR,1976,26
Bulgaria,BGR,1977,16
Bulgaria,BGR,1978,27
Bulgaria,BGR,1979,11
Bulgaria,BGR,1980,21
Bulgaria,BGR,1981,18
Bulgaria,BGR,1982,476
Bulgaria,BGR,1983,36
Bulgaria,BGR,1984,49
Bulgaria,BGR,1985,7
Bulgaria,BGR,1986,51
Bulgaria,BGR,1987,58
Bulgaria,BGR,1988,94
Bulgaria,BGR,1989,207
Bulgaria,BGR,1990,188
Bulgaria,BGR,1991,83
Bulgaria,BGR,1992,0
Bulgaria,BGR,2003,15
Bulgaria,BGR,2004,20
Bulgaria,BGR,2005,23
Bulgaria,BGR,2006,52
Bulgaria,BGR,2007,17
Bulgaria,BGR,2008,20
Bulgaria,BGR,2009,23
Bulgaria,BGR,2010,8
Bulgaria,BGR,2011,21
Bulgaria,BGR,2012,138
Bulgaria,BGR,2013,198
Bulgaria,BGR,2014,165
Bulgaria,BGR,2015,361
Bulgaria,BGR,2016,223
Bulgaria,BGR,2017,313
Bulgaria,BGR,2018,390
Bulgaria,BGR,2019,430
Bulgaria,BGR,2020,850
Bulgaria,BGR,2021,690
Bulgaria,BGR,2022,760
Bulgaria,BGR,2023,800
Cameroon,CMR,1961,0
Cameroon,CMR,1962,0
Cameroon,CMR,1963,0
Cameroon,CMR,1964,0
Cameroon,CMR,1965,0
Cameroon,CMR,1966,0
Cameroon,CMR,1967,0
Cameroon,CMR,1968,0
Cameroon,CMR,1969,0
Cameroon,CMR,1970,0
Cameroon,CMR,1971,0
Cameroon,CMR,1972,0
Cameroon,CMR,1973,0
Cameroon,CMR,1974,0
Cameroon,CMR,1975,0
Cameroon,CMR,1976,0
Cameroon,CMR,1977,0
Cameroon,CMR,1978,0
Cameroon,CMR,1979,0
Cameroon,CMR,1980,0
Cameroon,CMR,1981,0
Cameroon,CMR,1982,0
Cameroon,CMR,1983,0
Cameroon,CMR,1984,0
Cameroon,CMR,1985,0
Cameroon,CMR,1986,20
Cameroon,CMR,1987,40
Cameroon,CMR,1988,60
Cameroon,CMR,1989,80
Cameroon,CMR,1990,100
Cameroon,CMR,1999,100
Cameroon,CMR,2000,100
Cameroon,CMR,2001,100
Cameroon,CMR,2002,100
Cameroon,CMR,2003,100
Cameroon,CMR,2004,100
Cameroon,CMR,2005,100
Cameroon,CMR,2006,100
Cameroon,CMR,2007,100
Cameroon,CMR,2008,105
Cameroon,CMR,2009,107
Cameroon,CMR,2010,120
Cameroon,CMR,2011,134.34
Cameroon,CMR,2012,150
Cameroon,CMR,2013,162.42
Cameroon,CMR,2014,175.29
Cameroon,CMR,2015,158.99
Cameroon,CMR,2016,161.24
Cameroon,CMR,2017,158.95
Cameroon,CMR,2018,159.91
Cameroon,CMR,2019,161.97
Cameroon,CMR,2020,160.28
Cameroon,CMR,2021,160.72
Cameroon,CMR,2022,160.99
Cameroon,CMR,2023,160.66
Chile,CHL,1991,179.45
Chile,CHL,1992,179.81
Chile,CHL,1993,180.17
Chile,CHL,1994,180.52
Chile,CHL,1995,180.88
Chile,CHL,1996,181.23
Chile,CHL,1997,181.59
Chile,CHL,1998,181.95
Chile,CHL,1999,182.3
Chile,CHL,2000,182.66
Chile,CHL,2001,183.01
Chile,CHL,2002,183.37
Chile,CHL,2003,183.73
Chile,CHL,2004,200.42
Chile,CHL,2005,139.13
Chile,CHL,2006,400
Chile,CHL,2007,1000
Chile,CHL,2008,2000
Chile,CHL,2009,3000
Chile,CHL,2010,2400
Chile,CHL,2011,5200
Chile,CHL,2012,6300
Chile,CHL,2013,9500
Chile,CHL,2014,11500
Chile,CHL,2015,8750
Chile,CHL,2016,14250
Chile,CHL,2017,16800
Chile,CHL,2018,20330
Chile,CHL,2019,40000
Chile,CHL,2020,37000
Chile,CHL,2021,36772.81
Chile,CHL,2022,62412.04
Chile,CHL,2023,65646.73
China,CHN,1961,2000
China,CHN,1962,1800
China,CHN,1963,2500
China,CHN,1964,2650
China,CHN,1965,3000
China,CHN,1966,3500
China,CHN,1967,3800
China,CHN,1968,4000
China,CHN,1969,3500
China,CHN,1970,3800
China,CHN,1971,4000
China,CHN,1972,3800
China,CHN,1973,4000
China,CHN,1974,4000
China,CHN,1975,4200
China,CHN,1976,3800
China,CHN,1977,4000
China,CHN,1978,4500
China,CHN,1979,4800
China,CHN,1980,5000
China,CHN,1981,5200
China,CHN,1982,5800
China,CHN,1983,6000
China,CHN,1984,6500
China,CHN,1985,7000
China,CHN,1986,6500
China,CHN,1987,7200
China,CHN,1988,7400
China,CHN,1989,7600
China,CHN,1990,8000
China,CHN,1991,8300
China,CHN,1992,8500
China,CHN,1993,9000
China,CHN,1994,9222.71
China,CHN,1995,9563.88
China,CHN,1996,10000
China,CHN,1997,12000
China,CHN,1998,10500
China,CHN,1999,12000
China,CHN,2000,9000
China,CHN,2001,11000
China,CHN,2002,12000
China,CHN,2003,13000
China,CHN,2004,14000
China,CHN,2005,13500
China,CHN,2006,14000
China,CHN,2007,15000
China,CHN,2008,16000
China,CHN,2009,18000
China,CHN,2010,19500
China,CHN,2011,22000
China,CHN,2012,23000
China,CHN,2013,23000
China,CHN,2014,23620.91
China,CHN,2015,25100.5
China,CHN,2016,23907.14
China,CHN,2017,24519.38
China,CHN,2018,25169.92
China,CHN,2019,24532.15
China,CHN,2020,24740.48
China,CHN,2021,24814.18
China,CHN,2022,24695.6
China,CHN,2023,24750.09
Croatia,HRV,1992,50
Croatia,HRV,1993,161.94
Croatia,HRV,1994,80
Croatia,HRV,1995,85.85
Croatia,HRV,1996,90.55
Croatia,HRV,1997,150
Croatia,HRV,1998,250
Croatia,HRV,1999,600
Croatia,HRV,2000,400
Croatia,HRV,2001,600
Croatia,HRV,2002,400
Croatia,HRV,2003,500
Croatia,HRV,2004,176
Croatia,HRV,2005,366
Croatia,HRV,2006,702
Croatia,HRV,2007,957
Croatia,HRV,2008,911
Croatia,HRV,2009,1016
Croatia,HRV,2010,2964
Croatia,HRV,2011,1548
Croatia,HRV,2012,344
Croatia,HRV,2013,1561
Croatia,HRV,2014,908
Croatia,HRV,2015,1505
Croatia,HRV,2016,1259
Croatia,HRV,2017,1534
Croatia,HRV,2018,1740
Croatia,HRV,2019,1960
Croatia,HRV,2020,3040
Croatia,HRV,2021,1880
Croatia,HRV,2022,2580
Croatia,HRV,2023,2450
Cyprus,CYP,1961,102
Cyprus,CYP,1962,114
Cyprus,CYP,1963,127
Cyprus,CYP,1964,102
Cyprus,CYP,1965,105
Cyprus,CYP,1966,122
Cyprus,CYP,1967,112
Cyprus,CYP,1968,102
Cyprus,CYP,1969,102
Cyprus,CYP,1970,508
Cyprus,CYP,1971,305
Cyprus,CYP,1972,305
Cyprus,CYP,1973,279
Cyprus,CYP,1974,254
Cyprus,CYP,1975,356
Cyprus,CYP,1976,376
Cyprus,CYP,1977,356
Cyprus,CYP,1978,305
Cyprus,CYP,1979,254
Cyprus,CYP,1980,305
Cyprus,CYP,1981,315
Cyprus,CYP,1982,356
Cyprus,CYP,1983,320
Cyprus,CYP,1984,280
Cyprus,CYP,1985,200
Cyprus,CYP,1986,120
Cyprus,CYP,1987,170
Cyprus,CYP,1988,100
Cyprus,CYP,1989,65
Cyprus,CYP,1990,50
Cyprus,CYP,1991,95
Cyprus,CYP,1992,90
Cyprus,CYP,1993,70
Cyprus,CYP,1994,110
Cyprus,CYP,1995,50
Cyprus,CYP,1996,70
Cyprus,CYP,1997,50
Cyprus,CYP,1998,70
Cyprus,CYP,1999,50
Cyprus,CYP,2000,35
Cyprus,CYP,2001,50
Cyprus,CYP,2002,30
Cyprus,CYP,2003,30
Cyprus,CYP,2004,40
Cyprus,CYP,2005,41
Cyprus,CYP,2006,32
Cyprus,CYP,2007,40
Cyprus,CYP,2008,38
Cyprus,CYP,2009,44
Cyprus,CYP,2010,43
Cyprus,CYP,2011,41
Cyprus,CYP,2012,42
Cyprus,CYP,2013,42
Cyprus,CYP,2014,41
Cyprus,CYP,2015,41
Cyprus,CYP,2016,23
Cyprus,CYP,2017,23
Cyprus,CYP,2018,20
Cyprus,CYP,2019,20
Cyprus,CYP,2020,30
Cyprus,CYP,2021,20
Cyprus,CYP,2022,20
Cyprus,CYP,2023,20
Denmark,DNK,2004,7
Denmark,DNK,2005,7
Denmark,DNK,2006,7
Denmark,DNK,2007,5
Denmark,DNK,2008,4.29
Denmark,DNK,2009,5.59
Denmark,DNK,2010,5.98
Denmark,DNK,2011,4.56
Denmark,DNK,2012,4.64
Denmark,DNK,2013,4.43
Denmark,DNK,2014,4.24
Denmark,DNK,2015,4.35
Denmark,DNK,2016,4.41
Denmark,DNK,2017,4.33
Estonia,EST,2018,0
Estonia,EST,2019,0
Estonia,EST,2020,0
Estonia,EST,2021,0
Estonia,EST,2022,0
Estonia,EST,2023,0
Finland,FIN,2018,0
Finland,FIN,2019,0
Finland,FIN,2020,0
Finland,FIN,2021,0
Finland,FIN,2022,0
Finland,FIN,2023,0
France,FRA,1961,290
France,FRA,1962,381
France,FRA,1963,236
France,FRA,1964,240
France,FRA,1965,260
France,FRA,1966,270
France,FRA,1967,300
France,FRA,1968,303
France,FRA,1969,734
France,FRA,1970,481
France,FRA,1971,500
France,FRA,1972,500
France,FRA,1973,500
France,FRA,1974,500
France,FRA,1975,500
France,FRA,1976,1650
France,FRA,1977,1493
France,FRA,1978,960
France,FRA,1979,1334
France,FRA,1980,1800
France,FRA,1981,1500
France,FRA,1982,2100
France,FRA,1983,1800
France,FRA,1984,2000
France,FRA,1985,2000
France,FRA,1986,2200
France,FRA,1987,2500
France,FRA,1988,2700
France,FRA,1989,3600
France,FRA,1990,3605
France,FRA,1991,3007
France,FRA,1992,3301.6
France,FRA,1993,2752.3
France,FRA,1994,3114
France,FRA,1995,3482.7
France,FRA,1996,4058
France,FRA,1997,3882.5
France,FRA,1998,3817.5
France,FRA,1999,4777.5
France,FRA,2000,5019.3
France,FRA,2001,3848.9
France,FRA,2002,5346.9
France,FRA,2003,3655.7
France,FRA,2004,6367.9
France,FRA,2005,4459
France,FRA,2006,6083
France,FRA,2007,5371
France,FRA,2008,5155
France,FRA,2009,8824.9
France,FRA,2010,10073
France,FRA,2011,7336.6
France,FRA,2012,10026.3
France,FRA,2013,8104
France,FRA,2014,11053
France,FRA,2015,8899.5
France,FRA,2016,12638
France,FRA,2017,11111
France,FRA,2018,15660
France,FRA,2019,11660
France,FRA,2020,12660
France,FRA,2021,12340
France,FRA,2022,9960
France,FRA,2023,17160
Georgia,GEO,1992,12000
Georgia,GEO,1993,10000
Georgia,GEO,1994,13000
Georgia,GEO,1995,10000
Georgia,GEO,1996,15000
Georgia,GEO,1997,14000
Georgia,GEO,1998,15841
Georgia,GEO,1999,16836
Georgia,GEO,2000,14220
Georgia,GEO,2001,11375
Georgia,GEO,2002,13901
Georgia,GEO,2003,14820
Georgia,GEO,2004,8327
Georgia,GEO,2005,16393
Georgia,GEO,2006,23500
Georgia,GEO,2007,21200
Georgia,GEO,2008,18700
Georgia,GEO,2009,21800
Georgia,GEO,2010,28800
Georgia,GEO,2011,31100
Georgia,GEO,2012,24700
Georgia,GEO,2013,39700
Georgia,GEO,2014,33800
Georgia,GEO,2015,35300
Georgia,GEO,2016,29500
Georgia,GEO,2017,21400
Georgia,GEO,2018,17000
Georgia,GEO,2019,24000
Georgia,GEO,2020,32700
Georgia,GEO,2021,46000
Georgia,GEO,2022,33400
Georgia,GEO,2023,36900
Germany,DEU,1961,85
Germany,DEU,1962,77
Germany,DEU,1963,82
Germany,DEU,1964,0
Germany,DEU,1965,0
Germany,DEU,1966,0
Germany,DEU,1967,0
Germany,DEU,1968,0
Germany,DEU,1969,0
Germany,DEU,1970,0
Germany,DEU,1971,0
Germany,DEU,1972,0
Germany,DEU,1973,0
Germany,DEU,1974,0
Germany,DEU,1975,0
Germany,DEU,1976,0
Germany,DEU,1977,0
Germany,DEU,1978,0
Germany,DEU,1979,0
Germany,DEU,1980,0
Germany,DEU,1981,0
Germany,DEU,1982,0
Germany,DEU,1983,0
Germany,DEU,1984,0
Germany,DEU,1985,0
Germany,DEU,1986,0
Germany,DEU,1987,0
Germany,DEU,1988,0
Germany,DEU,1989,0
Germany,DEU,1990,0
Germany,DEU,1991,0
Germany,DEU,1992,0
Greece,GRC,1961,1516
Greece,GRC,1962,738
Greece,GRC,1963,867
Greece,GRC,1964,830
Greece,GRC,1965,872
Greece,GRC,1966,1040
Greece,GRC,1967,1163
Greece,GRC,1968,1251
Greece,GRC,1969,1244
Greece,GRC,1970,1721
Greece,GRC,1971,1646
Greece,GRC,1972,1952
Greece,GRC,1973,2824
Greece,GRC,1974,3168
Greece,GRC,1975,3922
Greece,GRC,1976,4616
Greece,GRC,1977,5781
Greece,GRC,1978,8042
Greece,GRC,1979,7040
Greece,GRC,1980,8800
Greece,GRC,1981,11721
Greece,GRC,1982,9187
Greece,GRC,1983,9153
Greece,GRC,1984,9506
Greece,GRC,1985,7047
Greece,GRC,1986,11039
Greece,GRC,1987,7730
Greece,GRC,1988,15945
Greece,GRC,1989,7366
Greece,GRC,1990,6697
Greece,GRC,1991,6500
Greece,GRC,1992,5482
Greece,GRC,1993,4662
Greece,GRC,1994,4550
Greece,GRC,1995,4352
Greece,GRC,1996,3402
Greece,GRC,1997,3212.63
Greece,GRC,1998,2656.05
Greece,GRC,1999,2713
Greece,GRC,2000,2458
Greece,GRC,2001,2755
Greece,GRC,2002,2437.14
Greece,GRC,2003,2143.99
Greece,GRC,2004,2532
Greece,GRC,2005,1799
Greece,GRC,2006,1683
Greece,GRC,2007,1493.72
Greece,GRC,2008,1359.12
Greece,GRC,2009,1296.33
Greece,GRC,2010,1342.3
Greece,GRC,2011,1207.16
Greece,GRC,2012,1234.25
Greece,GRC,2013,1409.82
Greece,GRC,2014,479.04
Greece,GRC,2015,486
Greece,GRC,2016,465.25
Greece,GRC,2017,480
Greece,GRC,2018,810
Greece,GRC,2019,1100
Greece,GRC,2020,1190
Greece,GRC,2021,1760
Greece,GRC,2022,1780
Greece,GRC,2023,6950
Hungary,HUN,1961,500
Hungary,HUN,1962,521
Hungary,HUN,1963,567
Hungary,HUN,1964,874
Hungary,HUN,1965,920
Hungary,HUN,1966,3151
Hungary,HUN,1967,183
Hungary,HUN,1968,211
Hungary,HUN,1969,327
Hungary,HUN,1970,286
Hungary,HUN,1971,295
Hungary,HUN,1972,244
Hungary,HUN,1973,178
Hungary,HUN,1974,160
Hungary,HUN,1975,205
Hungary,HUN,1976,185
Hungary,HUN,1977,229
Hungary,HUN,1978,192
Hungary,HUN,1979,235
Hungary,HUN,1980,324
Hungary,HUN,1981,196
Hungary,HUN,1982,155
Hungary,HUN,1983,151
Hungary,HUN,1984,192
Hungary,HUN,1985,201
Hungary,HUN,1986,175
Hungary,HUN,1987,242
Hungary,HUN,1988,238
Hungary,HUN,1989,235
Hungary,HUN,1990,173
Hungary,HUN,1991,162
Hungary,HUN,1992,390
Hungary,HUN,1993,135
Hungary,HUN,1994,130
Hungary,HUN,1995,200
Hungary,HUN,1996,180
Hungary,HUN,1997,168.41
Hungary,HUN,1998,173
Hungary,HUN,1999,197
Hungary,HUN,2000,225
Hungary,HUN,2001,168
Hungary,HUN,2002,124
Hungary,HUN,2003,127
Hungary,HUN,2004,94
Hungary,HUN,2005,89
Hungary,HUN,2006,68
Hungary,HUN,2007,79
Hungary,HUN,2008,98
Hungary,HUN,2009,69
Hungary,HUN,2010,144
Hungary,HUN,2011,135
Hungary,HUN,2012,110
Hungary,HUN,2013,60
Hungary,HUN,2014,53
Hungary,HUN,2015,64
Hungary,HUN,2016,79
Hungary,HUN,2017,128
Hungary,HUN,2018,140
Hungary,HUN,2019,170
Hungary,HUN,2020,190
Hungary,HUN,2021,210
Hungary,HUN,2022,270
Hungary,HUN,2023,390
Iran,IRN,1961,20000
Iran,IRN,1962,20000
Iran,IRN,1963,12000
Iran,IRN,1964,13000
Iran,IRN,1965,13000
Iran,IRN,1966,13000
Iran,IRN,1967,13000
Iran,IRN,1968,13000
Iran,IRN,1969,12000
Iran,IRN,1970,12000
Iran,IRN,1971,14500
Iran,IRN,1972,15000
Iran,IRN,1973,12000
Iran,IRN,1974,12000
Iran,IRN,1975,13000
Iran,IRN,1976,14000
Iran,IRN,1977,15000
Iran,IRN,1978,15000
Iran,IRN,1979,7000
Iran,IRN,1980,6000
Iran,IRN,1981,5000
Iran,IRN,1982,3579
Iran,IRN,1983,1685
Iran,IRN,1984,2182
Iran,IRN,1985,2273
Iran,IRN,1986,3900
Iran,IRN,1987,4571
Iran,IRN,1988,4116
Iran,IRN,1989,4020
Iran,IRN,1990,4704
Iran,IRN,1991,5372
Iran,IRN,1992,6006
Iran,IRN,1993,10874
Iran,IRN,1994,12758.2
Iran,IRN,1995,11834.1
Iran,IRN,1996,11363
Iran,IRN,1997,11890
Iran,IRN,1998,12842
Iran,IRN,1999,11386
Iran,IRN,2000,10290
Iran,IRN,2001,11749
Iran,IRN,2002,13061.4
Iran,IRN,2003,14447
Iran,IRN,2004,15091.2
Iran,IRN,2005,17889
Iran,IRN,2006,14543.6
Iran,IRN,2007,18986.6
Iran,IRN,2008,18607
Iran,IRN,2009,17492
Iran,IRN,2010,18442.8
Iran,IRN,2011,18758
Iran,IRN,2012,19531.6
Iran,IRN,2013,20655
Iran,IRN,2014,10097.8
Iran,IRN,2015,13516.14
Iran,IRN,2016,14756.31
Iran,IRN,2017,12790.08
Iran,IRN,2018,13938.48
Iran,IRN,2019,13828.29
Iran,IRN,2020,13518.95
Iran,IRN,2021,13921.93
Iran,IRN,2022,13761.85
Iran,IRN,2023,13601.77
Ireland,IRL,2018,0
Ireland,IRL,2019,0
Ireland,IRL,2020,0
Ireland,IRL,2021,0
Ireland,IRL,2022,0
Ireland,IRL,2023,0
Italy,ITA,1961,55379
Italy,ITA,1962,53004
Italy,ITA,1963,58122
Italy,ITA,1964,46877
Italy,ITA,1965,60782
Italy,ITA,1966,72951
Italy,ITA,1967,64805
Italy,ITA,1968,82960
Italy,ITA,1969,53672
Italy,ITA,1970,78877
Italy,ITA,1971,84847
Italy,ITA,1972,80904
Italy,ITA,1973,87700
Italy,ITA,1974,105100
Italy,ITA,1975,99108
Italy,ITA,1976,95282
Italy,ITA,1977,84439
Italy,ITA,1978,100600
Italy,ITA,1979,93750
Italy,ITA,1980,100600
Italy,ITA,1981,130114
Italy,ITA,1982,110918
Italy,ITA,1983,137119
Italy,ITA,1984,80082
Italy,ITA,1985,117681
Italy,ITA,1986,108821
Italy,ITA,1987,112782
Italy,ITA,1988,130230
Italy,ITA,1989,127248
Italy,ITA,1990,109344
Italy,ITA,1991,128149
Italy,ITA,1992,115316
Italy,ITA,1993,90778
Italy,ITA,1994,127571
Italy,ITA,1995,118400
Italy,ITA,1996,120215
Italy,ITA,1997,98742
Italy,ITA,1998,128137
Italy,ITA,1999,118388
Italy,ITA,2000,98540
Italy,ITA,2001,117000
Italy,ITA,2002,119458
Italy,ITA,2003,83292
Italy,ITA,2004,143356
Italy,ITA,2005,87879
Italy,ITA,2006,142109
Italy,ITA,2007,128231
Italy,ITA,2008,111841
Italy,ITA,2009,106600
Italy,ITA,2010,90270
Italy,ITA,2011,128940
Italy,ITA,2012,85232
Italy,ITA,2013,112649.9
Italy,ITA,2014,75455.6
Italy,ITA,2015,101643
Italy,ITA,2016,120571.8
Italy,ITA,2017,131281
Italy,ITA,2018,132700
Italy,ITA,2019,98530
Italy,ITA,2020,140560
Italy,ITA,2021,84670
Italy,ITA,2022,98670
Italy,ITA,2023,102740
Kyrgyzstan,KGZ,1992,2000
Kyrgyzstan,KGZ,1993,1500
Kyrgyzstan,KGZ,1994,1325.62
Kyrgyzstan,KGZ,1995,1247.64
Kyrgyzstan,KGZ,1996,1149.79
Kyrgyzstan,KGZ,1997,1000
Kyrgyzstan,KGZ,1998,800
Kyrgyzstan,KGZ,1999,845.14
Kyrgyzstan,KGZ,2000,785
Kyrgyzstan,KGZ,2001,1161
Kyrgyzstan,KGZ,2002,1161
Kyrgyzstan,KGZ,2003,1100
Kyrgyzstan,KGZ,2004,1493.39
Kyrgyzstan,KGZ,2005,1810
Kyrgyzstan,KGZ,2006,2420
Kyrgyzstan,KGZ,2007,3242
Kyrgyzstan,KGZ,2008,3000
Kyrgyzstan,KGZ,2009,3034.69
Kyrgyzstan,KGZ,2010,3352.66
Kyrgyzstan,KGZ,2011,3592.86
Kyrgyzstan,KGZ,2012,3806.13
Kyrgyzstan,KGZ,2013,4019.39
Kyrgyzstan,KGZ,2014,4197.2
Kyrgyzstan,KGZ,2015,4447.04
Kyrgyzstan,KGZ,2016,4221.21
Kyrgyzstan,KGZ,2017,4217.86
Kyrgyzstan,KGZ,2018,4255.35
Kyrgyzstan,KGZ,2019,4317.91
Kyrgyzstan,KGZ,2020,4263.71
Kyrgyzstan,KGZ,2021,4278.99
Kyrgyzstan,KGZ,2022,4286.87
Kyrgyzstan,KGZ,2023,4276.52
Latvia,LVA,2018,0
Latvia,LVA,2019,0
Latvia,LVA,2020,0
Latvia,LVA,2021,0
Latvia,LVA,2022,0
Latvia,LVA,2023,0
Lithuania,LTU,2021,60
Lithuania,LTU,2022,40
Lithuania,LTU,2023,200
Malta,MLT,2018,0
Malta,MLT,2019,0
Malta,MLT,2020,0
Malta,MLT,2021,0
Malta,MLT,2022,0
Malta,MLT,2023,0
Moldova,MDA,1992,1600
Moldova,MDA,1993,1000
Moldova,MDA,1994,999.18
Moldova,MDA,1995,932.62
Moldova,MDA,1996,800
Moldova,MDA,1997,874.13
Moldova,MDA,1998,900
Moldova,MDA,1999,850
Moldova,MDA,2000,800
Moldova,MDA,2001,850
Moldova,MDA,2002,800
Moldova,MDA,2003,716.96
Moldova,MDA,2004,661.73
Moldova,MDA,2005,600.34
Moldova,MDA,2006,553.69
Moldova,MDA,2007,465.56
Moldova,MDA,2008,437.1
Moldova,MDA,2009,300
Moldova,MDA,2010,300
Moldova,MDA,2011,300
Moldova,MDA,2012,300
Moldova,MDA,2013,400
Moldova,MDA,2014,400
Moldova,MDA,2015,303.6
Moldova,MDA,2016,367.87
Moldova,MDA,2017,357.15
Moldova,MDA,2018,342.87
Moldova,MDA,2019,355.96
Moldova,MDA,2020,352
Moldova,MDA,2021,350.28
Moldova,MDA,2022,352.75
Moldova,MDA,2023,351.67
Mongolia,MNG,1997,200
Mongolia,MNG,1998,250
Mongolia,MNG,1999,256.91
Mongolia,MNG,2000,274.09
Mongolia,MNG,2001,300
Mongolia,MNG,2002,320
Mongolia,MNG,2003,300
Mongolia,MNG,2004,311.02
Mongolia,MNG,2005,313.5
Mongolia,MNG,2006,311.59
Mongolia,MNG,2007,311.89
Mongolia,MNG,2008,310
Mongolia,MNG,2009,312.57
Mongolia,MNG,2010,313.64
Mongolia,MNG,2011,313.43
Mongolia,MNG,2012,313.76
Mongolia,MNG,2013,314.08
Mongolia,MNG,2014,317.2
Mongolia,MNG,2015,326.49
Mongolia,MNG,2016,331.78
Mongolia,MNG,2017,334.94
Mongolia,MNG,2018,336.47
Mongolia,MNG,2019,337.19
Mongolia,MNG,2020,337.45
Mongolia,MNG,2021,336.02
Mongolia,MNG,2022,337.71
Mongolia,MNG,2023,339.4
Poland,POL,2002,1572
Poland,POL,2003,2320
Poland,POL,2004,2278
Poland,POL,2005,3061
Poland,POL,2006,2637
Poland,POL,2007,3470
Poland,POL,2008,3434
Poland,POL,2009,3055
Poland,POL,2010,2649
Poland,POL,2011,3103
Poland,POL,2012,4223
Poland,POL,2013,5132
Poland,POL,2014,5531
Poland,POL,2015,5422
Poland,POL,2016,5526
Poland,POL,2017,4635
Poland,POL,2018,6640
Poland,POL,2019,5440
Poland,POL,2020,7700
Poland,POL,2021,7600
Poland,POL,2022,9500
Poland,POL,2023,10700
Portugal,PRT,1961,600
Portugal,PRT,1962,600
Portugal,PRT,1963,700
Portugal,PRT,1964,800
Portugal,PRT,1965,1000
Portugal,PRT,1966,1300
Portugal,PRT,1967,1400
Portugal,PRT,1968,1359
Portugal,PRT,1969,983
Portugal,PRT,1970,668
Portugal,PRT,1971,1127
Portugal,PRT,1972,988
Portugal,PRT,1973,1064
Portugal,PRT,1974,887
Portugal,PRT,1975,959
Portugal,PRT,1976,1057
Portugal,PRT,1977,1168
Portugal,PRT,1978,1184
Portugal,PRT,1979,1200
Portugal,PRT,1980,1216
Portugal,PRT,1981,1232
Portugal,PRT,1982,1286
Portugal,PRT,1983,1339
Portugal,PRT,1984,1371
Portugal,PRT,1985,1425
Portugal,PRT,1986,1611
Portugal,PRT,1987,1807
Portugal,PRT,1988,1800
Portugal,PRT,1989,2080
Portugal,PRT,1990,1900
Portugal,PRT,1991,2000
Portugal,PRT,1992,1800
Portugal,PRT,1993,1271
Portugal,PRT,1994,1234
Portugal,PRT,1995,842
Portugal,PRT,1996,852
Portugal,PRT,1997,901
Portugal,PRT,1998,652
Portugal,PRT,1999,702
Portugal,PRT,2000,638
Portugal,PRT,2001,568
Portugal,PRT,2002,619
Portugal,PRT,2003,588
Portugal,PRT,2004,472
Portugal,PRT,2005,342
Portugal,PRT,2006,381
Portugal,PRT,2007,362
Portugal,PRT,2008,345
Portugal,PRT,2009,338
Portugal,PRT,2010,342
Portugal,PRT,2011,343
Portugal,PRT,2012,299
Portugal,PRT,2013,337
Portugal,PRT,2014,352
Portugal,PRT,2015,360
Portugal,PRT,2016,321
Portugal,PRT,2017,307
Portugal,PRT,2018,240
Portugal,PRT,2019,220
Portugal,PRT,2020,210
Portugal,PRT,2021,240
Portugal,PRT,2022,230
Portugal,PRT,2023,250
Romania,ROU,2004,16
Romania,ROU,2005,13
Romania,ROU,2006,0
Romania,ROU,2007,3
Romania,ROU,2008,6
Romania,ROU,2009,11
Romania,ROU,2010,14
Romania,ROU,2011,51
Romania,ROU,2012,75
Romania,ROU,2013,110
Romania,ROU,2014,194
Romania,ROU,2015,422
Romania,ROU,2016,602
Romania,ROU,2017,439
Romania,ROU,2018,1010
Romania,ROU,2019,230
Romania,ROU,2020,1580
Romania,ROU,2021,660
Romania,ROU,2022,910
Romania,ROU,2023,2160
Serbia,SRB,2015,4151
Serbia,SRB,2016,4142
Serbia,SRB,2017,4196
Serbia,SRB,2018,5428
Serbia,SRB,2019,4949.3
Serbia,SRB,2020,6689
Serbia,SRB,2021,6242
Serbia,SRB,2022,9328
Serbia,SRB,2023,10190.11
Slovakia,SVK,2001,1
Slovakia,SVK,2006,0
Slovakia,SVK,2007,0
Slovakia,SVK,2008,0
Slovakia,SVK,2018,0
Slovakia,SVK,2019,0
Slovenia,SVN,2003,93
Slovenia,SVN,2004,96
Slovenia,SVN,2005,97
Slovenia,SVN,2006,73
Slovenia,SVN,2007,115
Slovenia,SVN,2008,52
Slovenia,SVN,2009,236
Slovenia,SVN,2010,99
Slovenia,SVN,2011,86
Slovenia,SVN,2012,98
Slovenia,SVN,2013,89
Slovenia,SVN,2014,67
Slovenia,SVN,2015,171
Slovenia,SVN,2016,175
Slovenia,SVN,2017,98
Slovenia,SVN,2018,220
Slovenia,SVN,2019,250
Slovenia,SVN,2020,520
Slovenia,SVN,2021,70
Slovenia,SVN,2022,240
Slovenia,SVN,2023,250
Spain,ESP,1961,14200
Spain,ESP,1962,18400
Spain,ESP,1963,20000
Spain,ESP,1964,17600
Spain,ESP,1965,20000
Spain,ESP,1966,15800
Spain,ESP,1967,15500
Spain,ESP,1968,17700
Spain,ESP,1969,12000
Spain,ESP,1970,20200
Spain,ESP,1971,19600
Spain,ESP,1972,19500
Spain,ESP,1973,15500
Spain,ESP,1974,22000
Spain,ESP,1975,20000
Spain,ESP,1976,28600
Spain,ESP,1977,30600
Spain,ESP,1978,18300
Spain,ESP,1979,35800
Spain,ESP,1980,29900
Spain,ESP,1981,23000
Spain,ESP,1982,19500
Spain,ESP,1983,31100
Spain,ESP,1984,12971
Spain,ESP,1985,30200
Spain,ESP,1986,20700
Spain,ESP,1987,28974
Spain,ESP,1988,20300
Spain,ESP,1989,24668
Spain,ESP,1990,21270
Spain,ESP,1991,18096
Spain,ESP,1992,26432
Spain,ESP,1993,12107
Spain,ESP,1994,22600
Spain,ESP,1995,15500
Spain,ESP,1996,7030
Spain,ESP,1997,21252
Spain,ESP,1998,17667
Spain,ESP,1999,27800
Spain,ESP,2000,25188
Spain,ESP,2001,26711
Spain,ESP,2002,26552
Spain,ESP,2003,12559
Spain,ESP,2004,26919
Spain,ESP,2005,23027
Spain,ESP,2006,24810
Spain,ESP,2007,16134
Spain,ESP,2008,24330
Spain,ESP,2009,10290
Spain,ESP,2010,15086
Spain,ESP,2011,17590
Spain,ESP,2012,14406
Spain,ESP,2013,15300
Spain,ESP,2014,13542
Spain,ESP,2015,11423
Spain,ESP,2016,9510
Spain,ESP,2017,10487
Spain,ESP,2018,8030
Spain,ESP,2019,12370
Spain,ESP,2020,5450
Spain,ESP,2021,7780
Spain,ESP,2022,8040
Spain,ESP,2023,6790
Sweden,SWE,2018,0
Sweden,SWE,2019,0
Sweden,SWE,2020,0
Sweden,SWE,2021,0
Sweden,SWE,2022,0
Sweden,SWE,2023,0
Tajikistan,TJK,1992,1600
Tajikistan,TJK,1993,1000
Tajikistan,TJK,1994,1120.48
Tajikistan,TJK,1995,1100.96
Tajikistan,TJK,1996,900
Tajikistan,TJK,1997,800
Tajikistan,TJK,1998,1000
Tajikistan,TJK,1999,1100
Tajikistan,TJK,2000,1000
Tajikistan,TJK,2001,1100
Tajikistan,TJK,2002,800
Tajikistan,TJK,2003,1000
Tajikistan,TJK,2004,1034.22
Tajikistan,TJK,2005,1041.92
Tajikistan,TJK,2006,1200
Tajikistan,TJK,2007,1000
Tajikistan,TJK,2008,1000
Tajikistan,TJK,2009,1000
Tajikistan,TJK,2010,1000
Tajikistan,TJK,2011,1000
Tajikistan,TJK,2012,1000
Tajikistan,TJK,2013,1000
Tajikistan,TJK,2014,1000
Tajikistan,TJK,2015,990.19
Tajikistan,TJK,2016,987.72
Tajikistan,TJK,2017,986
Tajikistan,TJK,2018,983.4
Tajikistan,TJK,2019,982.49
Tajikistan,TJK,2020,989.49
Tajikistan,TJK,2021,999.21
Tajikistan,TJK,2022,998.08
Tajikistan,TJK,2023,996.95
Tunisia,TUN,1961,0
Tunisia,TUN,1962,0
Tunisia,TUN,1963,0
Tunisia,TUN,1964,0
Tunisia,TUN,1965,0
Tunisia,TUN,1966,0
Tunisia,TUN,1967,0
Tunisia,TUN,1968,0
Tunisia,TUN,1969,0
Tunisia,TUN,1970,0
Tunisia,TUN,1971,0
Tunisia,TUN,1972,0
Tunisia,TUN,1973,0
Tunisia,TUN,1974,0
Tunisia,TUN,1975,0
Tunisia,TUN,1976,0
Tunisia,TUN,1977,0
Tunisia,TUN,1978,0
Tunisia,TUN,1979,0
Tunisia,TUN,1980,0
Tunisia,TUN,1981,0
Tunisia,TUN,1982,0
Tunisia,TUN,1983,0
Tunisia,TUN,1984,0
Tunisia,TUN,1985,0
Tunisia,TUN,1986,0
Tunisia,TUN,1987,0
Tunisia,TUN,1988,0
Tunisia,TUN,1989,20
Tunisia,TUN,1990,30
Tunisia,TUN,1991,35
Tunisia,TUN,1992,35.4
Tunisia,TUN,1993,36
Tunisia,TUN,1994,40
Tunisia,TUN,1995,38.21
Tunisia,TUN,1996,38.56
Tunisia,TUN,1997,39.94
Tunisia,TUN,1998,39.96
Tunisia,TUN,1999,39.98
Tunisia,TUN,2000,40
Tunisia,TUN,2001,40.02
Tunisia,TUN,2002,40
Tunisia,TUN,2003,40.06
Tunisia,TUN,2004,40.57
Tunisia,TUN,2005,40
Tunisia,TUN,2006,40
Tunisia,TUN,2007,40
Tunisia,TUN,2008,45
Tunisia,TUN,2009,44.43
Tunisia,TUN,2010,42.85
Tunisia,TUN,2011,42.86
Tunisia,TUN,2012,43.13
Tunisia,TUN,2013,43.4
Tunisia,TUN,2014,43.84
Tunisia,TUN,2015,44.4
Tunisia,TUN,2016,44.73
Tunisia,TUN,2017,44.88
Tunisia,TUN,2018,45.08
Tunisia,TUN,2019,45.37
Tunisia,TUN,2020,45.9
Tunisia,TUN,2021,46.02
Tunisia,TUN,2022,46.26
Tunisia,TUN,2023,46.5
Turkey,TUR,1961,76000
Turkey,TUR,1962,122380
Turkey,TUR,1963,88440
Turkey,TUR,1964,195215
Turkey,TUR,1965,62000
Turkey,TUR,1966,190000
Turkey,TUR,1967,71000
Turkey,TUR,1968,138000
Turkey,TUR,1969,170000
Turkey,TUR,1970,255000
Turkey,TUR,1971,166000
Turkey,TUR,1972,190000
Turkey,TUR,1973,250900
Turkey,TUR,1974,244000
Turkey,TUR,1975,317000
Turkey,TUR,1976,245000
Turkey,TUR,1977,290000
Turkey,TUR,1978,310000
Turkey,TUR,1979,300000
Turkey,TUR,1980,250000
Turkey,TUR,1981,350000
Turkey,TUR,1982,220000
Turkey,TUR,1983,395000
Turkey,TUR,1984,300000
Turkey,TUR,1985,180000
Turkey,TUR,1986,300000
Turkey,TUR,1987,280000
Turkey,TUR,1988,402500
Turkey,TUR,1989,550000
Turkey,TUR,1990,375000
Turkey,TUR,1991,315000
Turkey,TUR,1992,520000
Turkey,TUR,1993,305000
Turkey,TUR,1994,490000
Turkey,TUR,1995,455000
Turkey,TUR,1996,446000
Turkey,TUR,1997,410000
Turkey,TUR,1998,580000
Turkey,TUR,1999,530000
Turkey,TUR,2000,470000
Turkey,TUR,2001,625000
Turkey,TUR,2002,600000
Turkey,TUR,2003,480000
Turkey,TUR,2004,350000
Turkey,TUR,2005,530000
Turkey,TUR,2006,661000
Turkey,TUR,2007,530000
Turkey,TUR,2008,800791
Turkey,TUR,2009,500000
Turkey,TUR,2010,600000
Turkey,TUR,2011,430000
Turkey,TUR,2012,660000
Turkey,TUR,2013,549000
Turkey,TUR,2014,450000
Turkey,TUR,2015,646000
Turkey,TUR,2016,420000
Turkey,TUR,2017,675000
Turkey,TUR,2018,515000
Turkey,TUR,2019,776046
Turkey,TUR,2020,665000
Turkey,TUR,2021,684000
Turkey,TUR,2022,765000
Turkey,TUR,2023,650000
USSR,SUN,1961,900
USSR,SUN,1962,900
USSR,SUN,1963,1200
USSR,SUN,1964,1300
USSR,SUN,1965,1200
USSR,SUN,1966,1300
USSR,SUN,1967,1600
USSR,SUN,1968,1800
USSR,SUN,1969,1600
USSR,SUN,1970,2300
USSR,SUN,1971,2300
USSR,SUN,1972,2000
USSR,SUN,1973,2600
USSR,SUN,1974,2300
USSR,SUN,1975,2600
USSR,SUN,1976,2900
USSR,SUN,1977,3300
USSR,SUN,1978,3000
USSR,SUN,1979,3000
USSR,SUN,1980,3200
USSR,SUN,1981,4000
USSR,SUN,1982,3500
USSR,SUN,1983,4000
USSR,SUN,1984,5000
USSR,SUN,1985,6000
USSR,SUN,1986,7500
USSR,SUN,1987,8600
USSR,SUN,1988,9000
USSR,SUN,1989,9500
USSR,SUN,1990,10000
USSR,SUN,1991,11000
Ukraine,UKR,1992,139
Ukraine,UKR,1993,110
Ukraine,UKR,1994,105
Ukraine,UKR,1995,138
Ukraine,UKR,1996,146
Ukraine,UKR,1997,147
Ukraine,UKR,1998,165
Ukraine,UKR,1999,68
Ukraine,UKR,2000,44
Ukraine,UKR,2001,33
Ukraine,UKR,2002,17
Ukraine,UKR,2003,18
Ukraine,UKR,2004,20
Ukraine,UKR,2005,13
Ukraine,UKR,2006,10
Ukraine,UKR,2007,10
Ukraine,UKR,2008,20
Ukraine,UKR,2009,10
Ukraine,UKR,2010,20
Ukraine,UKR,2011,20
Ukraine,UKR,2012,20
Ukraine,UKR,2013,20
Ukraine,UKR,2014,10
Ukraine,UKR,2015,10
Ukraine,UKR,2016,10
Ukraine,UKR,2017,10
Ukraine,UKR,2018,20
Ukraine,UKR,2019,50
Ukraine,UKR,2020,40
Ukraine,UKR,2021,50
Ukraine,UKR,2022,210
Ukraine,UKR,2023,790
United States,USA,1961,10668
United States,USA,1962,7058
United States,USA,1963,6350
United States,USA,1964,7348
United States,USA,1965,6985
United States,USA,1966,11068
United States,USA,1967,6804
United States,USA,1968,6895
United States,USA,1969,6713
United States,USA,1970,8400
United States,USA,1971,10315
United States,USA,1972,9253
United States,USA,1973,11158
United States,USA,1974,6078
United States,USA,1975,10977
United States,USA,1976,6532
United States,USA,1977,10705
United States,USA,1978,12791
United States,USA,1979,11790
United States,USA,1980,13970
United States,USA,1981,13340
United States,USA,1982,17060
United States,USA,1983,7440
United States,USA,1984,12160
United States,USA,1985,22320
United States,USA,1986,13700
United States,USA,1987,19780
United States,USA,1988,15000
United States,USA,1989,11800
United States,USA,1990,19700
United States,USA,1991,23130
United States,USA,1992,25130
United States,USA,1993,37190
United States,USA,1994,19230
United States,USA,1995,35380
United States,USA,1996,17240
United States,USA,1997,42770
United States,USA,1998,14060
United States,USA,1999,36290
United States,USA,2000,20410
United States,USA,2001,44910
United States,USA,2002,17690
United States,USA,2003,34380
United States,USA,2004,34019
United States,USA,2005,25038
United States,USA,2006,37195
United States,USA,2007,33568
United States,USA,2008,29030
United States,USA,2009,42638
United States,USA,2010,25401
United States,USA,2011,34927
United States,USA,2012,35500
United States,USA,2013,40823
United States,USA,2014,32659
United States,USA,2015,28123
United States,USA,2016,39916
United States,USA,2017,29030
United States,USA,2018,46270
United States,USA,2019,40820
United States,USA,2020,56060
United States,USA,2021,70490
United States,USA,2022,70310
United States,USA,2023,85460
Uzbekistan,UZB,1992,800
Uzbekistan,UZB,1993,811.05
Uzbekistan,UZB,1994,900
Uzbekistan,UZB,1995,800
Uzbekistan,UZB,1996,900
Uzbekistan,UZB,1997,1000
Uzbekistan,UZB,1998,1023.83
Uzbekistan,UZB,1999,1100
Uzbekistan,UZB,2000,1200
Uzbekistan,UZB,2001,1176.4
Uzbekistan,UZB,2002,1100
Uzbekistan,UZB,2003,1000
Uzbekistan,UZB,2004,1143.75
Uzbekistan,UZB,2005,1105.89
Uzbekistan,UZB,2006,1216.71
Uzbekistan,UZB,2007,1292.84
Uzbekistan,UZB,2008,996.47
Uzbekistan,UZB,2009,1142.88
Uzbekistan,UZB,2010,1100
Uzbekistan,UZB,2011,2600
Uzbekistan,UZB,2012,2300
Uzbekistan,UZB,2013,3100
Uzbekistan,UZB,2014,3400
Uzbekistan,UZB,2015,4000
Uzbekistan,UZB,2016,3500
Uzbekistan,UZB,2017,3684.86
Uzbekistan,UZB,2018,3858.93
Uzbekistan,UZB,2019,3681.26
Uzbekistan,UZB,2020,3741.69
Uzbekistan,UZB,2021,3760.63
Uzbekistan,UZB,2022,3727.86
Uzbekistan,UZB,2023,3743.39
