Entity,Code,Year,Rye | 00000071 || Production | 005510 || tonnes
Albania,ALB,1961,7206
Albania,ALB,1962,7075
Albania,ALB,1963,5175
Albania,ALB,1964,6498
Albania,ALB,1965,4608
Albania,ALB,1966,6174
Albania,ALB,1967,7001
Albania,ALB,1968,6280
Albania,ALB,1969,7664
Albania,ALB,1970,9043
Albania,ALB,1971,7681
Albania,ALB,1972,8130
Albania,ALB,1973,8330
Albania,ALB,1974,8200
Albania,ALB,1975,8000
Albania,ALB,1976,10000
Albania,ALB,1977,10000
Albania,ALB,1978,10000
Albania,ALB,1979,10000
Albania,ALB,1980,10000
Albania,ALB,1981,5800
Albania,ALB,1982,7500
Albania,ALB,1983,10000
Albania,ALB,1984,11800
Albania,ALB,1985,10900
Albania,ALB,1986,10000
Albania,ALB,1987,10000
Albania,ALB,1988,9400
Albania,ALB,1989,9300
Albania,ALB,1990,8000
Albania,ALB,1991,1427
Albania,ALB,1992,1360
Albania,ALB,1993,2739
Albania,ALB,1994,3765
Albania,ALB,1995,4229
Albania,ALB,1996,2585
Albania,ALB,1997,3029
Albania,ALB,1998,2901
Albania,ALB,1999,3400
Albania,ALB,2000,1500
Albania,ALB,2001,3700
Albania,ALB,2002,2700
Albania,ALB,2003,2400
Albania,ALB,2004,2400
Albania,ALB,2005,3000
Albania,ALB,2006,2600
Albania,ALB,2007,3300
Albania,ALB,2008,3100
Albania,ALB,2009,3200
Albania,ALB,2010,2300
Albania,ALB,2011,3400
Albania,ALB,2012,3400
Albania,ALB,2013,2900
Albania,ALB,2014,3070
Albania,ALB,2015,3000
Albania,ALB,2016,2713
Albania,ALB,2017,2695
Albania,ALB,2018,2250
Albania,ALB,2019,2572
Albania,ALB,2020,3244
Albania,ALB,2021,3293
Albania,ALB,2022,3115
Albania,ALB,2023,3012.5
Argentina,ARG,1961,510000
Argentina,ARG,1962,163100
Argentina,ARG,1963,538000
Argentina,ARG,1964,651500
Argentina,ARG,1965,245000
Argentina,ARG,1966,270000
Argentina,ARG,1967,352000
Argentina,ARG,1968,360000
Argentina,ARG,1969,377000
Argentina,ARG,1970,180700
Argentina,ARG,1971,256000
Argentina,ARG,1972,690000
Argentina,ARG,1973,613000
Argentina,ARG,1974,306000
Argentina,ARG,1975,273200
Argentina,ARG,1976,330000
Argentina,ARG,1977,170000
Argentina,ARG,1978,210000
Argentina,ARG,1979,202000
Argentina,ARG,1980,155000
Argentina,ARG,1981,149000
Argentina,ARG,1982,148000
Argentina,ARG,1983,130000
Argentina,ARG,1984,155800
Argentina,ARG,1985,94000
Argentina,ARG,1986,60000
Argentina,ARG,1987,88300
Argentina,ARG,1988,41200
Argentina,ARG,1989,62500
Argentina,ARG,1990,55100
Argentina,ARG,1991,55100
Argentina,ARG,1992,46000
Argentina,ARG,1993,34000
Argentina,ARG,1994,63700
Argentina,ARG,1995,54030
Argentina,ARG,1996,40200
Argentina,ARG,1997,36340
Argentina,ARG,1998,61740
Argentina,ARG,1999,66240
Argentina,ARG,2000,116155
Argentina,ARG,2001,129750
Argentina,ARG,2002,86530
Argentina,ARG,2003,79150
Argentina,ARG,2004,36670
Argentina,ARG,2005,91870
Argentina,ARG,2006,33070
Argentina,ARG,2007,17483
Argentina,ARG,2008,77180
Argentina,ARG,2009,33859
Argentina,ARG,2010,25135
Argentina,ARG,2011,44460
Argentina,ARG,2012,43110
Argentina,ARG,2013,39700
Argentina,ARG,2014,52130
Argentina,ARG,2015,97398
Argentina,ARG,2016,60676
Argentina,ARG,2017,78810
Argentina,ARG,2018,86098
Argentina,ARG,2019,86566
Argentina,ARG,2020,221201
Argentina,ARG,2021,135945
Argentina,ARG,2022,225510
Argentina,ARG,2023,179428
Armenia,ARM,1992,1076
Armenia,ARM,1993,100
Armenia,ARM,1994,120
Armenia,ARM,1995,100
Armenia,ARM,1996,26
Armenia,ARM,1997,385
Armenia,ARM,1998,200
Armenia,ARM,1999,130
Armenia,ARM,2000,101
Armenia,ARM,2001,182
Armenia,ARM,2002,298
Armenia,ARM,2003,158
Armenia,ARM,2004,404
Armenia,ARM,2005,587
Armenia,ARM,2006,246
Armenia,ARM,2007,895
Armenia,ARM,2008,864
Armenia,ARM,2009,543
Armenia,ARM,2010,345
Armenia,ARM,2011,1281
Armenia,ARM,2012,778
Armenia,ARM,2013,947
Armenia,ARM,2014,925
Armenia,ARM,2015,95
Armenia,ARM,2016,29
Armenia,ARM,2017,328
Armenia,ARM,2018,842
Armenia,ARM,2019,188
Armenia,ARM,2020,285.7
Armenia,ARM,2021,200.4
Armenia,ARM,2022,0.6
Armenia,ARM,2023,503.7
Australia,AUS,1961,10887
Australia,AUS,1962,9716
Australia,AUS,1963,9634
Australia,AUS,1964,13989
Australia,AUS,1965,10669
Australia,AUS,1966,15785
Australia,AUS,1967,10342
Australia,AUS,1968,20173
Australia,AUS,1969,11349
Australia,AUS,1970,22157
Australia,AUS,1971,21912
Australia,AUS,1972,9000
Australia,AUS,1973,8000
Australia,AUS,1974,4921
Australia,AUS,1975,6828
Australia,AUS,1976,9382
Australia,AUS,1977,10708
Australia,AUS,1978,26097
Australia,AUS,1979,9305
Australia,AUS,1980,8899
Australia,AUS,1981,16078
Australia,AUS,1982,9573
Australia,AUS,1983,24072
Australia,AUS,1984,14144
Australia,AUS,1985,24157
Australia,AUS,1986,54805
Australia,AUS,1987,26010
Australia,AUS,1988,17026
Australia,AUS,1989,21139
Australia,AUS,1990,22450
Australia,AUS,1991,33475
Australia,AUS,1992,28411
Australia,AUS,1993,23805
Australia,AUS,1994,20000
Australia,AUS,1995,20000
Australia,AUS,1996,20000
Australia,AUS,1997,20000
Australia,AUS,1998,20000
Australia,AUS,1999,20000
Australia,AUS,2000,20000
Australia,AUS,2001,20000
Australia,AUS,2002,20000
Australia,AUS,2003,20000
Australia,AUS,2004,20000
Australia,AUS,2005,20000
Australia,AUS,2006,20000
Australia,AUS,2007,20000
Australia,AUS,2008,35000
Australia,AUS,2009,29672.51
Australia,AUS,2010,29407.21
Australia,AUS,2011,29898.16
Australia,AUS,2012,40000
Australia,AUS,2013,30767.4
Australia,AUS,2014,29524.68
Australia,AUS,2015,30359.21
Australia,AUS,2016,30020.44
Australia,AUS,2017,30000
Australia,AUS,2018,29614.77
Australia,AUS,2019,29313.12
Australia,AUS,2020,29176.87
Australia,AUS,2021,28881.86
Australia,AUS,2022,28762.78
Australia,AUS,2023,28643.7
Austria,AUT,1961,472092
Austria,AUT,1962,467295
Austria,AUT,1963,322482
Austria,AUT,1964,387747
Austria,AUT,1965,315523
Austria,AUT,1966,363184
Austria,AUT,1967,377150
Austria,AUT,1968,413298
Austria,AUT,1969,439896
Austria,AUT,1970,362521
Austria,AUT,1971,448406
Austria,AUT,1972,402210
Austria,AUT,1973,399561
Austria,AUT,1974,414527
Austria,AUT,1975,347099
Austria,AUT,1976,410409
Austria,AUT,1977,351344
Austria,AUT,1978,409525
Austria,AUT,1979,277974
Austria,AUT,1980,382801
Austria,AUT,1981,320215
Austria,AUT,1982,347834
Austria,AUT,1983,347604
Austria,AUT,1984,380722
Austria,AUT,1985,338700
Austria,AUT,1986,283601
Austria,AUT,1987,309027
Austria,AUT,1988,355888
Austria,AUT,1989,381188
Austria,AUT,1990,396355
Austria,AUT,1991,350488
Austria,AUT,1992,277838
Austria,AUT,1993,291635
Austria,AUT,1994,318790
Austria,AUT,1995,313835
Austria,AUT,1996,156227
Austria,AUT,1997,207238
Austria,AUT,1998,236356
Austria,AUT,1999,218183
Austria,AUT,2000,182781
Austria,AUT,2001,213530
Austria,AUT,2002,171089
Austria,AUT,2003,132839
Austria,AUT,2004,213478
Austria,AUT,2005,163653
Austria,AUT,2006,93786
Austria,AUT,2007,188608
Austria,AUT,2008,218511
Austria,AUT,2009,183642
Austria,AUT,2010,161148.3
Austria,AUT,2011,202001.67
Austria,AUT,2012,204697.34
Austria,AUT,2013,234688.81
Austria,AUT,2014,232529.64
Austria,AUT,2015,171074.2
Austria,AUT,2016,188384.1
Austria,AUT,2017,129070
Austria,AUT,2018,176420
Austria,AUT,2019,199670
Austria,AUT,2020,217930
Austria,AUT,2021,152440
Austria,AUT,2022,169590
Austria,AUT,2023,176720
Azerbaijan,AZE,1992,576
Azerbaijan,AZE,1993,890
Azerbaijan,AZE,1994,3128
Azerbaijan,AZE,1995,1150
Azerbaijan,AZE,1996,3160
Azerbaijan,AZE,1997,3198
Azerbaijan,AZE,1998,456
Azerbaijan,AZE,1999,284
Azerbaijan,AZE,2000,9
Azerbaijan,AZE,2001,1
Azerbaijan,AZE,2002,22
Azerbaijan,AZE,2003,44
Azerbaijan,AZE,2004,106
Azerbaijan,AZE,2005,25
Azerbaijan,AZE,2006,16
Azerbaijan,AZE,2007,2
Azerbaijan,AZE,2008,33.7
Azerbaijan,AZE,2009,3
Azerbaijan,AZE,2010,2
Azerbaijan,AZE,2011,38.1
Azerbaijan,AZE,2012,458
Azerbaijan,AZE,2013,17
Azerbaijan,AZE,2014,86
Azerbaijan,AZE,2015,14
Azerbaijan,AZE,2016,82.8
Azerbaijan,AZE,2017,778
Azerbaijan,AZE,2018,679.5
Azerbaijan,AZE,2019,530.9
Azerbaijan,AZE,2020,504.3
Azerbaijan,AZE,2021,508.3
Azerbaijan,AZE,2022,315
Azerbaijan,AZE,2023,302.5
Belarus,BLR,1992,3062800
Belarus,BLR,1993,2825800
Belarus,BLR,1994,1863700
Belarus,BLR,1995,2143300
Belarus,BLR,1996,1794400
Belarus,BLR,1997,1787900
Belarus,BLR,1998,1383700
Belarus,BLR,1999,928900
Belarus,BLR,2000,1359900
Belarus,BLR,2001,1293600
Belarus,BLR,2002,1600000
Belarus,BLR,2003,1151267
Belarus,BLR,2004,1397089
Belarus,BLR,2005,1154848
Belarus,BLR,2006,1072024
Belarus,BLR,2007,1304949
Belarus,BLR,2008,1491847
Belarus,BLR,2009,1226753
Belarus,BLR,2010,734606
Belarus,BLR,2011,800509
Belarus,BLR,2012,1082405
Belarus,BLR,2013,648432
Belarus,BLR,2014,867075
Belarus,BLR,2015,752600
Belarus,BLR,2016,650908
Belarus,BLR,2017,669841
Belarus,BLR,2018,502505
Belarus,BLR,2019,755547
Belarus,BLR,2020,1050702
Belarus,BLR,2021,845000
Belarus,BLR,2022,750000
Belarus,BLR,2023,780000
Belgium,BEL,2000,4800
Belgium,BEL,2001,2900
Belgium,BEL,2002,2800
Belgium,BEL,2003,2991
Belgium,BEL,2004,3169
Belgium,BEL,2005,2326
Belgium,BEL,2006,2745
Belgium,BEL,2007,2372
Belgium,BEL,2008,2187
Belgium,BEL,2009,2671
Belgium,BEL,2010,1969
Belgium,BEL,2011,2381
Belgium,BEL,2012,2563
Belgium,BEL,2013,2814
Belgium,BEL,2014,1803
Belgium,BEL,2015,2563
Belgium,BEL,2016,1941
Belgium,BEL,2017,2389
Belgium,BEL,2018,2360
Belgium,BEL,2019,3360
Belgium,BEL,2020,2500
Belgium,BEL,2021,3400
Belgium,BEL,2022,3060
Belgium,BEL,2023,4030
Bolivia,BOL,1961,50
Bolivia,BOL,1962,50
Bolivia,BOL,1963,50
Bolivia,BOL,1964,50
Bolivia,BOL,1965,120
Bolivia,BOL,1966,550
Bolivia,BOL,1967,550
Bolivia,BOL,1968,550
Bolivia,BOL,1969,400
Bolivia,BOL,1970,400
Bolivia,BOL,1971,525
Bolivia,BOL,1972,550
Bolivia,BOL,1973,550
Bolivia,BOL,1974,550
Bolivia,BOL,1975,900
Bolivia,BOL,1976,450
Bolivia,BOL,1977,450
Bolivia,BOL,1978,400
Bolivia,BOL,1979,370
Bolivia,BOL,1980,390
Bolivia,BOL,1981,15
Bolivia,BOL,1982,21
Bolivia,BOL,1983,25
Bolivia,BOL,1984,145
Bolivia,BOL,1985,435
Bolivia,BOL,1986,400
Bolivia,BOL,1987,396
Bolivia,BOL,1988,360
Bolivia,BOL,1989,205
Bolivia,BOL,1990,183
Bolivia,BOL,1991,245
Bolivia,BOL,1992,150
Bolivia,BOL,1993,155
Bolivia,BOL,1994,175
Bolivia,BOL,1995,185
Bolivia,BOL,1996,200
Bolivia,BOL,1997,210
Bolivia,BOL,1998,150
Bolivia,BOL,1999,200
Bolivia,BOL,2000,205
Bolivia,BOL,2001,210
Bolivia,BOL,2002,210
Bolivia,BOL,2003,374
Bolivia,BOL,2004,386
Bolivia,BOL,2005,398
Bolivia,BOL,2006,405
Bolivia,BOL,2007,413
Bolivia,BOL,2008,420
Bolivia,BOL,2009,99
Bolivia,BOL,2010,106
Bolivia,BOL,2011,98
Bolivia,BOL,2012,105.94
Bolivia,BOL,2013,98.6
Bolivia,BOL,2014,274
Bolivia,BOL,2015,318
Bolivia,BOL,2016,269
Bolivia,BOL,2017,269
Bolivia,BOL,2018,274.52
Bolivia,BOL,2019,286
Bolivia,BOL,2020,284
Bolivia,BOL,2021,283.93
Bolivia,BOL,2022,279.5
Bolivia,BOL,2023,285.25
Bosnia and Herzegovina,BIH,1992,8400
Bosnia and Herzegovina,BIH,1993,8300
Bosnia and Herzegovina,BIH,1994,8100
Bosnia and Herzegovina,BIH,1995,7360
Bosnia and Herzegovina,BIH,1996,4600
Bosnia and Herzegovina,BIH,1997,7384
Bosnia and Herzegovina,BIH,1998,9394
Bosnia and Herzegovina,BIH,1999,9031
Bosnia and Herzegovina,BIH,2000,11724
Bosnia and Herzegovina,BIH,2001,9574
Bosnia and Herzegovina,BIH,2002,11064
Bosnia and Herzegovina,BIH,2003,7046
Bosnia and Herzegovina,BIH,2004,9859
Bosnia and Herzegovina,BIH,2005,7516
Bosnia and Herzegovina,BIH,2006,10740
Bosnia and Herzegovina,BIH,2007,8856
Bosnia and Herzegovina,BIH,2008,11087
Bosnia and Herzegovina,BIH,2009,12192
Bosnia and Herzegovina,BIH,2010,7424
Bosnia and Herzegovina,BIH,2011,9665
Bosnia and Herzegovina,BIH,2012,10748
Bosnia and Herzegovina,BIH,2013,12063
Bosnia and Herzegovina,BIH,2014,9968
Bosnia and Herzegovina,BIH,2015,10497
Bosnia and Herzegovina,BIH,2016,13279
Bosnia and Herzegovina,BIH,2017,10739.8
Bosnia and Herzegovina,BIH,2018,11409
Bosnia and Herzegovina,BIH,2019,10449
Bosnia and Herzegovina,BIH,2020,10909
Bosnia and Herzegovina,BIH,2021,9881
Bosnia and Herzegovina,BIH,2022,4983
Bosnia and Herzegovina,BIH,2023,6540
Brazil,BRA,1961,17204
Brazil,BRA,1962,19799
Brazil,BRA,1963,16535
Brazil,BRA,1964,16801
Brazil,BRA,1965,16835
Brazil,BRA,1966,16555
Brazil,BRA,1967,17201
Brazil,BRA,1968,18528
Brazil,BRA,1969,19005
Brazil,BRA,1970,18972
Brazil,BRA,1971,19957
Brazil,BRA,1972,16423
Brazil,BRA,1973,16352
Brazil,BRA,1974,20194
Brazil,BRA,1975,19430
Brazil,BRA,1976,13060
Brazil,BRA,1977,8326
Brazil,BRA,1978,7349
Brazil,BRA,1979,9862
Brazil,BRA,1980,10498
Brazil,BRA,1981,24445
Brazil,BRA,1982,3819
Brazil,BRA,1983,3324
Brazil,BRA,1984,2859
Brazil,BRA,1985,13222
Brazil,BRA,1986,5095
Brazil,BRA,1987,4076
Brazil,BRA,1988,2235
Brazil,BRA,1989,4007
Brazil,BRA,1990,4535
Brazil,BRA,1991,6304
Brazil,BRA,1992,6967
Brazil,BRA,1993,5490
Brazil,BRA,1994,4169
Brazil,BRA,1995,2591
Brazil,BRA,1996,7040
Brazil,BRA,1997,7145
Brazil,BRA,1998,8003
Brazil,BRA,1999,8510
Brazil,BRA,2000,6948
Brazil,BRA,2001,8308
Brazil,BRA,2002,5073
Brazil,BRA,2003,3814
Brazil,BRA,2004,4315
Brazil,BRA,2005,6109
Brazil,BRA,2006,2353
Brazil,BRA,2007,4620
Brazil,BRA,2008,6085
Brazil,BRA,2009,3921
Brazil,BRA,2010,3165
Brazil,BRA,2011,3519
Brazil,BRA,2012,7777
Brazil,BRA,2013,5743
Brazil,BRA,2014,4452
Brazil,BRA,2015,4916
Brazil,BRA,2016,6477
Brazil,BRA,2017,7577
Brazil,BRA,2018,8297
Brazil,BRA,2019,10320
Brazil,BRA,2020,9263
Brazil,BRA,2021,10567
Brazil,BRA,2022,11204
Brazil,BRA,2023,7084
Bulgaria,BGR,1961,69809
Bulgaria,BGR,1962,48781
Bulgaria,BGR,1963,55935
Bulgaria,BGR,1964,63715
Bulgaria,BGR,1965,51542
Bulgaria,BGR,1966,56159
Bulgaria,BGR,1967,38238
Bulgaria,BGR,1968,24069
Bulgaria,BGR,1969,28631
Bulgaria,BGR,1970,27874
Bulgaria,BGR,1971,23965
Bulgaria,BGR,1972,21330
Bulgaria,BGR,1973,19420
Bulgaria,BGR,1974,20929
Bulgaria,BGR,1975,18201
Bulgaria,BGR,1976,15474
Bulgaria,BGR,1977,15196
Bulgaria,BGR,1978,18729
Bulgaria,BGR,1979,24595
Bulgaria,BGR,1980,27904
Bulgaria,BGR,1981,34041
Bulgaria,BGR,1982,33931
Bulgaria,BGR,1983,31365
Bulgaria,BGR,1984,37310
Bulgaria,BGR,1985,49000
Bulgaria,BGR,1986,51862
Bulgaria,BGR,1987,48699
Bulgaria,BGR,1988,61312
Bulgaria,BGR,1989,52115
Bulgaria,BGR,1990,49288
Bulgaria,BGR,1991,45542
Bulgaria,BGR,1992,34998
Bulgaria,BGR,1993,25300
Bulgaria,BGR,1994,22315
Bulgaria,BGR,1995,19450
Bulgaria,BGR,1996,16162
Bulgaria,BGR,1997,26850
Bulgaria,BGR,1998,26557
Bulgaria,BGR,1999,41000
Bulgaria,BGR,2000,22750
Bulgaria,BGR,2001,39000
Bulgaria,BGR,2002,18324
Bulgaria,BGR,2003,11859
Bulgaria,BGR,2004,16976
Bulgaria,BGR,2005,13617
Bulgaria,BGR,2006,12704
Bulgaria,BGR,2007,8531
Bulgaria,BGR,2008,14766
Bulgaria,BGR,2009,18858
Bulgaria,BGR,2010,17511
Bulgaria,BGR,2011,19840
Bulgaria,BGR,2012,21979
Bulgaria,BGR,2013,29153
Bulgaria,BGR,2014,28217
Bulgaria,BGR,2015,11210
Bulgaria,BGR,2016,15178
Bulgaria,BGR,2017,17304
Bulgaria,BGR,2018,14080
Bulgaria,BGR,2019,12180
Bulgaria,BGR,2020,10010
Bulgaria,BGR,2021,16880
Bulgaria,BGR,2022,17300
Bulgaria,BGR,2023,14660
Canada,CAN,1961,166000
Canada,CAN,1962,311200
Canada,CAN,1963,349500
Canada,CAN,1964,313575
Canada,CAN,1965,453000
Canada,CAN,1966,437400
Canada,CAN,1967,303974
Canada,CAN,1968,330823
Canada,CAN,1969,384952
Canada,CAN,1970,480206
Canada,CAN,1971,556663
Canada,CAN,1972,343523
Canada,CAN,1973,362777
Canada,CAN,1974,499200
Canada,CAN,1975,550300
Canada,CAN,1976,440800
Canada,CAN,1977,406500
Canada,CAN,1978,605382
Canada,CAN,1979,529900
Canada,CAN,1980,456000
Canada,CAN,1981,922900
Canada,CAN,1982,928300
Canada,CAN,1983,823000
Canada,CAN,1984,652300
Canada,CAN,1985,568900
Canada,CAN,1986,608900
Canada,CAN,1987,492300
Canada,CAN,1988,267900
Canada,CAN,1989,806400
Canada,CAN,1990,599000
Canada,CAN,1991,338700
Canada,CAN,1992,281100
Canada,CAN,1993,318600
Canada,CAN,1994,399700
Canada,CAN,1995,309600
Canada,CAN,1996,309400
Canada,CAN,1997,320000
Canada,CAN,1998,408200
Canada,CAN,1999,386600
Canada,CAN,2000,260300
Canada,CAN,2001,227800
Canada,CAN,2002,133800
Canada,CAN,2003,327100
Canada,CAN,2004,397500
Canada,CAN,2005,330400
Canada,CAN,2006,382900
Canada,CAN,2007,252000
Canada,CAN,2008,297200
Canada,CAN,2009,280500
Canada,CAN,2010,237400
Canada,CAN,2011,241400
Canada,CAN,2012,336600
Canada,CAN,2013,222900
Canada,CAN,2014,217500
Canada,CAN,2015,225500
Canada,CAN,2016,436000
Canada,CAN,2017,341300
Canada,CAN,2018,236400
Canada,CAN,2019,333400
Canada,CAN,2020,487800
Canada,CAN,2021,371994
Canada,CAN,2022,520177
Canada,CAN,2023,357834
Chile,CHL,1961,5131
Chile,CHL,1962,5918
Chile,CHL,1963,7098
Chile,CHL,1964,9205
Chile,CHL,1965,8482
Chile,CHL,1966,11084
Chile,CHL,1967,8450
Chile,CHL,1968,7704
Chile,CHL,1969,10159
Chile,CHL,1970,10746
Chile,CHL,1971,12332
Chile,CHL,1972,12362
Chile,CHL,1973,8463
Chile,CHL,1974,14590
Chile,CHL,1975,11100
Chile,CHL,1976,9260
Chile,CHL,1977,16420
Chile,CHL,1978,10780
Chile,CHL,1979,8970
Chile,CHL,1980,10380
Chile,CHL,1981,9210
Chile,CHL,1982,6000
Chile,CHL,1983,4460
Chile,CHL,1984,4380
Chile,CHL,1985,11480
Chile,CHL,1986,8610
Chile,CHL,1987,4796
Chile,CHL,1988,3681
Chile,CHL,1989,8917
Chile,CHL,1990,6174
Chile,CHL,1991,8686
Chile,CHL,1992,7541
Chile,CHL,1993,2905
Chile,CHL,1994,686
Chile,CHL,1995,1500
Chile,CHL,1996,2317
Chile,CHL,1997,4472
Chile,CHL,1998,2882
Chile,CHL,1999,3537
Chile,CHL,2000,2396
Chile,CHL,2001,3735
Chile,CHL,2002,219
Chile,CHL,2003,127
Chile,CHL,2004,127
Chile,CHL,2005,1981
Chile,CHL,2006,1956
Chile,CHL,2007,5017
Chile,CHL,2008,5017
Chile,CHL,2009,8477
Chile,CHL,2010,4773.5
Chile,CHL,2011,6430
Chile,CHL,2012,1428
Chile,CHL,2013,4147
Chile,CHL,2014,3653
Chile,CHL,2015,4721.9
Chile,CHL,2016,4601
Chile,CHL,2017,4325.3
Chile,CHL,2018,4549.4
Chile,CHL,2019,4491.9
Chile,CHL,2020,4455.53
Chile,CHL,2021,4498.94
Chile,CHL,2022,4482.13
Chile,CHL,2023,4478.87
China,CHN,1961,1300000
China,CHN,1962,1500000
China,CHN,1963,1300000
China,CHN,1964,1300000
China,CHN,1965,1500000
China,CHN,1966,1300000
China,CHN,1967,1300000
China,CHN,1968,1100000
China,CHN,1969,1300000
China,CHN,1970,1350000
China,CHN,1971,1300000
China,CHN,1972,1300000
China,CHN,1973,1350000
China,CHN,1974,1400000
China,CHN,1975,1500000
China,CHN,1976,1600000
China,CHN,1977,1200000
China,CHN,1978,1650000
China,CHN,1979,1800000
China,CHN,1980,1400000
China,CHN,1981,1403500
China,CHN,1982,1400000
China,CHN,1983,1550000
China,CHN,1984,1700000
China,CHN,1985,1283000
China,CHN,1986,1092000
China,CHN,1987,1315000
China,CHN,1988,1394000
China,CHN,1989,1221000
China,CHN,1990,1200000
China,CHN,1991,1461000
China,CHN,1992,1678500
China,CHN,1993,1300000
China,CHN,1994,1270500
China,CHN,1995,1200000
China,CHN,1996,973874.44
China,CHN,1997,1215000
China,CHN,1998,1022500
China,CHN,1999,880000
China,CHN,2000,975000
China,CHN,2001,670500
China,CHN,2002,545000
China,CHN,2003,709000
China,CHN,2004,600000
China,CHN,2005,554000
China,CHN,2006,350000
China,CHN,2007,700000
China,CHN,2008,645000
China,CHN,2009,630000
China,CHN,2010,570000
China,CHN,2011,750000
China,CHN,2012,650000
China,CHN,2013,620000
China,CHN,2014,520000
China,CHN,2015,496970.6
China,CHN,2016,545656.9
China,CHN,2017,526727.6
China,CHN,2018,504698.28
China,CHN,2019,525694.25
China,CHN,2020,519040.06
China,CHN,2021,516477.53
China,CHN,2022,520403.94
China,CHN,2023,518640.5
Croatia,HRV,1992,6069
Croatia,HRV,1993,6273
Croatia,HRV,1994,7146
Croatia,HRV,1995,5051
Croatia,HRV,1996,5517
Croatia,HRV,1997,5009
Croatia,HRV,1998,5530
Croatia,HRV,1999,6246
Croatia,HRV,2000,7236
Croatia,HRV,2001,10796
Croatia,HRV,2002,9207
Croatia,HRV,2003,5967
Croatia,HRV,2004,8994
Croatia,HRV,2005,4737
Croatia,HRV,2006,5487
Croatia,HRV,2007,4364
Croatia,HRV,2008,4079
Croatia,HRV,2009,2860
Croatia,HRV,2010,2507
Croatia,HRV,2011,2949
Croatia,HRV,2012,2426
Croatia,HRV,2013,2955
Croatia,HRV,2014,2800
Croatia,HRV,2015,3356
Croatia,HRV,2016,4646
Croatia,HRV,2017,2566
Croatia,HRV,2018,4150
Croatia,HRV,2019,6990
Croatia,HRV,2020,4420
Croatia,HRV,2021,2110
Croatia,HRV,2022,2900
Croatia,HRV,2023,5140
Czechia,CZE,1993,256079
Czechia,CZE,1994,275654
Czechia,CZE,1995,261938
Czechia,CZE,1996,204279
Czechia,CZE,1997,259412
Czechia,CZE,1998,261167
Czechia,CZE,1999,202373
Czechia,CZE,2000,150052
Czechia,CZE,2001,149298
Czechia,CZE,2002,119154
Czechia,CZE,2003,159312
Czechia,CZE,2004,313348
Czechia,CZE,2005,196755
Czechia,CZE,2006,74811
Czechia,CZE,2007,177507
Czechia,CZE,2008,209787
Czechia,CZE,2009,178070
Czechia,CZE,2010,118233
Czechia,CZE,2011,118456
Czechia,CZE,2012,146962
Czechia,CZE,2013,176278
Czechia,CZE,2014,129059
Czechia,CZE,2015,107874
Czechia,CZE,2016,104353
Czechia,CZE,2017,109240.64
Czechia,CZE,2018,120160
Czechia,CZE,2019,157560
Czechia,CZE,2020,172360
Czechia,CZE,2021,126580
Czechia,CZE,2022,128150
Czechia,CZE,2023,124950
Czechoslovakia,CSK,1961,994309
Czechoslovakia,CSK,1962,916413
Czechoslovakia,CSK,1963,879810
Czechoslovakia,CSK,1964,870037
Czechoslovakia,CSK,1965,822336
Czechoslovakia,CSK,1966,789820
Czechoslovakia,CSK,1967,688947
Czechoslovakia,CSK,1968,768651
Czechoslovakia,CSK,1969,686722
Czechoslovakia,CSK,1970,453688
Czechoslovakia,CSK,1971,618752
Czechoslovakia,CSK,1972,634246
Czechoslovakia,CSK,1973,690048
Czechoslovakia,CSK,1974,671284
Czechoslovakia,CSK,1975,530058
Czechoslovakia,CSK,1976,561426
Czechoslovakia,CSK,1977,641360
Czechoslovakia,CSK,1978,629890
Czechoslovakia,CSK,1979,485770
Czechoslovakia,CSK,1980,570372
Czechoslovakia,CSK,1981,544447
Czechoslovakia,CSK,1982,583378
Czechoslovakia,CSK,1983,750555
Czechoslovakia,CSK,1984,709796
Czechoslovakia,CSK,1985,619727
Czechoslovakia,CSK,1986,546581
Czechoslovakia,CSK,1987,495923
Czechoslovakia,CSK,1988,533542
Czechoslovakia,CSK,1989,707564
Czechoslovakia,CSK,1990,736115
Czechoslovakia,CSK,1991,484045
Czechoslovakia,CSK,1992,318691
Denmark,DNK,1961,513876
Denmark,DNK,1962,512262
Denmark,DNK,1963,319871
Denmark,DNK,1964,291633
Denmark,DNK,1965,264340
Denmark,DNK,1966,136886
Denmark,DNK,1967,118398
Denmark,DNK,1968,130780
Denmark,DNK,1969,125898
Denmark,DNK,1970,133190
Denmark,DNK,1971,149960
Denmark,DNK,1972,154854
Denmark,DNK,1973,139821
Denmark,DNK,1974,167604
Denmark,DNK,1975,163233
Denmark,DNK,1976,213103
Denmark,DNK,1977,324423
Denmark,DNK,1978,314889
Denmark,DNK,1979,256614
Denmark,DNK,1980,199298
Denmark,DNK,1981,207871
Denmark,DNK,1982,234550
Denmark,DNK,1983,315363
Denmark,DNK,1984,608119
Denmark,DNK,1985,564675
Denmark,DNK,1986,545959
Denmark,DNK,1987,512790
Denmark,DNK,1988,366317
Denmark,DNK,1989,487039
Denmark,DNK,1990,545019
Denmark,DNK,1991,394634
Denmark,DNK,1992,308333
Denmark,DNK,1993,356000
Denmark,DNK,1994,423066
Denmark,DNK,1995,494600
Denmark,DNK,1996,343000
Denmark,DNK,1997,452519
Denmark,DNK,1998,537657
Denmark,DNK,1999,247782
Denmark,DNK,2000,262468
Denmark,DNK,2001,332358
Denmark,DNK,2002,229501
Denmark,DNK,2003,168526
Denmark,DNK,2004,146200
Denmark,DNK,2005,132000
Denmark,DNK,2006,130000
Denmark,DNK,2007,135300
Denmark,DNK,2008,151500
Denmark,DNK,2009,238100
Denmark,DNK,2010,254700
Denmark,DNK,2011,294300
Denmark,DNK,2012,384400
Denmark,DNK,2013,526800
Denmark,DNK,2014,677800
Denmark,DNK,2015,771700
Denmark,DNK,2016,577200
Denmark,DNK,2017,723200
Denmark,DNK,2018,476590
Denmark,DNK,2019,883510
Denmark,DNK,2020,699370
Denmark,DNK,2021,672490
Denmark,DNK,2022,691470
Denmark,DNK,2023,601130
Ecuador,ECU,1961,4100
Ecuador,ECU,1962,1744
Ecuador,ECU,1963,1511
Ecuador,ECU,1964,1482
Ecuador,ECU,1965,1919
Ecuador,ECU,1966,1753
Ecuador,ECU,1967,2050
Ecuador,ECU,1968,2518
Ecuador,ECU,1969,2000
Ecuador,ECU,1970,2000
Ecuador,ECU,1971,2000
Ecuador,ECU,1972,2500
Ecuador,ECU,1973,2000
Ecuador,ECU,1974,1000
Ecuador,ECU,1975,1000
Ecuador,ECU,1976,1000
Ecuador,ECU,1977,1000
Ecuador,ECU,1978,1000
Ecuador,ECU,1979,1000
Ecuador,ECU,1980,1000
Ecuador,ECU,1981,1000
Ecuador,ECU,1982,800
Ecuador,ECU,1983,700
Ecuador,ECU,1984,450
Ecuador,ECU,1985,250
Ecuador,ECU,1986,100
Ecuador,ECU,1987,312
Ecuador,ECU,1988,96
Ecuador,ECU,1989,226
Ecuador,ECU,1990,85
Ecuador,ECU,1991,74
Ecuador,ECU,1992,94
Ecuador,ECU,1993,207
Ecuador,ECU,1994,322
Ecuador,ECU,1995,63
Ecuador,ECU,1996,64
Ecuador,ECU,1997,65
Ecuador,ECU,1998,70
Ecuador,ECU,1999,65
Ecuador,ECU,2000,70
Ecuador,ECU,2001,83.35
Ecuador,ECU,2002,82.52
Ecuador,ECU,2003,81.78
Ecuador,ECU,2004,74
Ecuador,ECU,2005,77
Ecuador,ECU,2006,80
Ecuador,ECU,2007,90
Ecuador,ECU,2008,89.5
Ecuador,ECU,2009,87.97
Ecuador,ECU,2010,87.16
Ecuador,ECU,2011,86.07
Ecuador,ECU,2012,90
Ecuador,ECU,2013,90
Ecuador,ECU,2014,81.49
Ecuador,ECU,2015,79.38
Ecuador,ECU,2016,83.62
Ecuador,ECU,2017,80.14
Ecuador,ECU,2018,81.05
Ecuador,ECU,2019,81.6
Ecuador,ECU,2020,80.93
Ecuador,ECU,2021,81.19
Ecuador,ECU,2022,81.24
Ecuador,ECU,2023,81.12
Egypt,EGY,1989,16000
Egypt,EGY,1990,16500
Egypt,EGY,1991,15000
Egypt,EGY,1992,15000
Egypt,EGY,1993,17500
Egypt,EGY,1994,19000
Egypt,EGY,1995,22000
Egypt,EGY,1996,23000
Egypt,EGY,1997,24000
Egypt,EGY,1998,25000
Egypt,EGY,1999,25000
Egypt,EGY,2000,26000
Egypt,EGY,2001,30000
Egypt,EGY,2002,30000
Egypt,EGY,2003,30000
Egypt,EGY,2004,30000
Egypt,EGY,2005,52000
Egypt,EGY,2006,75000
Egypt,EGY,2007,78000
Egypt,EGY,2008,95000
Egypt,EGY,2009,98000
Egypt,EGY,2010,98000
Egypt,EGY,2011,94110.25
Egypt,EGY,2012,90000
Egypt,EGY,2013,89000
Egypt,EGY,2014,90015.72
Egypt,EGY,2015,91431.32
Egypt,EGY,2016,92904.4
Egypt,EGY,2017,94229
Egypt,EGY,2018,94814.01
Egypt,EGY,2019,95038.05
Egypt,EGY,2020,91138.3
Egypt,EGY,2021,89874.65
Egypt,EGY,2022,92017
Egypt,EGY,2023,91009.98
Estonia,EST,1992,153400
Estonia,EST,1993,122500
Estonia,EST,1994,41318
Estonia,EST,1995,58190
Estonia,EST,1996,62050
Estonia,EST,1997,71935
Estonia,EST,1998,54600
Estonia,EST,1999,38800
Estonia,EST,2000,60800
Estonia,EST,2001,42900
Estonia,EST,2002,41444
Estonia,EST,2003,23316
Estonia,EST,2004,18059
Estonia,EST,2005,20385
Estonia,EST,2006,17830
Estonia,EST,2007,60967
Estonia,EST,2008,65600
Estonia,EST,2009,39069
Estonia,EST,2010,25000
Estonia,EST,2011,30900
Estonia,EST,2012,57100
Estonia,EST,2013,21900
Estonia,EST,2014,49600
Estonia,EST,2015,54700
Estonia,EST,2016,32351
Estonia,EST,2017,52357
Estonia,EST,2018,29510
Estonia,EST,2019,118980
Estonia,EST,2020,78740
Estonia,EST,2021,42960
Estonia,EST,2022,51260
Estonia,EST,2023,61810
Finland,FIN,1961,126719
Finland,FIN,1962,101308
Finland,FIN,1963,124100
Finland,FIN,1964,163400
Finland,FIN,1965,189700
Finland,FIN,1966,118600
Finland,FIN,1967,162700
Finland,FIN,1968,133900
Finland,FIN,1969,125800
Finland,FIN,1970,131400
Finland,FIN,1971,131800
Finland,FIN,1972,118600
Finland,FIN,1973,124200
Finland,FIN,1974,134400
Finland,FIN,1975,80700
Finland,FIN,1976,178200
Finland,FIN,1977,80000
Finland,FIN,1978,74300
Finland,FIN,1979,77200
Finland,FIN,1980,123600
Finland,FIN,1981,63900
Finland,FIN,1982,35000
Finland,FIN,1983,116100
Finland,FIN,1984,92300
Finland,FIN,1985,71800
Finland,FIN,1986,70600
Finland,FIN,1987,74200
Finland,FIN,1988,48900
Finland,FIN,1989,195900
Finland,FIN,1990,244200
Finland,FIN,1991,28200
Finland,FIN,1992,26600
Finland,FIN,1993,62900
Finland,FIN,1994,22200
Finland,FIN,1995,57700
Finland,FIN,1996,86900
Finland,FIN,1997,47300
Finland,FIN,1998,49300
Finland,FIN,1999,23600
Finland,FIN,2000,108200
Finland,FIN,2001,64100
Finland,FIN,2002,73100
Finland,FIN,2003,72800
Finland,FIN,2004,62400
Finland,FIN,2005,32400
Finland,FIN,2006,50900
Finland,FIN,2007,86700
Finland,FIN,2008,60800
Finland,FIN,2009,41700
Finland,FIN,2010,68500
Finland,FIN,2011,78400
Finland,FIN,2012,64100
Finland,FIN,2013,25700
Finland,FIN,2014,74900
Finland,FIN,2015,107500
Finland,FIN,2016,86800
Finland,FIN,2017,113500
Finland,FIN,2018,42990
Finland,FIN,2019,185260
Finland,FIN,2020,68420
Finland,FIN,2021,67890
Finland,FIN,2022,65070
Finland,FIN,2023,91970
France,FRA,1961,346810
France,FRA,1962,355650
France,FRA,1963,354460
France,FRA,1964,388690
France,FRA,1965,387410
France,FRA,1966,356500
France,FRA,1967,344400
France,FRA,1968,326950
France,FRA,1969,309010
France,FRA,1970,287000
France,FRA,1971,293730
France,FRA,1972,328390
France,FRA,1973,327200
France,FRA,1974,330000
France,FRA,1975,308000
France,FRA,1976,297220
France,FRA,1977,375000
France,FRA,1978,455000
France,FRA,1979,355000
France,FRA,1980,408500
France,FRA,1981,341600
France,FRA,1982,322300
France,FRA,1983,293000
France,FRA,1984,349000
France,FRA,1985,296800
France,FRA,1986,229000
France,FRA,1987,299000
France,FRA,1988,268000
France,FRA,1989,260808
France,FRA,1990,235300
France,FRA,1991,213146.9
France,FRA,1992,197444.1
France,FRA,1993,165731.6
France,FRA,1994,162626.3
France,FRA,1995,176634.6
France,FRA,1996,202295.4
France,FRA,1997,178923.7
France,FRA,1998,192857.4
France,FRA,1999,164363.2
France,FRA,2000,145670.5
France,FRA,2001,115961
France,FRA,2002,138245.3
France,FRA,2003,112337.5
France,FRA,2004,170358.9
France,FRA,2005,146808
France,FRA,2006,121464
France,FRA,2007,119823
France,FRA,2008,123458
France,FRA,2009,129784
France,FRA,2010,151038
France,FRA,2011,124422.1
France,FRA,2012,160300.8
France,FRA,2013,143076
France,FRA,2014,128197
France,FRA,2015,123586.7
France,FRA,2016,97001
France,FRA,2017,109715
France,FRA,2018,108540
France,FRA,2019,135360
France,FRA,2020,132420
France,FRA,2021,194290
France,FRA,2022,157640
France,FRA,2023,168310
Georgia,GEO,1992,350
Georgia,GEO,1993,151
Georgia,GEO,1994,138
Georgia,GEO,1995,176
Georgia,GEO,1996,303
Georgia,GEO,1997,307
Georgia,GEO,1998,113
Georgia,GEO,1999,350
Georgia,GEO,2000,308
Georgia,GEO,2001,100
Georgia,GEO,2002,100
Georgia,GEO,2003,100
Georgia,GEO,2004,58
Georgia,GEO,2005,60
Georgia,GEO,2006,40
Georgia,GEO,2007,24
Georgia,GEO,2008,100
Georgia,GEO,2009,0
Georgia,GEO,2010,0
Georgia,GEO,2011,200
Georgia,GEO,2012,200
Georgia,GEO,2013,200
Georgia,GEO,2014,200
Georgia,GEO,2015,192.49
Georgia,GEO,2016,197.5
Georgia,GEO,2017,196.66
Georgia,GEO,2018,195.55
Georgia,GEO,2019,196.57
Georgia,GEO,2020,196.26
Georgia,GEO,2021,196.13
Georgia,GEO,2022,196.32
Georgia,GEO,2023,196.24
Germany,DEU,1961,4019138
Germany,DEU,1962,4691933
Germany,DEU,1963,4913880
Germany,DEU,1964,5499179
Germany,DEU,1965,4734743
Germany,DEU,1966,4338244
Germany,DEU,1967,5148055
Germany,DEU,1968,5125650
Germany,DEU,1969,4432537
Germany,DEU,1970,4148214
Germany,DEU,1971,4785268
Germany,DEU,1972,4821102
Germany,DEU,1973,4275322
Germany,DEU,1974,4508515
Germany,DEU,1975,3687863
Germany,DEU,1976,3555156
Germany,DEU,1977,4183697
Germany,DEU,1978,4352273
Germany,DEU,1979,3944116
Germany,DEU,1980,4014909
Germany,DEU,1981,3526418
Germany,DEU,1982,3758189
Germany,DEU,1983,3691751
Germany,DEU,1984,4441092
Germany,DEU,1985,4326425
Germany,DEU,1986,4174345
Germany,DEU,1987,3881936
Germany,DEU,1988,3363909
Germany,DEU,1989,3900328
Germany,DEU,1990,3988381
Germany,DEU,1991,3323460
Germany,DEU,1992,2422466
Germany,DEU,1993,2983550
Germany,DEU,1994,3450605
Germany,DEU,1995,4521270
Germany,DEU,1996,4213855
Germany,DEU,1997,4580140
Germany,DEU,1998,4774799
Germany,DEU,1999,4328712
Germany,DEU,2000,4154095
Germany,DEU,2001,5132349
Germany,DEU,2002,3665996
Germany,DEU,2003,2277416
Germany,DEU,2004,3829957
Germany,DEU,2005,2793500
Germany,DEU,2006,2643700
Germany,DEU,2007,2698282
Germany,DEU,2008,3744245
Germany,DEU,2009,4270029
Germany,DEU,2010,2900438
Germany,DEU,2011,2520900
Germany,DEU,2012,3878400
Germany,DEU,2013,4689100
Germany,DEU,2014,3854400
Germany,DEU,2015,3487800
Germany,DEU,2016,3173800
Germany,DEU,2017,2737400
Germany,DEU,2018,2201400
Germany,DEU,2019,3237600
Germany,DEU,2020,3513400
Germany,DEU,2021,3325600
Germany,DEU,2022,3132300
Germany,DEU,2023,3124200
Greece,GRC,1961,21873
Greece,GRC,1962,19661
Greece,GRC,1963,17679
Greece,GRC,1964,18349
Greece,GRC,1965,15576
Greece,GRC,1966,14836
Greece,GRC,1967,12642
Greece,GRC,1968,8281
Greece,GRC,1969,8981
Greece,GRC,1970,8987
Greece,GRC,1971,8554
Greece,GRC,1972,8061
Greece,GRC,1973,6500
Greece,GRC,1974,7339
Greece,GRC,1975,7363
Greece,GRC,1976,7769
Greece,GRC,1977,5858
Greece,GRC,1978,6332
Greece,GRC,1979,6035
Greece,GRC,1980,7224
Greece,GRC,1981,8271
Greece,GRC,1982,11389
Greece,GRC,1983,12850
Greece,GRC,1984,18336
Greece,GRC,1985,22887
Greece,GRC,1986,29000
Greece,GRC,1987,32000
Greece,GRC,1988,43000
Greece,GRC,1989,43700
Greece,GRC,1990,36000
Greece,GRC,1991,49000
Greece,GRC,1992,37000
Greece,GRC,1993,37489.09
Greece,GRC,1994,37482.91
Greece,GRC,1995,38567.06
Greece,GRC,1996,32578.98
Greece,GRC,1997,32621.1
Greece,GRC,1998,41796.64
Greece,GRC,1999,31846.53
Greece,GRC,2000,30368.71
Greece,GRC,2001,37938.29
Greece,GRC,2002,31875.39
Greece,GRC,2003,28739.29
Greece,GRC,2004,33689
Greece,GRC,2005,32685.47
Greece,GRC,2006,34403
Greece,GRC,2007,39134.43
Greece,GRC,2008,39886.97
Greece,GRC,2009,39346.08
Greece,GRC,2010,36799.75
Greece,GRC,2011,32156.33
Greece,GRC,2012,29155
Greece,GRC,2013,31808.93
Greece,GRC,2014,31650.97
Greece,GRC,2015,32934.72
Greece,GRC,2016,28413
Greece,GRC,2017,26142
Greece,GRC,2018,18960
Greece,GRC,2019,17890
Greece,GRC,2020,17580
Greece,GRC,2021,17460
Greece,GRC,2022,16400
Greece,GRC,2023,15620
Hungary,HUN,1961,309856
Hungary,HUN,1962,244651
Hungary,HUN,1963,227939
Hungary,HUN,1964,275263
Hungary,HUN,1965,298792
Hungary,HUN,1966,251581
Hungary,HUN,1967,229860
Hungary,HUN,1968,239946
Hungary,HUN,1969,239048
Hungary,HUN,1970,157783
Hungary,HUN,1971,181727
Hungary,HUN,1972,173213
Hungary,HUN,1973,177580
Hungary,HUN,1974,176850
Hungary,HUN,1975,147212
Hungary,HUN,1976,157385
Hungary,HUN,1977,144301
Hungary,HUN,1978,138300
Hungary,HUN,1979,92569
Hungary,HUN,1980,140964
Hungary,HUN,1981,116210
Hungary,HUN,1982,117364
Hungary,HUN,1983,137961
Hungary,HUN,1984,193090
Hungary,HUN,1985,165817
Hungary,HUN,1986,172112
Hungary,HUN,1987,185513
Hungary,HUN,1988,254956
Hungary,HUN,1989,266654
Hungary,HUN,1990,231520
Hungary,HUN,1991,222776
Hungary,HUN,1992,135687
Hungary,HUN,1993,113153
Hungary,HUN,1994,192969
Hungary,HUN,1995,171300
Hungary,HUN,1996,98148
Hungary,HUN,1997,152775
Hungary,HUN,1998,128836
Hungary,HUN,1999,80338
Hungary,HUN,2000,86484
Hungary,HUN,2001,120988
Hungary,HUN,2002,95410
Hungary,HUN,2003,67022
Hungary,HUN,2004,125095
Hungary,HUN,2005,107308
Hungary,HUN,2006,98714
Hungary,HUN,2007,81088
Hungary,HUN,2008,112493
Hungary,HUN,2009,72531
Hungary,HUN,2010,78170
Hungary,HUN,2011,75231
Hungary,HUN,2012,78840
Hungary,HUN,2013,108500
Hungary,HUN,2014,95940
Hungary,HUN,2015,103950
Hungary,HUN,2016,84070
Hungary,HUN,2017,87060
Hungary,HUN,2018,88290
Hungary,HUN,2019,90540
Hungary,HUN,2020,84350
Hungary,HUN,2021,85010
Hungary,HUN,2022,59160
Hungary,HUN,2023,94140
Iran,IRN,1961,0
Iran,IRN,1962,0
Iran,IRN,1963,0
Iran,IRN,1964,0
Iran,IRN,1965,0
Iran,IRN,1966,0
Iran,IRN,1967,0
Iran,IRN,1968,0
Iran,IRN,1969,0
Iran,IRN,1970,0
Iran,IRN,1971,0
Iran,IRN,1972,0
Iran,IRN,1973,0
Iran,IRN,1974,0
Iran,IRN,1975,0
Iran,IRN,1976,0
Iran,IRN,1977,0
Iran,IRN,1978,0
Iran,IRN,1979,0
Iran,IRN,1980,0
Iran,IRN,1981,0
Iran,IRN,1982,0
Iran,IRN,1983,0
Iran,IRN,1984,0
Iran,IRN,1985,0
Iran,IRN,1986,0
Iran,IRN,1987,0
Iran,IRN,1988,663
Iran,IRN,1989,0
Iran,IRN,1990,0
Iran,IRN,1991,1876.2
Iran,IRN,1992,1727.6
Iran,IRN,1993,0
Iran,IRN,1994,1370.7
Iran,IRN,1995,0
Iran,IRN,1996,183
Iran,IRN,1997,118.4
Iran,IRN,1998,1112.3
Iran,IRN,1999,378.2
Iran,IRN,2000,99.3
Iran,IRN,2001,12.6
Iran,IRN,2002,457.07
Iran,IRN,2003,1040.9
Iran,IRN,2004,585.6
Iran,IRN,2005,742
Iran,IRN,2006,668.3
Iran,IRN,2007,770.8
Iran,IRN,2008,152.1
Iran,IRN,2009,25.2
Iran,IRN,2010,48.5
Iran,IRN,2011,344.36
Iran,IRN,2012,355.59
Iran,IRN,2013,364.88
Iran,IRN,2014,570.8
Iran,IRN,2015,389.92
Iran,IRN,2016,441.87
Iran,IRN,2017,467.53
Iran,IRN,2018,433.11
Iran,IRN,2019,447.5
Iran,IRN,2020,449.38
Iran,IRN,2021,443.33
Iran,IRN,2022,446.74
Iran,IRN,2023,446.48
Iraq,IRQ,2013,451849
Iraq,IRQ,2014,403028
Iraq,IRQ,2015,109209
Iraq,IRQ,2016,181320
Iraq,IRQ,2017,265852
Iraq,IRQ,2018,18196
Iraq,IRQ,2019,574705
Iraq,IRQ,2020,464159
Iraq,IRQ,2021,349718.38
Iraq,IRQ,2022,302559.97
Iraq,IRQ,2023,315144.4
Ireland,IRL,1961,1219
Ireland,IRL,1962,1016
Ireland,IRL,1963,1016
Ireland,IRL,1964,1400
Ireland,IRL,1965,1052
Ireland,IRL,1966,1100
Ireland,IRL,1967,1000
Ireland,IRL,1968,600
Ireland,IRL,1969,1000
Ireland,IRL,1970,1000
Ireland,IRL,1971,1000
Ireland,IRL,1972,1000
Ireland,IRL,1973,800
Ireland,IRL,1974,900
Ireland,IRL,1975,700
Ireland,IRL,1976,1000
Ireland,IRL,1977,1000
Ireland,IRL,1978,1000
Ireland,IRL,1979,1000
Ireland,IRL,1980,800
Ireland,IRL,1981,800
Ireland,IRL,1982,700
Ireland,IRL,1983,700
Ireland,IRL,1984,800
Ireland,IRL,1985,800
Ireland,IRL,1986,800
Ireland,IRL,1987,800
Ireland,IRL,1988,800
Ireland,IRL,1989,800
Ireland,IRL,1990,820
Ireland,IRL,1991,400
Ireland,IRL,1992,439.22
Ireland,IRL,1993,456.71
Ireland,IRL,1994,468.11
Ireland,IRL,1995,476.96
Ireland,IRL,1996,484.86
Ireland,IRL,1997,492.41
Ireland,IRL,1998,499.81
Ireland,IRL,1999,507.12
Ireland,IRL,2000,514.35
Ireland,IRL,2001,521.51
Ireland,IRL,2002,528.58
Ireland,IRL,2003,535.57
Ireland,IRL,2004,542.44
Ireland,IRL,2005,549.21
Ireland,IRL,2006,555.84
Ireland,IRL,2007,562.35
Ireland,IRL,2008,568.7
Ireland,IRL,2009,574.9
Ireland,IRL,2010,580.93
Ireland,IRL,2011,586.79
Ireland,IRL,2012,600
Ireland,IRL,2013,600
Ireland,IRL,2014,604
Ireland,IRL,2015,617.84
Ireland,IRL,2016,621.97
Ireland,IRL,2017,628.57
Ireland,IRL,2018,0
Ireland,IRL,2019,0
Ireland,IRL,2020,0
Ireland,IRL,2021,0
Ireland,IRL,2022,0
Ireland,IRL,2023,0
Italy,ITA,1961,95900
Italy,ITA,1962,92900
Italy,ITA,1963,76800
Italy,ITA,1964,85700
Italy,ITA,1965,83200
Italy,ITA,1966,83300
Italy,ITA,1967,81500
Italy,ITA,1968,75100
Italy,ITA,1969,70700
Italy,ITA,1970,68500
Italy,ITA,1971,54500
Italy,ITA,1972,38000
Italy,ITA,1973,37000
Italy,ITA,1974,36000
Italy,ITA,1975,37400
Italy,ITA,1976,35100
Italy,ITA,1977,31300
Italy,ITA,1978,35000
Italy,ITA,1979,37200
Italy,ITA,1980,35600
Italy,ITA,1981,30800
Italy,ITA,1982,31400
Italy,ITA,1983,26900
Italy,ITA,1984,24300
Italy,ITA,1985,22800
Italy,ITA,1986,22100
Italy,ITA,1987,20300
Italy,ITA,1988,18000
Italy,ITA,1989,20600
Italy,ITA,1990,20800
Italy,ITA,1991,18800
Italy,ITA,1992,22586
Italy,ITA,1993,22800
Italy,ITA,1994,20295
Italy,ITA,1995,19779
Italy,ITA,1996,20400
Italy,ITA,1997,19000
Italy,ITA,1998,20100
Italy,ITA,1999,12357
Italy,ITA,2000,10291
Italy,ITA,2001,8600
Italy,ITA,2002,9631
Italy,ITA,2003,6940
Italy,ITA,2004,7851
Italy,ITA,2005,7876
Italy,ITA,2006,8590
Italy,ITA,2007,8953
Italy,ITA,2008,10800
Italy,ITA,2009,11700
Italy,ITA,2010,13926
Italy,ITA,2011,14381.8
Italy,ITA,2012,16083.2
Italy,ITA,2013,14306
Italy,ITA,2014,11529.1
Italy,ITA,2015,13182.6
Italy,ITA,2016,13169.9
Italy,ITA,2017,11097
Italy,ITA,2018,10960
Italy,ITA,2019,12880
Italy,ITA,2020,11820
Italy,ITA,2021,11210
Italy,ITA,2022,10730
Italy,ITA,2023,10960
Japan,JPN,1961,1590
Japan,JPN,1962,1770
Japan,JPN,1963,1620
Japan,JPN,1964,1560
Japan,JPN,1965,1490
Japan,JPN,1966,1000
Japan,JPN,1967,700
Japan,JPN,1968,200
Japan,JPN,1969,210
Japan,JPN,1970,210
Japan,JPN,1971,210
Japan,JPN,1972,210
Japan,JPN,1973,220
Japan,JPN,1974,220
Japan,JPN,1975,220
Japan,JPN,1976,220
Japan,JPN,1977,230
Japan,JPN,1978,270
Japan,JPN,1979,170
Japan,JPN,1980,168
Japan,JPN,1981,123
Japan,JPN,1982,50
Japan,JPN,1983,3
Japan,JPN,1984,11
Japan,JPN,1985,45
Japan,JPN,1986,35
Japan,JPN,1987,35
Japan,JPN,1988,15
Japan,JPN,1989,18
Japan,JPN,1990,10
Japan,JPN,1991,5
Japan,JPN,1992,0
Kazakhstan,KAZ,1992,525000
Kazakhstan,KAZ,1993,835000
Kazakhstan,KAZ,1994,264000
Kazakhstan,KAZ,1995,84380
Kazakhstan,KAZ,1996,28510
Kazakhstan,KAZ,1997,51000
Kazakhstan,KAZ,1998,13620
Kazakhstan,KAZ,1999,16600
Kazakhstan,KAZ,2000,48340
Kazakhstan,KAZ,2001,43360
Kazakhstan,KAZ,2002,106488
Kazakhstan,KAZ,2003,42080
Kazakhstan,KAZ,2004,20110
Kazakhstan,KAZ,2005,23550
Kazakhstan,KAZ,2006,30470
Kazakhstan,KAZ,2007,68490
Kazakhstan,KAZ,2008,39910
Kazakhstan,KAZ,2009,75090
Kazakhstan,KAZ,2010,42150
Kazakhstan,KAZ,2011,28383.1
Kazakhstan,KAZ,2012,28574.6
Kazakhstan,KAZ,2013,43405
Kazakhstan,KAZ,2014,60601
Kazakhstan,KAZ,2015,37100
Kazakhstan,KAZ,2016,41281
Kazakhstan,KAZ,2017,38835
Kazakhstan,KAZ,2018,22520.46
Kazakhstan,KAZ,2019,23205.62
Kazakhstan,KAZ,2020,29813.34
Kazakhstan,KAZ,2021,39775.42
Kazakhstan,KAZ,2022,59782.47
Kazakhstan,KAZ,2023,17839.83
Kyrgyzstan,KGZ,1992,1000
Kyrgyzstan,KGZ,1993,3000
Kyrgyzstan,KGZ,1994,1500
Kyrgyzstan,KGZ,1995,1100
Kyrgyzstan,KGZ,1996,300
Kyrgyzstan,KGZ,1997,100
Kyrgyzstan,KGZ,1998,91
Kyrgyzstan,KGZ,1999,23
Kyrgyzstan,KGZ,2000,94
Kyrgyzstan,KGZ,2001,144
Kyrgyzstan,KGZ,2002,425
Kyrgyzstan,KGZ,2003,4
Kyrgyzstan,KGZ,2004,10
Kyrgyzstan,KGZ,2005,0
Kyrgyzstan,KGZ,2006,0
Kyrgyzstan,KGZ,2007,249
Kyrgyzstan,KGZ,2008,385
Kyrgyzstan,KGZ,2009,121
Kyrgyzstan,KGZ,2010,109
Kyrgyzstan,KGZ,2011,130
Kyrgyzstan,KGZ,2012,104
Kyrgyzstan,KGZ,2013,69
Kyrgyzstan,KGZ,2014,43
Kyrgyzstan,KGZ,2015,1835.4
Kyrgyzstan,KGZ,2016,649.13
Kyrgyzstan,KGZ,2017,842.51
Kyrgyzstan,KGZ,2018,1109.01
Kyrgyzstan,KGZ,2019,844.21
Kyrgyzstan,KGZ,2020,931.91
Kyrgyzstan,KGZ,2021,961.71
Kyrgyzstan,KGZ,2022,912.61
Kyrgyzstan,KGZ,2023,935.41
Latvia,LVA,1992,295000
Latvia,LVA,1993,340700
Latvia,LVA,1994,113400
Latvia,LVA,1995,71300
Latvia,LVA,1996,112900
Latvia,LVA,1997,133500
Latvia,LVA,1998,104800
Latvia,LVA,1999,88700
Latvia,LVA,2000,110700
Latvia,LVA,2001,107200
Latvia,LVA,2002,101500
Latvia,LVA,2003,87600
Latvia,LVA,2004,96800
Latvia,LVA,2005,87200
Latvia,LVA,2006,116800
Latvia,LVA,2007,181100
Latvia,LVA,2008,194900
Latvia,LVA,2009,162200
Latvia,LVA,2010,70200
Latvia,LVA,2011,64000
Latvia,LVA,2012,124200
Latvia,LVA,2013,75600
Latvia,LVA,2014,114300
Latvia,LVA,2015,159600
Latvia,LVA,2016,140900
Latvia,LVA,2017,129400
Latvia,LVA,2018,81600
Latvia,LVA,2019,191200
Latvia,LVA,2020,178400
Latvia,LVA,2021,138400
Latvia,LVA,2022,129000
Latvia,LVA,2023,104400
Lithuania,LTU,1992,342400
Lithuania,LTU,1993,434100
Lithuania,LTU,1994,313000
Lithuania,LTU,1995,239300
Lithuania,LTU,1996,286800
Lithuania,LTU,1997,348200
Lithuania,LTU,1998,348700
Lithuania,LTU,1999,260900
Lithuania,LTU,2000,311400
Lithuania,LTU,2001,231100
Lithuania,LTU,2002,170200
Lithuania,LTU,2003,147100
Lithuania,LTU,2004,140600
Lithuania,LTU,2005,108300
Lithuania,LTU,2006,90000
Lithuania,LTU,2007,165200
Lithuania,LTU,2008,204900
Lithuania,LTU,2009,207900
Lithuania,LTU,2010,87000
Lithuania,LTU,2011,85000
Lithuania,LTU,2012,156600
Lithuania,LTU,2013,96500
Lithuania,LTU,2014,85300
Lithuania,LTU,2015,107835
Lithuania,LTU,2016,77448
Lithuania,LTU,2017,63066
Lithuania,LTU,2018,43990
Lithuania,LTU,2019,108060
Lithuania,LTU,2020,110060
Lithuania,LTU,2021,63470
Lithuania,LTU,2022,71090
Lithuania,LTU,2023,66280
Luxembourg,LUX,2000,3603
Luxembourg,LUX,2001,4803
Luxembourg,LUX,2002,7470
Luxembourg,LUX,2003,4606
Luxembourg,LUX,2004,7921
Luxembourg,LUX,2005,5715
Luxembourg,LUX,2006,6156
Luxembourg,LUX,2007,6953
Luxembourg,LUX,2008,8730
Luxembourg,LUX,2009,6924
Luxembourg,LUX,2010,5116
Luxembourg,LUX,2011,4189
Luxembourg,LUX,2012,5225
Luxembourg,LUX,2013,4766
Luxembourg,LUX,2014,5591
Luxembourg,LUX,2015,5610
Luxembourg,LUX,2016,4173
Luxembourg,LUX,2017,4635
Luxembourg,LUX,2018,6170
Luxembourg,LUX,2019,6440
Luxembourg,LUX,2020,4720
Luxembourg,LUX,2021,7000
Luxembourg,LUX,2022,6150
Luxembourg,LUX,2023,8820
Malta,MLT,2018,0
Malta,MLT,2019,0
Malta,MLT,2020,0
Malta,MLT,2021,0
Malta,MLT,2022,0
Malta,MLT,2023,0
Mexico,MEX,1961,0
Mexico,MEX,1962,0
Mexico,MEX,1963,0
Mexico,MEX,1964,0
Mexico,MEX,1965,0
Mexico,MEX,1966,0
Mexico,MEX,1967,0
Mexico,MEX,1968,0
Mexico,MEX,1969,0
Mexico,MEX,1970,0
Mexico,MEX,1971,0
Mexico,MEX,1972,0
Mexico,MEX,1973,0
Mexico,MEX,1974,0
Mexico,MEX,1975,0
Mexico,MEX,1976,0
Mexico,MEX,1977,0
Mexico,MEX,1978,0
Mexico,MEX,1979,0
Mexico,MEX,1980,0
Mexico,MEX,1981,0
Mexico,MEX,1982,2
Mexico,MEX,1983,0
Mexico,MEX,1984,0
Mexico,MEX,1985,0
Mexico,MEX,1986,90
Mexico,MEX,1987,700
Mexico,MEX,1988,90
Mexico,MEX,1989,175
Mexico,MEX,1990,84
Mexico,MEX,1991,379
Mexico,MEX,1992,436
Mexico,MEX,1993,20
Mexico,MEX,1994,200
Mexico,MEX,1995,300
Mexico,MEX,1996,66
Mexico,MEX,1997,0
Mexico,MEX,1998,82.96
Mexico,MEX,1999,38
Mexico,MEX,2000,0
Mexico,MEX,2001,57.34
Mexico,MEX,2002,53
Mexico,MEX,2003,2
Mexico,MEX,2004,7
Mexico,MEX,2005,28
Mexico,MEX,2006,42
Mexico,MEX,2007,15
Mexico,MEX,2008,19
Mexico,MEX,2009,20
Mexico,MEX,2010,55
Mexico,MEX,2011,3
Mexico,MEX,2012,20
Mexico,MEX,2013,31
Mexico,MEX,2014,14.3
Mexico,MEX,2015,37.5
Mexico,MEX,2016,20.86
Mexico,MEX,2017,21.7
Mexico,MEX,2018,9
Mexico,MEX,2019,13.68
Mexico,MEX,2020,16.3
Mexico,MEX,2021,12.99
Mexico,MEX,2022,9.4
Mexico,MEX,2023,8.95
Moldova,MDA,1992,1390
Moldova,MDA,1993,2835
Moldova,MDA,1994,2740
Moldova,MDA,1995,5185
Moldova,MDA,1996,8057
Moldova,MDA,1997,8368
Moldova,MDA,1998,4201
Moldova,MDA,1999,3773
Moldova,MDA,2000,2321
Moldova,MDA,2001,3786
Moldova,MDA,2002,2977
Moldova,MDA,2003,484
Moldova,MDA,2004,1913
Moldova,MDA,2005,2465
Moldova,MDA,2006,747
Moldova,MDA,2007,605
Moldova,MDA,2008,1317
Moldova,MDA,2009,1279
Moldova,MDA,2010,1797
Moldova,MDA,2011,767
Moldova,MDA,2012,289
Moldova,MDA,2013,1865
Moldova,MDA,2014,1081
Moldova,MDA,2015,946
Moldova,MDA,2016,585
Moldova,MDA,2017,1126
Moldova,MDA,2018,906
Moldova,MDA,2019,956
Moldova,MDA,2020,1880
Moldova,MDA,2021,3068
Moldova,MDA,2022,853
Moldova,MDA,2023,1821
Montenegro,MNE,2006,394
Montenegro,MNE,2007,51
Montenegro,MNE,2008,149
Montenegro,MNE,2009,259
Montenegro,MNE,2010,207
Montenegro,MNE,2011,544
Montenegro,MNE,2012,329
Montenegro,MNE,2013,573.6
Montenegro,MNE,2014,527
Montenegro,MNE,2015,339
Montenegro,MNE,2016,391.1
Montenegro,MNE,2017,421
Montenegro,MNE,2018,444.9
Montenegro,MNE,2019,402
Montenegro,MNE,2020,364
Montenegro,MNE,2021,318
Montenegro,MNE,2022,327.9
Montenegro,MNE,2023,384.43
Morocco,MAR,1961,1400
Morocco,MAR,1962,2100
Morocco,MAR,1963,1800
Morocco,MAR,1964,1100
Morocco,MAR,1965,4900
Morocco,MAR,1966,700
Morocco,MAR,1967,1600
Morocco,MAR,1968,2100
Morocco,MAR,1969,800
Morocco,MAR,1970,8160
Morocco,MAR,1971,1120
Morocco,MAR,1972,5000
Morocco,MAR,1973,9320
Morocco,MAR,1974,3850
Morocco,MAR,1975,3980
Morocco,MAR,1976,5330
Morocco,MAR,1977,1900
Morocco,MAR,1978,7870
Morocco,MAR,1979,5800
Morocco,MAR,1980,5900
Morocco,MAR,1981,4060
Morocco,MAR,1982,3149
Morocco,MAR,1983,3800
Morocco,MAR,1984,1520
Morocco,MAR,1985,1520
Morocco,MAR,1986,2000
Morocco,MAR,1987,2000
Morocco,MAR,1988,2000
Morocco,MAR,1989,2100
Morocco,MAR,1990,1774
Morocco,MAR,1991,2200
Morocco,MAR,1992,2300
Morocco,MAR,1993,2344.04
Morocco,MAR,1994,2400
Morocco,MAR,1995,2400
Morocco,MAR,1996,2370.43
Morocco,MAR,1997,2370.34
Morocco,MAR,1998,2371.24
Morocco,MAR,1999,2372.32
Morocco,MAR,2000,2353.9
Morocco,MAR,2001,2349.74
Morocco,MAR,2002,2354.63
Morocco,MAR,2003,2276.38
Morocco,MAR,2004,2272.85
Morocco,MAR,2005,2265.06
Morocco,MAR,2006,2252.81
Morocco,MAR,2007,2057.27
Morocco,MAR,2008,2000
Morocco,MAR,2009,2700
Morocco,MAR,2010,3000
Morocco,MAR,2011,2300
Morocco,MAR,2012,2400
Morocco,MAR,2013,2500
Morocco,MAR,2014,2447.21
Morocco,MAR,2015,2374.31
Morocco,MAR,2016,2347.29
Morocco,MAR,2017,2347.69
Morocco,MAR,2018,2351.83
Morocco,MAR,2019,2363.05
Morocco,MAR,2020,2364.35
Morocco,MAR,2021,2353.34
Morocco,MAR,2022,2353.28
Morocco,MAR,2023,2353.21
Netherlands,NLD,1961,301069
Netherlands,NLD,1962,339047
Netherlands,NLD,1963,313260
Netherlands,NLD,1964,356167
Netherlands,NLD,1965,249996
Netherlands,NLD,1966,190381
Netherlands,NLD,1967,239077
Netherlands,NLD,1968,239081
Netherlands,NLD,1969,206532
Netherlands,NLD,1970,172347
Netherlands,NLD,1971,208977
Netherlands,NLD,1972,151459
Netherlands,NLD,1973,105212
Netherlands,NLD,1974,77837
Netherlands,NLD,1975,62815
Netherlands,NLD,1976,65231
Netherlands,NLD,1977,73541
Netherlands,NLD,1978,67700
Netherlands,NLD,1979,49300
Netherlands,NLD,1980,38640
Netherlands,NLD,1981,28616
Netherlands,NLD,1982,26492
Netherlands,NLD,1983,25674
Netherlands,NLD,1984,24650
Netherlands,NLD,1985,19265
Netherlands,NLD,1986,19468
Netherlands,NLD,1987,24661
Netherlands,NLD,1988,28271
Netherlands,NLD,1989,33424
Netherlands,NLD,1990,36000
Netherlands,NLD,1991,33515
Netherlands,NLD,1992,34395
Netherlands,NLD,1993,41200
Netherlands,NLD,1994,26500
Netherlands,NLD,1995,42500
Netherlands,NLD,1996,38200
Netherlands,NLD,1997,27700
Netherlands,NLD,1998,30300
Netherlands,NLD,1999,14000
Netherlands,NLD,2000,29000
Netherlands,NLD,2001,17000
Netherlands,NLD,2002,16800
Netherlands,NLD,2003,17900
Netherlands,NLD,2004,16600
Netherlands,NLD,2005,10885
Netherlands,NLD,2006,10900
Netherlands,NLD,2007,11000
Netherlands,NLD,2008,8000
Netherlands,NLD,2009,11243
Netherlands,NLD,2010,10242
Netherlands,NLD,2011,6411
Netherlands,NLD,2012,9225
Netherlands,NLD,2013,6706
Netherlands,NLD,2014,7106
Netherlands,NLD,2015,6161
Netherlands,NLD,2016,5403
Netherlands,NLD,2017,4385
Netherlands,NLD,2018,4340
Netherlands,NLD,2019,5300
Netherlands,NLD,2020,7590
Netherlands,NLD,2021,7920
Netherlands,NLD,2022,9020
Netherlands,NLD,2023,7340
North Korea,PRK,1987,93000
North Korea,PRK,1988,100000
North Korea,PRK,1989,110000
North Korea,PRK,1990,100000
North Korea,PRK,1991,100000
North Korea,PRK,1992,100000
North Korea,PRK,1993,80000
North Korea,PRK,1994,80000
North Korea,PRK,1995,75000
North Korea,PRK,1996,60000
North Korea,PRK,1997,50000
North Korea,PRK,1998,55000
North Korea,PRK,1999,60000
North Korea,PRK,2000,60000
North Korea,PRK,2001,68000
North Korea,PRK,2002,60000
North Korea,PRK,2003,60000
North Korea,PRK,2004,60000
North Korea,PRK,2005,60000
North Korea,PRK,2006,60000
North Korea,PRK,2007,60000
North Korea,PRK,2008,60138.17
North Korea,PRK,2009,60162.83
North Korea,PRK,2010,58617.7
North Korea,PRK,2011,61122.37
North Korea,PRK,2012,67366.03
North Korea,PRK,2013,67497.44
North Korea,PRK,2014,68135.59
North Korea,PRK,2015,60029.79
North Korea,PRK,2016,65220.94
North Korea,PRK,2017,65234.87
North Korea,PRK,2018,65811.2
North Korea,PRK,2019,65313.88
North Korea,PRK,2020,63763.83
North Korea,PRK,2021,64546.7
North Korea,PRK,2022,64702.86
North Korea,PRK,2023,64861.4
North Macedonia,MKD,1992,17789
North Macedonia,MKD,1993,11414
North Macedonia,MKD,1994,15475
North Macedonia,MKD,1995,14649
North Macedonia,MKD,1996,10875
North Macedonia,MKD,1997,10779
North Macedonia,MKD,1998,13764
North Macedonia,MKD,1999,10594
North Macedonia,MKD,2000,8211
North Macedonia,MKD,2001,9500
North Macedonia,MKD,2002,7120
North Macedonia,MKD,2003,6057
North Macedonia,MKD,2004,10273
North Macedonia,MKD,2005,9451
North Macedonia,MKD,2006,8613
North Macedonia,MKD,2007,6735
North Macedonia,MKD,2008,9912
North Macedonia,MKD,2009,9089
North Macedonia,MKD,2010,8850
North Macedonia,MKD,2011,8297
North Macedonia,MKD,2012,7288
North Macedonia,MKD,2013,8898
North Macedonia,MKD,2014,11402
North Macedonia,MKD,2015,7747
North Macedonia,MKD,2016,10210
North Macedonia,MKD,2017,8416
North Macedonia,MKD,2018,9379
North Macedonia,MKD,2019,8628
North Macedonia,MKD,2020,9481
North Macedonia,MKD,2021,8500
North Macedonia,MKD,2022,8571
North Macedonia,MKD,2023,5279
Norway,NOR,1961,2800
Norway,NOR,1962,4000
Norway,NOR,1963,2600
Norway,NOR,1964,1879
Norway,NOR,1965,1621
Norway,NOR,1966,727
Norway,NOR,1967,2319
Norway,NOR,1968,4224
Norway,NOR,1969,4170
Norway,NOR,1970,4800
Norway,NOR,1971,4620
Norway,NOR,1972,4875
Norway,NOR,1973,6771
Norway,NOR,1974,11047
Norway,NOR,1975,4226
Norway,NOR,1976,6500
Norway,NOR,1977,8431
Norway,NOR,1978,7544
Norway,NOR,1979,5346
Norway,NOR,1980,4700
Norway,NOR,1981,2900
Norway,NOR,1982,2300
Norway,NOR,1983,3400
Norway,NOR,1984,6700
Norway,NOR,1985,3500
Norway,NOR,1986,3020
Norway,NOR,1987,3619
Norway,NOR,1988,2131
Norway,NOR,1989,2800
Norway,NOR,1990,3200
Norway,NOR,1991,4990
Norway,NOR,1992,4110
Norway,NOR,1993,12845
Norway,NOR,1994,7070
Norway,NOR,1995,14430
Norway,NOR,1996,12140
Norway,NOR,1997,12295
Norway,NOR,1998,28330
Norway,NOR,1999,9410
Norway,NOR,2000,16120
Norway,NOR,2001,5940
Norway,NOR,2002,9040
Norway,NOR,2003,19440
Norway,NOR,2004,40570
Norway,NOR,2005,34830
Norway,NOR,2006,26160
Norway,NOR,2007,39980
Norway,NOR,2008,47630
Norway,NOR,2009,27400
Norway,NOR,2010,34200
Norway,NOR,2011,16270
Norway,NOR,2012,4890
Norway,NOR,2013,12730
Norway,NOR,2014,38100
Norway,NOR,2015,66200
Norway,NOR,2016,23100
Norway,NOR,2017,50000
Norway,NOR,2018,7900
Norway,NOR,2019,51000
Norway,NOR,2020,34800
Norway,NOR,2021,39000
Norway,NOR,2022,59000
Norway,NOR,2023,29000
Peru,PER,1961,1000
Peru,PER,1962,950
Peru,PER,1963,950
Peru,PER,1964,950
Peru,PER,1965,903
Peru,PER,1966,890
Peru,PER,1967,979
Peru,PER,1968,877
Peru,PER,1969,787
Peru,PER,1970,930
Peru,PER,1971,887
Peru,PER,1972,728
Peru,PER,1973,664
Peru,PER,1974,680
Peru,PER,1975,518
Peru,PER,1976,465
Peru,PER,1977,737
Peru,PER,1978,766
Peru,PER,1979,796
Peru,PER,1980,790
Peru,PER,1981,785
Peru,PER,1982,568
Peru,PER,1983,505
Peru,PER,1984,578
Peru,PER,1985,600
Peru,PER,1986,625
Peru,PER,1987,625
Peru,PER,1988,586
Peru,PER,1989,602
Peru,PER,1990,503
Peru,PER,1991,519
Peru,PER,1992,597
Peru,PER,1993,601
Peru,PER,1994,651
Peru,PER,1995,685
Peru,PER,1996,764
Peru,PER,1997,80
Peru,PER,1998,90
Peru,PER,1999,96
Peru,PER,2000,96
Peru,PER,2001,88
Peru,PER,2002,67
Peru,PER,2003,88
Peru,PER,2004,69
Peru,PER,2005,86
Peru,PER,2006,157
Peru,PER,2007,81
Peru,PER,2008,131
Peru,PER,2009,148
Peru,PER,2010,124
Peru,PER,2011,138
Peru,PER,2012,81
Peru,PER,2013,118.4
Peru,PER,2014,111
Peru,PER,2015,75
Peru,PER,2016,52
Peru,PER,2017,70.85
Peru,PER,2018,89
Peru,PER,2019,52
Peru,PER,2020,32
Peru,PER,2021,34
Peru,PER,2022,38.91
Peru,PER,2023,47.38
Poland,POL,1961,8356000
Poland,POL,1962,6685000
Poland,POL,1963,7124000
Poland,POL,1964,6964000
Poland,POL,1965,8202000
Poland,POL,1966,7661000
Poland,POL,1967,7645000
Poland,POL,1968,8438200
Poland,POL,1969,8166900
Poland,POL,1970,5433400
Poland,POL,1971,7827300
Poland,POL,1972,8149000
Poland,POL,1973,8268000
Poland,POL,1974,7881500
Poland,POL,1975,6270021
Poland,POL,1976,6921929
Poland,POL,1977,6249491
Poland,POL,1978,7434176
Poland,POL,1979,5201025
Poland,POL,1980,6566401
Poland,POL,1981,6731261
Poland,POL,1982,7792483
Poland,POL,1983,8780701
Poland,POL,1984,9540277
Poland,POL,1985,7600454
Poland,POL,1986,7073775
Poland,POL,1987,6816729
Poland,POL,1988,5500610
Poland,POL,1989,6216478
Poland,POL,1990,6043965
Poland,POL,1991,5899383
Poland,POL,1992,3981440
Poland,POL,1993,4992101
Poland,POL,1994,5300132
Poland,POL,1995,6287642
Poland,POL,1996,5652480
Poland,POL,1997,5299513
Poland,POL,1998,5663665
Poland,POL,1999,5180658
Poland,POL,2000,4003047
Poland,POL,2001,4863637
Poland,POL,2002,3831000
Poland,POL,2003,3172240
Poland,POL,2004,4280716
Poland,POL,2005,3404312
Poland,POL,2006,2621626
Poland,POL,2007,3125691
Poland,POL,2008,3448550
Poland,POL,2009,3712900
Poland,POL,2010,2851706
Poland,POL,2011,2600676
Poland,POL,2012,2888137
Poland,POL,2013,3359271
Poland,POL,2014,2792593
Poland,POL,2015,2013148
Poland,POL,2016,2199578
Poland,POL,2017,2673642
Poland,POL,2018,2126570
Poland,POL,2019,2415640
Poland,POL,2020,2929930
Poland,POL,2021,2472860
Poland,POL,2022,2337130
Poland,POL,2023,2533220
Portugal,PRT,1961,119248
Portugal,PRT,1962,171446
Portugal,PRT,1963,216017
Portugal,PRT,1964,167442
Portugal,PRT,1965,209080
Portugal,PRT,1966,144611
Portugal,PRT,1967,174837
Portugal,PRT,1968,199179
Portugal,PRT,1969,167279
Portugal,PRT,1970,156954
Portugal,PRT,1971,168459
Portugal,PRT,1972,164400
Portugal,PRT,1973,133797
Portugal,PRT,1974,142834
Portugal,PRT,1975,145900
Portugal,PRT,1976,164842
Portugal,PRT,1977,102727
Portugal,PRT,1978,122617
Portugal,PRT,1979,120170
Portugal,PRT,1980,138420
Portugal,PRT,1981,125740
Portugal,PRT,1982,119440
Portugal,PRT,1983,92462
Portugal,PRT,1984,103440
Portugal,PRT,1985,96860
Portugal,PRT,1986,112393
Portugal,PRT,1987,121682
Portugal,PRT,1988,86112
Portugal,PRT,1989,118975
Portugal,PRT,1990,96502
Portugal,PRT,1991,80358
Portugal,PRT,1992,69500
Portugal,PRT,1993,66727
Portugal,PRT,1994,63792
Portugal,PRT,1995,36263
Portugal,PRT,1996,53924
Portugal,PRT,1997,40689
Portugal,PRT,1998,32488
Portugal,PRT,1999,55615
Portugal,PRT,2000,46453
Portugal,PRT,2001,24195
Portugal,PRT,2002,34297
Portugal,PRT,2003,26955
Portugal,PRT,2004,27265
Portugal,PRT,2005,19747
Portugal,PRT,2006,23803
Portugal,PRT,2007,22702
Portugal,PRT,2008,22214
Portugal,PRT,2009,19444
Portugal,PRT,2010,17553
Portugal,PRT,2011,18388
Portugal,PRT,2012,14784
Portugal,PRT,2013,18210
Portugal,PRT,2014,17629
Portugal,PRT,2015,15494
Portugal,PRT,2016,15588
Portugal,PRT,2017,14439
Portugal,PRT,2018,17290
Portugal,PRT,2019,16790
Portugal,PRT,2020,17750
Portugal,PRT,2021,16580
Portugal,PRT,2022,13540
Portugal,PRT,2023,11720
Romania,ROU,1961,104400
Romania,ROU,1962,75400
Romania,ROU,1963,78200
Romania,ROU,1964,92100
Romania,ROU,1965,124936
Romania,ROU,1966,99600
Romania,ROU,1967,70600
Romania,ROU,1968,47796
Romania,ROU,1969,46704
Romania,ROU,1970,42884
Romania,ROU,1971,65300
Romania,ROU,1972,58000
Romania,ROU,1973,39000
Romania,ROU,1974,41800
Romania,ROU,1975,52000
Romania,ROU,1976,49000
Romania,ROU,1977,78000
Romania,ROU,1978,74000
Romania,ROU,1979,55000
Romania,ROU,1980,76000
Romania,ROU,1981,64000
Romania,ROU,1982,74000
Romania,ROU,1983,60000
Romania,ROU,1984,90000
Romania,ROU,1985,67000
Romania,ROU,1986,76000
Romania,ROU,1987,81000
Romania,ROU,1988,104000
Romania,ROU,1989,95000
Romania,ROU,1990,89678
Romania,ROU,1991,85753
Romania,ROU,1992,21232
Romania,ROU,1993,40409
Romania,ROU,1994,51201
Romania,ROU,1995,42728
Romania,ROU,1996,20240
Romania,ROU,1997,29413
Romania,ROU,1998,26088
Romania,ROU,1999,21092
Romania,ROU,2000,21802
Romania,ROU,2001,28631
Romania,ROU,2002,20079
Romania,ROU,2003,17358
Romania,ROU,2004,55000
Romania,ROU,2005,48962
Romania,ROU,2006,35720
Romania,ROU,2007,20583
Romania,ROU,2008,31446
Romania,ROU,2009,32959
Romania,ROU,2010,34281
Romania,ROU,2011,31382
Romania,ROU,2012,18236
Romania,ROU,2013,23812
Romania,ROU,2014,24362
Romania,ROU,2015,24319
Romania,ROU,2016,25931
Romania,ROU,2017,28158
Romania,ROU,2018,28640
Romania,ROU,2019,26180
Romania,ROU,2020,28490
Romania,ROU,2021,35100
Romania,ROU,2022,34850
Romania,ROU,2023,29590
Russia,RUS,1992,13887220
Russia,RUS,1993,9166040
Russia,RUS,1994,5988800
Russia,RUS,1995,4098220
Russia,RUS,1996,5927891
Russia,RUS,1997,7476184
Russia,RUS,1998,3265923
Russia,RUS,1999,4781032
Russia,RUS,2000,5444421
Russia,RUS,2001,6631528
Russia,RUS,2002,7121713
Russia,RUS,2003,4146815
Russia,RUS,2004,2864180
Russia,RUS,2005,3622434
Russia,RUS,2006,2959347
Russia,RUS,2007,3909392
Russia,RUS,2008,4505060
Russia,RUS,2009,4333138
Russia,RUS,2010,1635631
Russia,RUS,2011,2970747
Russia,RUS,2012,2131519
Russia,RUS,2013,3359873
Russia,RUS,2014,3280759
Russia,RUS,2015,2086675.1
Russia,RUS,2016,2547878
Russia,RUS,2017,2548719
Russia,RUS,2018,1916056
Russia,RUS,2019,1428421
Russia,RUS,2020,2377629
Russia,RUS,2021,1721937.8
Russia,RUS,2022,2178808.2
Russia,RUS,2023,1700000
Serbia,SRB,2006,15417
Serbia,SRB,2007,10902
Serbia,SRB,2008,13608
Serbia,SRB,2009,12743
Serbia,SRB,2010,10470
Serbia,SRB,2011,11551
Serbia,SRB,2012,10639.54
Serbia,SRB,2013,13258.21
Serbia,SRB,2014,11701.9
Serbia,SRB,2015,13258
Serbia,SRB,2016,14200
Serbia,SRB,2017,11248
Serbia,SRB,2018,13418
Serbia,SRB,2019,12963.17
Serbia,SRB,2020,15240
Serbia,SRB,2021,18680
Serbia,SRB,2022,17825
Serbia,SRB,2023,18098
Serbia and Montenegro,SCG,1992,16000
Serbia and Montenegro,SCG,1993,13958
Serbia and Montenegro,SCG,1994,15000
Serbia and Montenegro,SCG,1995,17000
Serbia and Montenegro,SCG,1996,13000
Serbia and Montenegro,SCG,1997,15000
Serbia and Montenegro,SCG,1998,17000
Serbia and Montenegro,SCG,1999,10000
Serbia and Montenegro,SCG,2000,8397
Serbia and Montenegro,SCG,2001,11659
Serbia and Montenegro,SCG,2002,10952
Serbia and Montenegro,SCG,2003,8309
Serbia and Montenegro,SCG,2004,15000
Serbia and Montenegro,SCG,2005,16020
Slovakia,SVK,1993,69308
Slovakia,SVK,1994,96189
Slovakia,SVK,1995,89310
Slovakia,SVK,1996,71423
Slovakia,SVK,1997,84183
Slovakia,SVK,1998,96239
Slovakia,SVK,1999,69562
Slovakia,SVK,2000,64178
Slovakia,SVK,2001,112656
Slovakia,SVK,2002,96484
Slovakia,SVK,2003,62270
Slovakia,SVK,2004,124340
Slovakia,SVK,2005,68588
Slovakia,SVK,2006,30211
Slovakia,SVK,2007,54368
Slovakia,SVK,2008,80349
Slovakia,SVK,2009,56932
Slovakia,SVK,2010,35470
Slovakia,SVK,2011,41239
Slovakia,SVK,2012,49404
Slovakia,SVK,2013,86469
Slovakia,SVK,2014,53508.5
Slovakia,SVK,2015,41640
Slovakia,SVK,2016,41103
Slovakia,SVK,2017,32458
Slovakia,SVK,2018,41010
Slovakia,SVK,2019,48690
Slovakia,SVK,2020,48570
Slovakia,SVK,2021,36050
Slovakia,SVK,2022,31830
Slovakia,SVK,2023,35230
Slovenia,SVN,1992,6966
Slovenia,SVN,1993,5814
Slovenia,SVN,1994,6141
Slovenia,SVN,1995,5819
Slovenia,SVN,1996,5540
Slovenia,SVN,1997,3510
Slovenia,SVN,1998,3857
Slovenia,SVN,1999,2550
Slovenia,SVN,2000,1758
Slovenia,SVN,2001,2266
Slovenia,SVN,2002,2038
Slovenia,SVN,2003,1368
Slovenia,SVN,2004,3486
Slovenia,SVN,2005,4092
Slovenia,SVN,2006,2126
Slovenia,SVN,2007,2509
Slovenia,SVN,2008,2080
Slovenia,SVN,2009,2318
Slovenia,SVN,2010,2676
Slovenia,SVN,2011,2843
Slovenia,SVN,2012,3422
Slovenia,SVN,2013,5012
Slovenia,SVN,2014,6737
Slovenia,SVN,2015,4658
Slovenia,SVN,2016,3978
Slovenia,SVN,2017,4415
Slovenia,SVN,2018,4540
Slovenia,SVN,2019,4480
Slovenia,SVN,2020,3460
Slovenia,SVN,2021,2530
Slovenia,SVN,2022,3210
Slovenia,SVN,2023,3670
South Africa,ZAF,1961,8890
South Africa,ZAF,1962,7000
South Africa,ZAF,1963,12000
South Africa,ZAF,1964,15000
South Africa,ZAF,1965,9000
South Africa,ZAF,1966,7711
South Africa,ZAF,1967,12701
South Africa,ZAF,1968,7000
South Africa,ZAF,1969,7300
South Africa,ZAF,1970,7000
South Africa,ZAF,1971,6000
South Africa,ZAF,1972,7000
South Africa,ZAF,1973,6000
South Africa,ZAF,1974,5000
South Africa,ZAF,1975,4000
South Africa,ZAF,1976,4000
South Africa,ZAF,1977,4000
South Africa,ZAF,1978,3000
South Africa,ZAF,1979,6000
South Africa,ZAF,1980,4000
South Africa,ZAF,1981,7000
South Africa,ZAF,1982,7000
South Africa,ZAF,1983,6000
South Africa,ZAF,1984,6000
South Africa,ZAF,1985,2000
South Africa,ZAF,1986,2000
South Africa,ZAF,1987,2000
South Africa,ZAF,1988,2000
South Africa,ZAF,1989,3000
South Africa,ZAF,1990,3000
South Africa,ZAF,1991,4000
South Africa,ZAF,1992,2000
South Africa,ZAF,1993,3000
South Africa,ZAF,1994,3000
South Africa,ZAF,1995,2952
South Africa,ZAF,1996,3366
South Africa,ZAF,1997,3200
South Africa,ZAF,1998,3000
South Africa,ZAF,1999,3000
South Africa,ZAF,2000,1200
South Africa,ZAF,2001,1630
South Africa,ZAF,2002,700
South Africa,ZAF,2003,230
South Africa,ZAF,2004,620
South Africa,ZAF,2005,1400
South Africa,ZAF,2006,3000
South Africa,ZAF,2007,3100
South Africa,ZAF,2008,3000
South Africa,ZAF,2009,2000
South Africa,ZAF,2010,1897.65
South Africa,ZAF,2011,2163.22
South Africa,ZAF,2012,2271.9
South Africa,ZAF,2013,2317.74
South Africa,ZAF,2014,2074.24
South Africa,ZAF,2015,1843.39
South Africa,ZAF,2016,2078.46
South Africa,ZAF,2017,1913.77
South Africa,ZAF,2018,1945.21
South Africa,ZAF,2019,1979.14
South Africa,ZAF,2020,1946.04
South Africa,ZAF,2021,1956.8
South Africa,ZAF,2022,1960.66
South Africa,ZAF,2023,1954.5
South Korea,KOR,1961,20389
South Korea,KOR,1962,19910
South Korea,KOR,1963,16818
South Korea,KOR,1964,16856
South Korea,KOR,1965,13996
South Korea,KOR,1966,19710
South Korea,KOR,1967,13133
South Korea,KOR,1968,11921
South Korea,KOR,1969,13094
South Korea,KOR,1970,10335
South Korea,KOR,1971,8167
South Korea,KOR,1972,7704
South Korea,KOR,1973,5942
South Korea,KOR,1974,6229
South Korea,KOR,1975,9447
South Korea,KOR,1976,5680
South Korea,KOR,1977,3764
South Korea,KOR,1978,4288
South Korea,KOR,1979,5377
South Korea,KOR,1980,3031
South Korea,KOR,1981,3149
South Korea,KOR,1982,4838
South Korea,KOR,1983,3698
South Korea,KOR,1984,3310
South Korea,KOR,1985,2478
South Korea,KOR,1986,1719
South Korea,KOR,1987,1183
South Korea,KOR,1988,862
South Korea,KOR,1989,388
South Korea,KOR,1990,315
South Korea,KOR,1991,48
South Korea,KOR,1992,40
South Korea,KOR,1993,30
South Korea,KOR,1994,15
South Korea,KOR,1995,5
South Korea,KOR,1996,4
South Korea,KOR,1997,45
South Korea,KOR,1998,3
South Korea,KOR,1999,10
South Korea,KOR,2000,16
South Korea,KOR,2001,13
South Korea,KOR,2002,19
South Korea,KOR,2003,6
South Korea,KOR,2004,0
South Korea,KOR,2005,0
South Korea,KOR,2006,0
South Korea,KOR,2007,0
South Korea,KOR,2008,0
South Korea,KOR,2009,2.49
South Korea,KOR,2010,3.64
South Korea,KOR,2011,4.82
South Korea,KOR,2012,4.82
South Korea,KOR,2013,4.82
South Korea,KOR,2014,2.39
South Korea,KOR,2015,2.05
South Korea,KOR,2016,3.09
South Korea,KOR,2017,2.51
South Korea,KOR,2018,2.55
South Korea,KOR,2019,2.71
South Korea,KOR,2020,2.59
South Korea,KOR,2021,2.77
South Korea,KOR,2022,2.77
South Korea,KOR,2023,2.77
Spain,ESP,1961,351200
Spain,ESP,1962,452700
Spain,ESP,1963,423600
Spain,ESP,1964,346430
Spain,ESP,1965,348969
Spain,ESP,1966,325800
Spain,ESP,1967,335937
Spain,ESP,1968,355100
Spain,ESP,1969,344900
Spain,ESP,1970,258800
Spain,ESP,1971,271800
Spain,ESP,1972,263400
Spain,ESP,1973,252100
Spain,ESP,1974,254000
Spain,ESP,1975,240500
Spain,ESP,1976,213900
Spain,ESP,1977,227700
Spain,ESP,1978,250600
Spain,ESP,1979,221000
Spain,ESP,1980,283900
Spain,ESP,1981,212300
Spain,ESP,1982,169100
Spain,ESP,1983,252600
Spain,ESP,1984,315100
Spain,ESP,1985,272800
Spain,ESP,1986,219882
Spain,ESP,1987,318784
Spain,ESP,1988,357000
Spain,ESP,1989,331700
Spain,ESP,1990,267300
Spain,ESP,1991,236900
Spain,ESP,1992,207291
Spain,ESP,1993,333181
Spain,ESP,1994,206700
Spain,ESP,1995,168300
Spain,ESP,1996,295700
Spain,ESP,1997,211753
Spain,ESP,1998,207400
Spain,ESP,1999,219700
Spain,ESP,2000,220044
Spain,ESP,2001,101452
Spain,ESP,2002,176556
Spain,ESP,2003,184400
Spain,ESP,2004,162718
Spain,ESP,2005,129096
Spain,ESP,2006,164997
Spain,ESP,2007,261369
Spain,ESP,2008,283212
Spain,ESP,2009,180666
Spain,ESP,2010,258380
Spain,ESP,2011,366700
Spain,ESP,2012,256675
Spain,ESP,2013,384300
Spain,ESP,2014,290970
Spain,ESP,2015,331930
Spain,ESP,2016,377355
Spain,ESP,2017,139178
Spain,ESP,2018,404280
Spain,ESP,2019,261550
Spain,ESP,2020,407620
Spain,ESP,2021,315750
Spain,ESP,2022,188880
Spain,ESP,2023,121970
Sweden,SWE,1961,168830
Sweden,SWE,1962,168880
Sweden,SWE,1963,78450
Sweden,SWE,1964,121760
Sweden,SWE,1965,171360
Sweden,SWE,1966,84900
Sweden,SWE,1967,197100
Sweden,SWE,1968,211400
Sweden,SWE,1969,184300
Sweden,SWE,1970,227500
Sweden,SWE,1971,304800
Sweden,SWE,1972,366200
Sweden,SWE,1973,323600
Sweden,SWE,1974,440000
Sweden,SWE,1975,325000
Sweden,SWE,1976,427000
Sweden,SWE,1977,338000
Sweden,SWE,1978,296590
Sweden,SWE,1979,192120
Sweden,SWE,1980,222880
Sweden,SWE,1981,177340
Sweden,SWE,1982,208990
Sweden,SWE,1983,235030
Sweden,SWE,1984,246490
Sweden,SWE,1985,156730
Sweden,SWE,1986,154460
Sweden,SWE,1987,137200
Sweden,SWE,1988,127700
Sweden,SWE,1989,319100
Sweden,SWE,1990,334700
Sweden,SWE,1991,164900
Sweden,SWE,1992,135900
Sweden,SWE,1993,230000
Sweden,SWE,1994,173400
Sweden,SWE,1995,206400
Sweden,SWE,1996,165700
Sweden,SWE,1997,138700
Sweden,SWE,1998,160500
Sweden,SWE,1999,117400
Sweden,SWE,2000,185100
Sweden,SWE,2001,177900
Sweden,SWE,2002,126700
Sweden,SWE,2003,116700
Sweden,SWE,2004,133400
Sweden,SWE,2005,112300
Sweden,SWE,2006,115400
Sweden,SWE,2007,137600
Sweden,SWE,2008,168800
Sweden,SWE,2009,218400
Sweden,SWE,2010,117600
Sweden,SWE,2011,126500
Sweden,SWE,2012,139900
Sweden,SWE,2013,142000
Sweden,SWE,2014,173600
Sweden,SWE,2015,149200
Sweden,SWE,2016,101300
Sweden,SWE,2017,141800
Sweden,SWE,2018,88200
Sweden,SWE,2019,221300
Sweden,SWE,2020,189600
Sweden,SWE,2021,144500
Sweden,SWE,2022,129200
Sweden,SWE,2023,139400
Switzerland,CHE,1961,33700
Switzerland,CHE,1962,64700
Switzerland,CHE,1963,49800
Switzerland,CHE,1964,62600
Switzerland,CHE,1965,51100
Switzerland,CHE,1966,45600
Switzerland,CHE,1967,62900
Switzerland,CHE,1968,58300
Switzerland,CHE,1969,43400
Switzerland,CHE,1970,49400
Switzerland,CHE,1971,52200
Switzerland,CHE,1972,50000
Switzerland,CHE,1973,45300
Switzerland,CHE,1974,40400
Switzerland,CHE,1975,24400
Switzerland,CHE,1976,41500
Switzerland,CHE,1977,36700
Switzerland,CHE,1978,44400
Switzerland,CHE,1979,40500
Switzerland,CHE,1980,35000
Switzerland,CHE,1981,29700
Switzerland,CHE,1982,22700
Switzerland,CHE,1983,19200
Switzerland,CHE,1984,28000
Switzerland,CHE,1985,19900
Switzerland,CHE,1986,19000
Switzerland,CHE,1987,18300
Switzerland,CHE,1988,18200
Switzerland,CHE,1989,21300
Switzerland,CHE,1990,17400
Switzerland,CHE,1991,24548
Switzerland,CHE,1992,27504
Switzerland,CHE,1993,40986
Switzerland,CHE,1994,29826
Switzerland,CHE,1995,41223
Switzerland,CHE,1996,43914
Switzerland,CHE,1997,23971
Switzerland,CHE,1998,22306
Switzerland,CHE,1999,18348
Switzerland,CHE,2000,22400
Switzerland,CHE,2001,18600
Switzerland,CHE,2002,21500
Switzerland,CHE,2003,10500
Switzerland,CHE,2004,11300
Switzerland,CHE,2005,9400
Switzerland,CHE,2006,8600
Switzerland,CHE,2007,10100
Switzerland,CHE,2008,12098
Switzerland,CHE,2009,15874
Switzerland,CHE,2010,13708
Switzerland,CHE,2011,12726
Switzerland,CHE,2012,10487
Switzerland,CHE,2013,10257
Switzerland,CHE,2014,12939
Switzerland,CHE,2015,11918
Switzerland,CHE,2016,8411
Switzerland,CHE,2017,12423
Switzerland,CHE,2018,10112
Switzerland,CHE,2019,11184
Switzerland,CHE,2020,10333
Switzerland,CHE,2021,7948
Switzerland,CHE,2022,10485
Switzerland,CHE,2023,10343
Tajikistan,TJK,1992,2477
Tajikistan,TJK,1993,1300
Tajikistan,TJK,1994,1000
Tajikistan,TJK,1995,1332
Tajikistan,TJK,1996,726
Tajikistan,TJK,1997,637
Tajikistan,TJK,1998,456
Tajikistan,TJK,1999,284
Tajikistan,TJK,2000,171
Tajikistan,TJK,2001,433
Tajikistan,TJK,2002,530
Tajikistan,TJK,2003,404
Tajikistan,TJK,2004,338
Tajikistan,TJK,2005,305
Tajikistan,TJK,2006,164
Tajikistan,TJK,2007,246
Tajikistan,TJK,2008,350
Tajikistan,TJK,2009,502
Tajikistan,TJK,2010,761
Tajikistan,TJK,2011,104
Tajikistan,TJK,2012,654
Tajikistan,TJK,2013,431
Tajikistan,TJK,2014,159
Tajikistan,TJK,2015,83
Tajikistan,TJK,2016,88.4
Tajikistan,TJK,2017,201.9
Tajikistan,TJK,2018,350.8
Tajikistan,TJK,2019,673
Tajikistan,TJK,2020,460.65
Tajikistan,TJK,2021,335.1
Tajikistan,TJK,2022,353.48
Tajikistan,TJK,2023,353.48
Turkey,TUR,1961,570000
Turkey,TUR,1962,690000
Turkey,TUR,1963,900000
Turkey,TUR,1964,735000
Turkey,TUR,1965,775000
Turkey,TUR,1966,850000
Turkey,TUR,1967,900000
Turkey,TUR,1968,820000
Turkey,TUR,1969,817000
Turkey,TUR,1970,630000
Turkey,TUR,1971,895000
Turkey,TUR,1972,755000
Turkey,TUR,1973,690000
Turkey,TUR,1974,560000
Turkey,TUR,1975,750000
Turkey,TUR,1976,740000
Turkey,TUR,1977,690000
Turkey,TUR,1978,620000
Turkey,TUR,1979,620000
Turkey,TUR,1980,525000
Turkey,TUR,1981,530000
Turkey,TUR,1982,430000
Turkey,TUR,1983,380000
Turkey,TUR,1984,360000
Turkey,TUR,1985,360000
Turkey,TUR,1986,350000
Turkey,TUR,1987,380000
Turkey,TUR,1988,280000
Turkey,TUR,1989,191000
Turkey,TUR,1990,240000
Turkey,TUR,1991,256000
Turkey,TUR,1992,230000
Turkey,TUR,1993,235000
Turkey,TUR,1994,195000
Turkey,TUR,1995,240000
Turkey,TUR,1996,245000
Turkey,TUR,1997,235000
Turkey,TUR,1998,232000
Turkey,TUR,1999,233000
Turkey,TUR,2000,260000
Turkey,TUR,2001,220000
Turkey,TUR,2002,255000
Turkey,TUR,2003,240000
Turkey,TUR,2004,270000
Turkey,TUR,2005,270000
Turkey,TUR,2006,271000
Turkey,TUR,2007,240540
Turkey,TUR,2008,246521
Turkey,TUR,2009,343330
Turkey,TUR,2010,365560
Turkey,TUR,2011,365750
Turkey,TUR,2012,370000
Turkey,TUR,2013,365000
Turkey,TUR,2014,300000
Turkey,TUR,2015,330000
Turkey,TUR,2016,300000
Turkey,TUR,2017,320000
Turkey,TUR,2018,320000
Turkey,TUR,2019,310000
Turkey,TUR,2020,295681
Turkey,TUR,2021,200000
Turkey,TUR,2022,273000
Turkey,TUR,2023,305000
Turkmenistan,TKM,1992,4882
Turkmenistan,TKM,1993,0
USSR,SUN,1961,15044000
USSR,SUN,1962,15322000
USSR,SUN,1963,10690000
USSR,SUN,1964,12257000
USSR,SUN,1965,14660000
USSR,SUN,1966,11830000
USSR,SUN,1967,11687000
USSR,SUN,1968,12708000
USSR,SUN,1969,9850000
USSR,SUN,1970,11675000
USSR,SUN,1971,11508000
USSR,SUN,1972,8670000
USSR,SUN,1973,9680000
USSR,SUN,1974,13700000
USSR,SUN,1975,8160000
USSR,SUN,1976,12590000
USSR,SUN,1977,7630000
USSR,SUN,1978,12250000
USSR,SUN,1979,7295000
USSR,SUN,1980,8959000
USSR,SUN,1981,8611000
USSR,SUN,1982,13630000
USSR,SUN,1983,15909000
USSR,SUN,1984,12749000
USSR,SUN,1985,14300000
USSR,SUN,1986,13800000
USSR,SUN,1987,16092000
USSR,SUN,1988,16877008
USSR,SUN,1989,18288000
USSR,SUN,1990,22178608
USSR,SUN,1991,14704000
Ukraine,UKR,1992,1157531
Ukraine,UKR,1993,1180000
Ukraine,UKR,1994,941590
Ukraine,UKR,1995,1207900
Ukraine,UKR,1996,1093610
Ukraine,UKR,1997,1348120
Ukraine,UKR,1998,1139630
Ukraine,UKR,1999,918930
Ukraine,UKR,2000,968300
Ukraine,UKR,2001,1822500
Ukraine,UKR,2002,1511200
Ukraine,UKR,2003,624000
Ukraine,UKR,2004,1592500
Ukraine,UKR,2005,1054200
Ukraine,UKR,2006,583600
Ukraine,UKR,2007,562500
Ukraine,UKR,2008,1050800
Ukraine,UKR,2009,953500
Ukraine,UKR,2010,464900
Ukraine,UKR,2011,578900
Ukraine,UKR,2012,676800
Ukraine,UKR,2013,637730
Ukraine,UKR,2014,478000
Ukraine,UKR,2015,391070
Ukraine,UKR,2016,391560
Ukraine,UKR,2017,507850
Ukraine,UKR,2018,393780
Ukraine,UKR,2019,334680
Ukraine,UKR,2020,456780
Ukraine,UKR,2021,593150
Ukraine,UKR,2022,314030
Ukraine,UKR,2023,221180
United Kingdom,GBR,1961,18289
United Kingdom,GBR,1962,17178
United Kingdom,GBR,1963,22353
United Kingdom,GBR,1964,25401
United Kingdom,GBR,1965,21337
United Kingdom,GBR,1966,11177
United Kingdom,GBR,1967,12193
United Kingdom,GBR,1968,11177
United Kingdom,GBR,1969,11177
United Kingdom,GBR,1970,13209
United Kingdom,GBR,1971,18289
United Kingdom,GBR,1972,19305
United Kingdom,GBR,1973,16000
United Kingdom,GBR,1974,14000
United Kingdom,GBR,1975,19000
United Kingdom,GBR,1976,20000
United Kingdom,GBR,1977,35404
United Kingdom,GBR,1978,30000
United Kingdom,GBR,1979,25000
United Kingdom,GBR,1980,24000
United Kingdom,GBR,1981,25000
United Kingdom,GBR,1982,25000
United Kingdom,GBR,1983,24000
United Kingdom,GBR,1984,28000
United Kingdom,GBR,1985,35000
United Kingdom,GBR,1986,32000
United Kingdom,GBR,1987,32000
United Kingdom,GBR,1988,34000
United Kingdom,GBR,1989,36000
United Kingdom,GBR,1990,40000
United Kingdom,GBR,1991,49000
United Kingdom,GBR,1992,37112
United Kingdom,GBR,1993,29907
United Kingdom,GBR,1994,43000
United Kingdom,GBR,1995,43000
United Kingdom,GBR,1996,51000
United Kingdom,GBR,1997,53000
United Kingdom,GBR,1998,47000
United Kingdom,GBR,1999,43000
United Kingdom,GBR,2000,44000
United Kingdom,GBR,2001,23000
United Kingdom,GBR,2002,29000
United Kingdom,GBR,2003,25200
United Kingdom,GBR,2004,32500
United Kingdom,GBR,2005,39500
United Kingdom,GBR,2006,42700
United Kingdom,GBR,2007,34200
United Kingdom,GBR,2008,31542
United Kingdom,GBR,2009,36000
United Kingdom,GBR,2010,38000
United Kingdom,GBR,2011,37000
United Kingdom,GBR,2012,33000
United Kingdom,GBR,2013,35000
United Kingdom,GBR,2014,55899
United Kingdom,GBR,2015,56534
United Kingdom,GBR,2016,48563
United Kingdom,GBR,2017,50890
United Kingdom,GBR,2018,95366
United Kingdom,GBR,2019,74850
United Kingdom,GBR,2020,72450
United Kingdom,GBR,2021,194009
United Kingdom,GBR,2022,242207
United Kingdom,GBR,2023,183543
United States,USA,1961,694000
United States,USA,1962,1034000
United States,USA,1963,741000
United States,USA,1964,825000
United States,USA,1965,846031
United States,USA,1966,705919
United States,USA,1967,608329
United States,USA,1968,583486
United States,USA,1969,767212
United States,USA,1970,935773
United States,USA,1971,1250313
United States,USA,1972,717731
United States,USA,1973,626820
United States,USA,1974,444670
United States,USA,1975,404486
United States,USA,1976,378246
United States,USA,1977,420209
United States,USA,1978,611280
United States,USA,1979,555950
United States,USA,1980,405350
United States,USA,1981,461970
United States,USA,1982,495300
United States,USA,1983,686000
United States,USA,1984,823000
United States,USA,1985,518200
United States,USA,1986,485200
United States,USA,1987,495980
United States,USA,1988,373100
United States,USA,1989,346650
United States,USA,1990,258500
United States,USA,1991,247250
United States,USA,1992,290590
United States,USA,1993,262650
United States,USA,1994,288070
United States,USA,1995,255640
United States,USA,1996,226980
United States,USA,1997,206560
United States,USA,1998,308900
United States,USA,1999,280380
United States,USA,2000,213010
United States,USA,2001,175170
United States,USA,2002,164800
United States,USA,2003,219310
United States,USA,2004,209690
United States,USA,2005,191450
United States,USA,2006,182710
United States,USA,2007,160310
United States,USA,2008,211210
United States,USA,2009,172500
United States,USA,2010,190000
United States,USA,2011,153700
United States,USA,2012,166170
United States,USA,2013,193710
United States,USA,2014,182610
United States,USA,2015,292010
United States,USA,2016,290379
United States,USA,2017,260410
United States,USA,2018,214180
United States,USA,2019,269810
United States,USA,2020,292930
United States,USA,2021,249130
United States,USA,2022,316320
United States,USA,2023,263540
Uzbekistan,UZB,1992,8070
Uzbekistan,UZB,1993,7700
Uzbekistan,UZB,1994,11400
Uzbekistan,UZB,1995,11800
Uzbekistan,UZB,1996,8000
Uzbekistan,UZB,1997,5000
Uzbekistan,UZB,1998,2000
Uzbekistan,UZB,1999,5000
Uzbekistan,UZB,2000,4000
Uzbekistan,UZB,2001,5000
Uzbekistan,UZB,2002,4300
Uzbekistan,UZB,2003,2000
Uzbekistan,UZB,2004,2500
Uzbekistan,UZB,2005,3240
Uzbekistan,UZB,2006,5300
Uzbekistan,UZB,2007,7000
Uzbekistan,UZB,2008,11000
Uzbekistan,UZB,2009,13500
Uzbekistan,UZB,2010,12500
Uzbekistan,UZB,2011,5500
Uzbekistan,UZB,2012,6000
Uzbekistan,UZB,2013,7000
Uzbekistan,UZB,2014,7300
Uzbekistan,UZB,2015,7000
Uzbekistan,UZB,2016,7100
Uzbekistan,UZB,2017,4964.71
Uzbekistan,UZB,2018,2569.77
Uzbekistan,UZB,2019,800
Uzbekistan,UZB,2020,5200
Uzbekistan,UZB,2021,3775
Uzbekistan,UZB,2022,1394
Uzbekistan,UZB,2023,5058.86
Yugoslavia,YUG,1961,191000
Yugoslavia,YUG,1962,169000
Yugoslavia,YUG,1963,156000
Yugoslavia,YUG,1964,175000
Yugoslavia,YUG,1965,156000
Yugoslavia,YUG,1966,176000
Yugoslavia,YUG,1967,171000
Yugoslavia,YUG,1968,138000
Yugoslavia,YUG,1969,135290
Yugoslavia,YUG,1970,127000
Yugoslavia,YUG,1971,133900
Yugoslavia,YUG,1972,120000
Yugoslavia,YUG,1973,118000
Yugoslavia,YUG,1974,120000
Yugoslavia,YUG,1975,98300
Yugoslavia,YUG,1976,105400
Yugoslavia,YUG,1977,87000
Yugoslavia,YUG,1978,81373
Yugoslavia,YUG,1979,81000
Yugoslavia,YUG,1980,79000
Yugoslavia,YUG,1981,75000
Yugoslavia,YUG,1982,84000
Yugoslavia,YUG,1983,83000
Yugoslavia,YUG,1984,80779
Yugoslavia,YUG,1985,77299
Yugoslavia,YUG,1986,74405
Yugoslavia,YUG,1987,69000
Yugoslavia,YUG,1988,76080
Yugoslavia,YUG,1989,75079
Yugoslavia,YUG,1990,71601
Yugoslavia,YUG,1991,70533
